dor_code,municipality,fiscal_year,levy_limit_no_excl,max_levy_limit,total_levy,excess_levy_capacity,excess_pct,levy_ceiling,override_capacity
001,Abington,2007,19672640,21917133,21897081,20052,0.09,50687688,31015048
002,Acton,2007,54361441,57730000,57719341,10659,0.02,98699283,44337842
003,Acushnet,2007,11063158,11517242,11512938,4304,0.04,30965308,19902150
004,Adams,2007,7459182,7509166,7349753,159413,2.12,11296764,3837582
005,Agawam,2007,43893713,43893713,40874311,3019402,6.88,68527267,24633554
006,Alford,2007,1071532,1155895,971715,184180,15.93,4858575,3787043
007,Amesbury,2007,29020447,29363403,28359797,1003606,3.42,52717465,23697018
008,Amherst,2007,31713076,32095293,32080051,15242,0.05,51148041,19434965
009,Andover,2007,87189479,90300269,90261283,38986,0.04,179775882,92586403
010,Arlington,2007,69465927,76814991,76778351,36640,0.05,175293038,105827111
011,Ashburnham,2007,7572573,8585441,8583184,2257,0.03,16506123,8933550
012,Ashby,2007,3674440,4098242,4095036,3206,0.08,8750078,5075638
013,Ashfield,2007,2453037,2574712,2565106,9606,0.37,5523485,3070448
014,Ashland,2007,27248311,30230037,30229151,886,0,59978475,32730164
015,Athol,2007,7972803,8652214,8650110,2104,0.02,21411164,13438361
016,Attleboro,2007,46778527,46778527,46753756,24771,0.05,110876185,64097658
017,Auburn,2007,26614320,28136945,28040719,96226,0.34,53066865,26452545
018,Avon,2007,11161731,12817467,12808909,8558,0.07,21774519,10612788
019,Ayer,2007,12569511,14108205,13906992,201213,1.43,23951340,11381829
020,Barnstable,2007,80071776,83332641,83218734,113907,0.14,373643628,293571852
021,Barre,2007,4771733,5105346,4887623,217723,4.26,11863162,7091429
022,Becket,2007,3663032,3842970,3834449,8521,0.22,11549545,7886513
023,Bedford,2007,39559701,41641585,40415310,1226275,2.94,69980340,30420639
024,Belchertown,2007,16719459,17701913,17619965,81948,0.46,33295474,16576015
025,Bellingham,2007,25255359,26324060,26307666,16394,0.06,63623326,38367967
026,Belmont,2007,54478479,57529797,57481936,47861,0.08,139383937,84905458
027,Berkley,2007,5328146,6816388,6809729,6659,0.1,22138261,16810115
028,Berlin,2007,6087305,6543703,6395849,147854,2.26,14589072,8501767
029,Bernardston,2007,2667966,2959272,2957730,1542,0.05,5354326,2686360
030,Beverly,2007,65319581,65319581,65286739,32842,0.05,145341992,80022411
031,Billerica,2007,78390126,78390126,78351271,38855,0.05,141825632,63435506
032,Blackstone,2007,12008135,12008135,11998827,9308,0.08,27545518,15537383
033,Blandford,2007,1503379,1548748,1545235,3513,0.23,3707377,2203998
034,Bolton,2007,12682941,13894714,13885835,8879,0.06,24690318,12007377
035,Boston,2007,1271017029,1271017029,1270259839,757190,0.06,2162902644,891885615
036,Bourne,2007,29909275,30733129,30704807,28322,0.09,119567007,89657732
037,Boxborough,2007,13384972,14261017,14259681,1336,0.01,25702381,12317409
038,Boxford,2007,18403004,20267103,19661036,606067,2.99,46991005,28588001
039,Boylston,2007,7509157,8074301,8070483,3818,0.05,17902580,10393423
040,Braintree,2007,58173874,58173874,58111612,62262,0.11,140128120,81954246
041,Brewster,2007,20348455,21321433,21119771,201662,0.95,96525461,76177006
042,Bridgewater,2007,23655860,26591647,26580272,11375,0.04,69219459,45563599
043,Brimfield,2007,4531248,4848820,4838327,10493,0.22,10147499,5616251
044,Brockton,2007,89559914,89559914,89469998,89916,0.1,205756194,116196280
045,Brookfield,2007,3321721,3641490,3640631,859,0.02,7472560,4150839
046,Brookline,2007,128463615,130078469,130076534,1935,0,358406486,229942871
047,Buckland,2007,2540914,2710191,2706935,3256,0.12,5201644,2660730
048,Burlington,2007,68241538,68241538,64407127,3834411,5.62,112868751,44627213
049,Cambridge,2007,305445136,305445136,231787094,73658042,24.11,554178383,248733247
050,Canton,2007,42122162,45787486,45760358,27128,0.06,105223333,63101171
051,Carlisle,2007,16666844,17377086,17340977,36109,0.21,36247861,19581017
052,Carver,2007,14837326,15371409,15366838,4571,0.03,32649996,17812670
053,Charlemont,2007,1865281,2042708,2018304,24404,1.19,3108910,1243629
054,Charlton,2007,12077091,13639602,13636590,3012,0.02,39549276,27472185
055,Chatham,2007,19324824,22689782,22520143,169639,0.75,161319075,141994251
056,Chelmsford,2007,59882048,67262421,67217102,45319,0.07,134112335,74230287
057,Chelsea,2007,29954082,29954082,29948733,5349,0.02,67030385,37076303
058,Cheshire,2007,2312223,2369384,2364330,5054,0.21,7243657,4931434
059,Chester,2007,1679711,1879179,1865571,13608,0.72,2802841,1123130
060,Chesterfield,2007,1939869,2066783,1899715,167068,8.08,3597946,1658077
061,Chicopee,2007,55261363,55261363,54505996,755367,1.37,86321464,31060101
062,Chilmark,2007,5022226,5695670,5431632,264038,4.64,72615405,67593179
063,Clarksburg,2007,1273593,1293363,1092475,200888,15.53,2959032,1685439
064,Clinton,2007,14212606,15055598,14935039,120559,0.8,30884933,16672327
065,Cohasset,2007,21966683,24414026,24402315,11711,0.05,58100750,36134067
066,Colrain,2007,2072070,2247374,2200094,47280,2.1,3859813,1787743
067,Concord,2007,54523353,57216859,56065720,1151139,2.01,132731346,78207993
068,Conway,2007,3157530,3302706,3237832,64874,1.96,6132258,2974728
069,Cummington,2007,1233458,1271554,1270661,893,0.07,2952278,1718820
070,Dalton,2007,8517725,8822166,8586224,235942,2.67,15148595,6630870
071,Danvers,2007,49535839,49535839,48845341,690498,1.39,113923528,64387689
072,Dartmouth,2007,36762149,38227719,38178304,49415,0.13,140361411,103599262
073,Dedham,2007,52942325,55578087,55540364,37723,0.07,106353824,53411499
074,Deerfield,2007,6892700,7387403,7386929,474,0.01,16742813,9850113
075,Dennis,2007,25319571,28003372,27945977,57395,0.2,166345098,141025527
076,Dighton,2007,9902605,10082188,9978070,104118,1.03,24164827,14262222
077,Douglas,2007,8719758,10511606,10508146,3460,0.03,25554829,16835071
078,Dover,2007,20285297,22240273,21800546,439727,1.98,59240615,38955318
079,Dracut,2007,30302844,30935256,30917912,17344,0.06,79685341,49382497
080,Dudley,2007,6188811,7789045,7783958,5087,0.07,25239812,19051001
081,Dunstable,2007,4915811,5862524,5858833,3691,0.06,12939119,8023308
082,Duxbury,2007,35730084,37353788,37195963,157825,0.42,91706024,55975940
083,East Bridgewater,2007,17142701,17488692,17471153,17539,0.1,42078886,24936185
084,East Brookfield,2007,2157544,2186007,2117929,68078,3.11,6251265,4093721
085,East Longmeadow,2007,26922318,27700412,27698957,1455,0.01,42692598,15770280
086,Eastham,2007,13196950,14102569,13945830,156739,1.11,75628145,62431195
087,Easthampton,2007,14615287,15245102,15221629,23473,0.15,34159850,19544563
088,Easton,2007,34468374,36066695,36065634,1061,0,83330947,48862573
089,Edgartown,2007,14659365,18571607,18022858,548749,2.95,158095249,143435884
090,Egremont,2007,2881574,3093396,2550761,542635,17.54,10122066,7240492
091,Erving,2007,6295037,6295037,6219118,75919,1.21,14916730,8621693
092,Essex,2007,7889111,8309561,8192670,116891,1.41,20379775,12490664
093,Everett,2007,68553597,68553597,64613385,3940212,5.75,119174350,50620753
094,Fairhaven,2007,18641790,19243828,19042012,201816,1.05,53367369,34725579
095,Fall River,2007,59652343,59652343,58658089,994254,1.67,163966814,104314471
096,Falmouth,2007,60602262,64680861,64608550,72311,0.11,307659760,247057498
097,Fitchburg,2007,33366393,33366393,33363741,2652,0.01,67289657,33923264
098,Florida,2007,1744522,1744522,1711925,32597,1.87,3087624,1343102
099,Foxborough,2007,25618592,27192582,27166904,25678,0.09,68464980,42846388
100,Framingham,2007,135487564,135788189,135707758,80431,0.06,218535940,83048376
101,Franklin,2007,42614221,44258223,44227675,30548,0.07,124795922,82181701
102,Freetown,2007,12187612,12648056,12646357,1699,0.01,35118966,22931354
103,Gardner,2007,15928462,15928462,15915293,13169,0.08,34182331,18253869
104,Aquinnah,2007,2222640,2303902,2279721,24181,1.05,14142187,11919547
105,Georgetown,2007,10964199,11737937,11643851,94086,0.8,32165333,21201134
106,Gill,2007,1619053,1619053,1618107,946,0.06,2987643,1368590
107,Gloucester,2007,50655148,50817348,50780690,36658,0.07,146612970,95957822
108,Goshen,2007,1501432,1646479,1596807,49672,3.02,3109048,1607616
109,Gosnold,2007,468182,480932,479485,1447,0.3,6084835,5616653
110,Grafton,2007,21227951,22634563,22618265,16298,0.07,59272183,38044232
111,Granby,2007,7389368,7462234,7456929,5305,0.07,15280593,7891225
112,Granville,2007,2030231,2087277,1816487,270790,12.97,4280130,2249899
113,Great Barrington,2007,14093582,15135419,14208455,926964,6.12,31158892,17065310
114,Greenfield,2007,21538154,22564762,22493211,71551,0.32,32884811,11346657
115,Groton,2007,19026672,22458603,22198459,260144,1.16,40302212,21275540
116,Groveland,2007,9272180,9385265,9124271,260994,2.78,23347673,14075493
117,Hadley,2007,6751661,7573702,7569973,3729,0.05,20751023,13999362
118,Halifax,2007,10350345,11369158,11366383,2775,0.02,24122205,13771860
119,Hamilton,2007,16935899,18803806,18735982,67824,0.36,37233668,20297769
120,Hampden,2007,7153685,7740120,7727953,12167,0.16,13124921,5971236
121,Hancock,2007,1629180,1629180,1049139,580041,35.6,7806092,6176912
122,Hanover,2007,26217591,26897205,26872734,24471,0.09,62838927,36621336
123,Hanson,2007,12102093,12688152,12682776,5376,0.04,33802707,21700614
124,Hardwick,2007,2541757,2655927,2628541,27386,1.03,6584522,4042765
125,Harvard,2007,12589860,13768847,13764382,4465,0.03,29613558,17023698
126,Harwich,2007,27880113,30216887,30182403,34484,0.11,135225819,107345706
127,Hatfield,2007,4416011,4894101,4892228,1873,0.04,11737592,7321581
128,Haverhill,2007,66672189,68179621,68150689,28932,0.04,150671046,83998857
129,Hawley,2007,551404,596713,556475,40238,6.74,773312,221908
130,Heath,2007,1464430,1588586,1463693,124893,7.86,2023912,559482
131,Hingham,2007,48192954,50254813,50153374,101439,0.2,139314929,91121975
132,Hinsdale,2007,2926464,3073019,2569532,503487,16.38,5915128,2988664
133,Holbrook,2007,15024337,17173387,17131460,41927,0.24,32754785,17730448
134,Holden,2007,22533228,23626625,23612609,14016,0.06,51065330,28532102
135,Holland,2007,3647596,4001648,4000945,703,0.02,9498920,5851324
136,Holliston,2007,27336944,29372498,29356767,15731,0.05,54975219,27638275
137,Holyoke,2007,41141660,41141660,41137468,4192,0.01,54473004,13331344
138,Hopedale,2007,9461332,9461332,8876409,584923,6.18,19203328,9741996
139,Hopkinton,2007,36695997,39533621,39524694,8927,0.02,77016161,40320164
140,Hubbardston,2007,4245768,4736473,4734876,1597,0.03,12215882,7970114
141,Hudson,2007,30198693,31409930,30066629,1343301,4.28,66161593,35962900
142,Hull,2007,19681497,20517301,20508768,8533,0.04,52586585,32905088
143,Huntington,2007,2244269,2352649,2320998,31651,1.35,4876047,2631778
144,Ipswich,2007,21887100,23503973,23492585,11388,0.05,70590700,48703600
145,Kingston,2007,18961023,20762686,20759837,2849,0.01,50339082,31378059
146,Lakeville,2007,13092622,13958989,13948198,10791,0.08,40547086,27454464
147,Lancaster,2007,10525995,11677820,11604124,73696,0.63,21067763,10541768
148,Lanesborough,2007,5716605,6079317,5988974,90343,1.49,9622387,3905782
149,Lawrence,2007,40826728,40826728,39015475,1811253,4.44,89533999,48707271
150,Lee,2007,9876611,10477731,9682598,795133,7.59,19744287,9867676
151,Leicester,2007,9171217,10052240,10045552,6688,0.07,26975165,17803948
152,Lenox,2007,10893805,11254968,10819942,435026,3.87,29230691,18336886
153,Leominster,2007,47649013,47649013,42444846,5204167,10.92,97529517,49880504
154,Leverett,2007,3446392,3711109,3602048,109061,2.94,6231917,2785525
155,Lexington,2007,96012202,101139458,101074790,64668,0.06,201480865,105468663
156,Leyden,2007,1226305,1377226,1320657,56569,4.11,1900773,674468
157,Lincoln,2007,18172698,19632304,19626567,5737,0.03,49290798,31118100
158,Littleton,2007,19410261,20408781,20395990,12791,0.06,38037325,18627064
159,Longmeadow,2007,31621527,32793421,32776692,16729,0.05,52763510,21141983
160,Lowell,2007,90596150,90596150,85540662,5055488,5.58,178449622,87853472
161,Ludlow,2007,24012386,24708534,23699570,1008964,4.08,44548064,20535678
162,Lunenburg,2007,14787169,15601378,15598548,2830,0.02,32148698,17361529
163,Lynn,2007,82674448,82674448,81654910,1019538,1.23,175754336,93079888
164,Lynnfield,2007,24325391,24325391,24318913,6478,0.03,63060153,38734762
165,Malden,2007,55152208,55152208,55142028,10180,0.02,148940828,93788620
166,Manchester By The Sea,2007,14443376,15621868,15610077,11791,0.08,53532500,39089124
167,Mansfield,2007,36757768,39311929,39282246,29683,0.08,85747573,48989805
168,Marblehead,2007,40886499,45353888,45347717,6171,0.01,146094450,105207951
169,Marion,2007,12031939,13373713,13371540,2173,0.02,45113156,33081217
170,Marlborough,2007,84655918,84655918,79018938,5636980,6.66,127934312,43278394
171,Marshfield,2007,38295081,38970898,38959132,11767,0.03,119653352,81358271
172,Mashpee,2007,30330219,31621432,30057522,1563910,4.95,128670897,98340678
173,Mattapoisett,2007,14058837,15976973,15576366,400607,2.51,41514836,27455999
174,Maynard,2007,18449484,19191042,19145690,45352,0.24,34515276,16065792
175,Medfield,2007,25219354,29726216,29706074,20142,0.07,60525823,35306469
176,Medford,2007,72322126,72322126,72282673,39453,0.05,183208226,110886100
177,Medway,2007,22096910,24289654,24284548,5106,0.02,45579107,23482197
178,Melrose,2007,37194117,38085708,38081672,4036,0.01,93725317,56531200
179,Mendon,2007,7912989,8733905,8726788,7117,0.08,22941084,15028095
180,Merrimac,2007,7679802,8084860,8084506,354,0,20231495,12551693
181,Methuen,2007,55896437,55896437,52921856,2974581,5.32,124348781,68452344
182,Middleborough,2007,25251508,25594508,25587699,6809,0.03,68331246,43079738
183,Middlefield,2007,916809,959677,885384,74293,7.74,1519190,602381
184,Middleton,2007,15604247,16576174,16060781,515393,3.11,40929616,25325369
185,Milford,2007,44357077,44357077,43936972,420105,0.95,86801259,42444182
186,Millbury,2007,14966620,16452725,16246795,205930,1.25,38359388,23392768
187,Millis,2007,12596382,13422561,13414518,8043,0.06,26980125,14383743
188,Millville,2007,3151087,3433656,3433261,395,0.01,8158891,5007804
189,Milton,2007,48179861,51424539,51316862,107677,0.21,115404512,67224651
190,Monroe,2007,461666,461666,402379,59287,12.84,475114,13448
191,Monson,2007,8419265,8572056,8566634,5422,0.06,18367568,9948303
192,Montague,2007,10058097,10148783,10148258,525,0.01,17247865,7189768
193,Monterey,2007,2347715,2620473,2319996,300477,11.47,10740722,8393007
194,Montgomery,2007,1097220,1167167,1117050,50117,4.29,2403291,1306071
195,Mount Washington,2007,403322,403322,384902,18420,4.57,1875741,1472419
196,Nahant,2007,5917391,6020900,6013739,7161,0.12,21145356,15227965
197,Nantucket,2007,45989176,52091590,51919271,172319,0.33,509592795,463603619
198,Natick,2007,61821370,62852781,62839514,13267,0.02,163986206,102164836
199,Needham,2007,68055210,73934135,73927704,6431,0.01,178020335,109965125
200,New Ashford,2007,314715,314715,273493,41222,13.1,786848,472133
201,New Bedford,2007,81559821,81559821,81545624,14197,0.02,166938464,85378643
202,New Braintree,2007,1245889,1351817,1350699,1118,0.08,2825731,1579842
203,New Marlborough,2007,2818466,3094537,2888408,206129,6.66,12713064,9894598
204,New Salem,2007,1238136,1303372,1302414,958,0.07,2686497,1448361
205,Newbury,2007,10452523,11841597,11834536,7061,0.06,35949380,25496857
206,Newburyport,2007,33928653,35445933,35419226,26707,0.08,87758242,53829589
207,Newton,2007,208515690,208515690,208504128,11562,0.01,516680548,308164858
208,Norfolk,2007,17321655,18882480,18874938,7542,0.04,38837321,21515666
209,North Adams,2007,11038793,11038793,9652561,1386232,12.56,16478798,5440005
210,North Andover,2007,46116359,49801426,49783252,18174,0.04,116290828,70174469
211,North Attleborough,2007,34920004,35520062,35504686,15376,0.04,103296346,68376342
212,North Brookfield,2007,3681622,4134842,4119029,15813,0.38,11025237,7343615
213,North Reading,2007,27323992,29196293,29185800,10493,0.04,67434843,40110851
214,Northampton,2007,32846677,34416547,34413364,3183,0.01,79002213,46155536
215,Northborough,2007,29328565,31264961,30739726,525235,1.68,62025274,32696709
216,Northbridge,2007,13277454,13989017,13977507,11510,0.08,40917761,27640307
217,Northfield,2007,4350979,4712145,4697269,14876,0.32,9103235,4752256
218,Norton,2007,22363881,22363881,22349711,14170,0.06,57483825,35119944
219,Norwell,2007,25372833,26759375,26751296,8079,0.03,62561497,37188664
220,Norwood,2007,43980221,44209662,43986647,223015,0.5,109618570,65638349
221,Oak Bluffs,2007,13945546,15756260,15744086,12174,0.08,70411832,56466286
222,Oakham,2007,1821935,1917392,1792380,125012,6.52,5334465,3512530
223,Orange,2007,6588020,6570917,6529534,41383,0.63,11544438,4956418
224,Orleans,2007,15018685,16434984,16427499,7485,0.05,96179734,81161049
225,Otis,2007,3129615,3252560,3236970,15590,0.48,13398054,10268439
226,Oxford,2007,13914768,14379546,14353259,26287,0.18,33852025,19937257
227,Palmer,2007,12397449,13135899,13135798,101,0,24992005,12594556
228,Paxton,2007,6232554,6611255,6609301,1954,0.03,14468697,8236143
229,Peabody,2007,76365913,76365913,71609441,4756472,6.23,188735594,112369681
230,Pelham,2007,2561360,2858548,2834250,24298,0.85,3859273,1297913
231,Pembroke,2007,24403824,27342719,27328987,13732,0.05,65631574,41227750
232,Pepperell,2007,12118400,12865913,12863591,2322,0.02,31840573,19722173
233,Peru,2007,1280724,1361243,1170134,191109,14.04,1728921,448197
234,Petersham,2007,1638136,1682673,1682180,493,0.03,4118952,2480816
235,Phillipston,2007,1672561,1822062,1813213,8849,0.49,5390052,3717491
236,Pittsfield,2007,58209382,58209382,53467951,4741431,8.15,77919850,19710468
237,Plainfield,2007,1024270,1038219,979475,58744,5.66,2010417,986147
238,Plainville,2007,11208828,12576648,12566071,10577,0.08,29305204,18096376
239,Plymouth,2007,104782419,105139853,96642600,8497253,8.08,248822349,144039930
240,Plympton,2007,4660317,5006821,4911586,95235,1.9,10173128,5512811
241,Princeton,2007,6130823,6372944,6097372,275572,4.32,12940094,6809271
242,Provincetown,2007,12814291,12891165,12883536,7629,0.06,64937177,52122886
243,Quincy,2007,155055727,155055727,146359623,8696104,5.61,298773339,143717612
244,Randolph,2007,35419451,36130924,36106902,24022,0.07,88490172,53070721
245,Raynham,2007,18509347,21495851,21313277,182574,0.85,53578999,35069652
246,Reading,2007,43050854,45719635,45686874,32761,0.07,94628986,51578132
247,Rehoboth,2007,13841246,14460168,14449487,10681,0.07,47973063,34131817
248,Revere,2007,54733087,54733087,53984736,748351,1.37,119549889,64816802
249,Richmond,2007,3362353,3457650,3386908,70742,2.05,10883380,7521027
250,Rochester,2007,7287775,7950308,7861514,88794,1.12,21935028,14647253
251,Rockland,2007,18994418,19776392,19775697,695,0,50551372,31556954
252,Rockport,2007,14233523,15748932,15746708,2224,0.01,48902819,34669296
253,Rowe,2007,2523128,2523128,2522698,430,0.02,7770030,5246902
254,Rowley,2007,8613983,9136008,9116781,19227,0.21,23304655,14690672
255,Royalston,2007,1093352,1225209,1223936,1273,0.1,3529228,2435876
256,Russell,2007,2174768,2174768,1897225,277543,12.76,3340185,1165417
257,Rutland,2007,7669167,8533476,8527572,5904,0.07,19813133,12143966
258,Salem,2007,61792926,61792926,61785514,7412,0.01,124458002,62665076
259,Salisbury,2007,12015870,12669275,12622252,47023,0.37,38576564,26560694
260,Sandisfield,2007,1888526,1946276,1787960,158316,8.13,5643814,3755288
261,Sandwich,2007,38811288,42070370,42043745,26625,0.06,113020820,74209532
262,Saugus,2007,40587136,42722709,42691199,31510,0.07,106000517,65413381
263,Savoy,2007,732647,750464,739071,11393,1.52,1715579,982932
264,Scituate,2007,33546920,35043794,35041529,2265,0.01,105419764,71872844
265,Seekonk,2007,24251721,25879984,25872238,7746,0.03,57498409,33246688
266,Sharon,2007,40089791,42466686,42463818,2868,0.01,74971430,34881639
267,Sheffield,2007,6282917,6518359,6401494,116865,1.79,13952691,7669774
268,Shelburne,2007,2529106,2656546,2552765,103781,3.91,5304998,2775892
269,Sherborn,2007,16009983,17855360,17854591,769,0,29977487,13967504
270,Shirley,2007,6287420,6730609,6722567,8042,0.12,17415977,11128557
271,Shrewsbury,2007,41119263,44686208,44644721,41487,0.09,128881988,87762725
272,Shutesbury,2007,3318259,3447332,3447029,303,0.01,4838615,1520356
273,Somerset,2007,39894067,39894067,37323842,2570225,6.44,71751137,31857070
274,Somerville,2007,84009244,84009244,83200538,808706,0.96,218801893,134792649
275,South Hadley,2007,17479543,18257725,18255543,2182,0.01,38513804,21034261
276,Southampton,2007,6420216,7074102,7072074,2028,0.03,15046965,8626749
277,Southborough,2007,25529290,28903471,28445792,457679,1.58,56529793,31000503
278,Southbridge,2007,13636664,13574309,12920754,653555,4.81,28815240,15178576
279,Southwick,2007,11925871,11925871,11916778,9093,0.08,25162116,13236245
280,Spencer,2007,8278508,8850935,8849034,1901,0.02,28619127,20340619
281,Springfield,2007,145550715,145550715,145527361,23354,0.02,185841263,40290548
282,Sterling,2007,12542419,13816549,12999392,817157,5.91,28234996,15692577
283,Stockbridge,2007,5654983,6195047,5566437,628610,10.15,20315464,14660481
284,Stoneham,2007,32331895,34281199,34256386,24813,0.07,81383300,49051405
285,Stoughton,2007,40778298,40778298,40765434,12864,0.03,89492799,48714501
286,Stow,2007,15837129,17013524,16834381,179143,1.05,30452932,14615803
287,Sturbridge,2007,15159451,15730323,15559618,170705,1.09,32221834,17062383
288,Sudbury,2007,52034559,57260286,57246758,13528,0.02,105788283,53753724
289,Sunderland,2007,3440329,4274552,4252755,21797,0.51,8622780,5182451
290,Sutton,2007,10964009,12777658,12776399,1259,0.01,32793631,21829622
291,Swampscott,2007,32133111,35418169,35394941,23228,0.07,65236473,33103362
292,Swansea,2007,20304045,20336985,20294063,42922,0.21,56309461,36005416
293,Taunton,2007,56320870,56320870,56300512,20358,0.04,150185927,93865057
294,Templeton,2007,4840929,6147372,6145457,1915,0.03,17990213,13149284
295,Tewksbury,2007,45376984,47538100,47534975,3125,0.01,105767020,60390036
296,Tisbury,2007,14794932,15667873,15063287,604586,3.86,66514807,51719875
297,Tolland,2007,823018,831734,829933,1801,0.22,4471622,3648604
298,Topsfield,2007,14184855,15125848,14791032,334816,2.21,31959879,17775024
299,Townsend,2007,10480067,11402348,11399285,3063,0.03,22853417,12373350
300,Truro,2007,8882831,9678243,9311473,366770,3.79,56093208,47210377
301,Tyngsborough,2007,16778240,17290497,17275381,15117,0.09,38561117,21782877
302,Tyringham,2007,992919,992919,951196,41723,4.2,3669738,2676819
303,Upton,2007,10382510,12016424,11525544,490880,4.09,26459008,16076498
304,Uxbridge,2007,16663895,17093866,17086891,6975,0.04,41594185,24930290
305,Wakefield,2007,42456188,42456188,42448352,7836,0.02,96905894,54449706
306,Wales,2007,2118097,2148397,2147536,861,0.04,4061150,1943053
307,Walpole,2007,41565429,43586520,43575555,10965,0.03,98056383,56490954
308,Waltham,2007,126071262,126071262,115760050,10311212,8.18,226081328,100010066
309,Ware,2007,9743879,10048430,10043511,4919,0.05,18808073,9064194
310,Wareham,2007,25839697,26189697,26189477,220,0,96143455,70303758
311,Warren,2007,4887054,5644200,4924021,720179,12.76,9793200,4906146
312,Warwick,2007,1147763,1390142,1280738,109404,7.87,2107863,960100
313,Washington,2007,701093,786286,705258,81028,10.31,1481635,780542
314,Watertown,2007,61686155,62257075,62224126,32949,0.05,142153422,80467267
315,Wayland,2007,44218599,46110075,46081060,29015,0.06,83359370,39140771
316,Webster,2007,14181495,15325684,15320794,4890,0.03,41893263,27711768
317,Wellesley,2007,75522011,79316412,79314896,1516,0,223548185,148026174
318,Wellfleet,2007,10234581,11285455,11267935,17520,0.16,62599639,52365058
319,Wendell,2007,1456808,1579293,1361932,217361,13.76,1898957,442149
320,Wenham,2007,9014482,9686667,9599592,87075,0.9,20564678,11550196
321,West Boylston,2007,10444937,11047375,11039444,7931,0.07,21955935,11510998
322,West Bridgewater,2007,13924669,14039918,14038688,1230,0.01,27599618,13674949
323,West Brookfield,2007,3585050,4088216,4084411,3805,0.09,10170345,6585295
324,West Newbury,2007,8532101,8879944,8841631,38313,0.43,20485708,11953607
325,West Springfield,2007,48283120,48283120,48023367,259753,0.54,61333858,13050738
326,West Stockbridge,2007,3886938,4152673,3564518,588156,14.16,10126470,6239532
327,West Tisbury,2007,10188633,11165054,10840645,324409,2.91,61875826,51687193
328,Westborough,2007,48563757,51747830,50807384,940446,1.82,92985695,44421938
329,Westfield,2007,47991503,47991503,47765636,225867,0.47,79121513,31130010
330,Westford,2007,44960010,51019765,51017245,2520,0,97364077,52404067
331,Westhampton,2007,2584209,3008753,2955699,53054,1.76,5763843,3179634
332,Westminster,2007,11224917,12482101,11807765,674336,5.4,25165739,13940822
333,Weston,2007,46314144,52790785,51442333,1348452,2.55,125346815,79032671
334,Westport,2007,16919571,17337298,17326899,10400,0.06,82509041,65589470
335,Westwood,2007,41938658,44158076,43967446,190630,0.43,91553354,49614696
336,Weymouth,2007,67537318,67537318,67526635,10683,0.02,165239639,97702321
337,Whately,2007,2796146,3092047,3029321,62726,2.03,4946638,2150492
338,Whitman,2007,15143680,16618163,15985882,632281,3.8,37211085,22067405
339,Wilbraham,2007,24194214,24495193,24489331,5862,0.02,42106828,17912614
340,Williamsburg,2007,3757015,3996455,3988963,7492,0.19,7671082,3914067
341,Williamstown,2007,11486574,12003998,11742289,261709,2.18,25571188,14084614
342,Wilmington,2007,45815117,47480603,47446196,34407,0.07,93330375,47515258
343,Winchendon,2007,7600733,8654105,8639829,14276,0.16,19250955,11650222
344,Winchester,2007,50058088,54657196,54617338,39858,0.07,132623015,82564927
345,Windsor,2007,1106288,1207532,1205228,2304,0.19,2335712,1229424
346,Winthrop,2007,17612383,18559727,18546884,12843,0.07,52570533,34958150
347,Woburn,2007,71952251,74789806,72346769,2443037,3.27,144125668,72173417
348,Worcester,2007,193758584,193758584,181765988,11992596,6.19,314076280,120317696
349,Worthington,2007,1873392,1945521,1889072,56449,2.9,3912743,2039351
350,Wrentham,2007,19826174,21159921,20979971,179950,0.85,47487982,27661808
351,Yarmouth,2007,37034669,40306251,40290462,15789,0.04,171012148,133977479
001,Abington,2008,20595123,22285200,22277785,7415,0.03,49995030,29399907
002,Acton,2008,56521428,59854389,59272679,581710,0.97,96284403,39762975
003,Acushnet,2008,11590425,11799807,11796571,3236,0.03,31404841,19814416
004,Adams,2008,7736105,7736105,7515089,221016,2.86,11811544,4075439
005,Agawam,2008,45764442,45764442,42083042,3681400,8.04,71392466,25628024
006,Alford,2008,1118956,1185568,1013587,171981,14.51,6180406,5061450
007,Amesbury,2008,30426776,30778819,30606984,171835,0.56,51148971,20722195
008,Amherst,2008,33066697,33407122,33395158,11964,0.04,52114792,19048095
009,Andover,2008,91201846,94111774,94077719,34055,0.04,179493827,88291981
010,Arlington,2008,71842588,78871724,78813376,58348,0.07,172081607,100239019
011,Ashburnham,2008,7952910,8661630,8657731,3899,0.05,16739618,8786708
012,Ashby,2008,3999888,4042787,4039959,2828,0.07,8759669,4759781
013,Ashfield,2008,2563621,2826550,2820344,6206,0.22,5649727,3086106
014,Ashland,2008,28580812,31120841,31101419,19422,0.06,60180764,31599952
015,Athol,2008,8301834,8957242,8898047,59195,0.66,21328012,13026178
016,Attleboro,2008,48707593,48707593,48696421,11172,0.02,117459441,68751848
017,Auburn,2008,27893466,29429842,29329109,100733,0.34,53071944,25178478
018,Avon,2008,11804718,13515372,13510572,4800,0.04,22463992,10659274
019,Ayer,2008,13317066,14813933,14645038,168895,1.14,25170752,11853686
020,Barnstable,2008,83305745,86176771,86040891,135880,0.16,370867669,287561924
021,Barre,2008,4994836,5187825,5181423,6402,0.12,12431436,7436600
022,Becket,2008,3899403,4062358,4061532,826,0.02,12520135,8620732
023,Bedford,2008,41505262,44085727,42655834,1429893,3.24,72332467,30827205
024,Belchertown,2008,17679149,18692681,18681620,11061,0.06,34750037,17070888
025,Bellingham,2008,26203421,27255729,27011207,244522,0.9,60254259,34050838
026,Belmont,2008,56711513,59989619,59947138,42481,0.07,132979454,76267941
027,Berkley,2008,5572605,6584801,6579471,5330,0.08,21786328,16213723
028,Berlin,2008,6420053,6850401,6678867,171534,2.5,14908185,8488132
029,Bernardston,2008,2795105,3274196,3240144,34053,1.04,5447450,2652345
030,Beverly,2008,67871885,67871885,67855111,16775,0.02,147850993,79979108
031,Billerica,2008,82056815,82056815,82010086,46729,0.06,144966827,62910012
032,Blackstone,2008,12459840,12459840,12370598,89242,0.72,27128504,14668664
033,Blandford,2008,1582107,1727230,1721024,6206,0.36,4036172,2454065
034,Bolton,2008,13207150,14596304,14588720,7584,0.05,24233754,11026604
035,Boston,2008,1334308979,1334308979,1334278371,30608,0,2251682421,917373442
036,Bourne,2008,31086630,31938307,31901751,36556,0.11,121948591,90861961
037,Boxborough,2008,13925438,14879200,14878046,1154,0.01,26304891,12379453
038,Boxford,2008,19487191,21062837,20697569,365268,1.73,47254723,27767532
039,Boylston,2008,7813727,8351051,8340386,10665,0.13,18226369,10412642
040,Braintree,2008,60537745,60537745,60537365,380,0,140086587,79548842
041,Brewster,2008,21012287,21650164,21417406,232758,1.08,96474803,75462516
042,Bridgewater,2008,24676963,28002439,27987324,15115,0.05,67602232,42925269
043,Brimfield,2008,4813821,5082861,5078425,4436,0.09,10723027,5909206
044,Brockton,2008,92776521,92776521,92772286,4235,0,203918989,111142468
045,Brookfield,2008,3546400,3928117,3925242,2875,0.07,7666489,4120089
046,Brookline,2008,134259885,135828832,135811900,16932,0.01,355787435,221527550
047,Buckland,2008,2647139,2815967,2802966,13001,0.46,5260822,2613683
048,Burlington,2008,72957348,72957348,69516018,3441330,4.72,115301632,42344284
049,Cambridge,2008,330587302,330587302,242334374,88252928,26.7,588529889,257942587
050,Canton,2008,44129660,46983214,46968564,14650,0.03,103253742,59124082
051,Carlisle,2008,17576789,18888299,18816733,71566,0.38,36579963,19003174
052,Carver,2008,15546927,15546927,15545875,1052,0.01,32217062,16670135
053,Charlemont,2008,1935526,2063025,1904044,158981,7.71,3244792,1309266
054,Charlton,2008,12791506,14349395,14346717,2678,0.02,41273640,28482134
055,Chatham,2008,20069171,23520832,23368913,151919,0.65,159188779,139119608
056,Chelmsford,2008,62458272,70855088,70850824,4264,0.01,131205230,68746958
057,Chelsea,2008,31513649,31513649,31494201,19449,0.06,66380814,34867165
058,Cheshire,2008,2403122,2403122,2400577,2545,0.11,7256882,4853760
059,Chester,2008,1789130,2001161,2000460,701,0.04,3043913,1254783
060,Chesterfield,2008,2042402,2144142,1976503,167639,7.82,3671068,1628666
061,Chicopee,2008,57709275,57709275,55691164,2018111,3.5,93672085,35962810
062,Chilmark,2008,5191070,5834129,5724655,109474,1.88,73018561,67827491
063,Clarksburg,2008,1314904,1334674,1146084,188590,14.13,2978388,1663484
064,Clinton,2008,14940654,15723620,15697893,25727,0.16,31491791,16551137
065,Cohasset,2008,23023061,25479341,25473074,6267,0.02,60078005,37054944
066,Colrain,2008,2179281,2371359,2273617,97742,4.12,4028378,1849097
067,Concord,2008,57254951,60281940,58946453,1335487,2.22,137468408,80213457
068,Conway,2008,3291241,3424656,3147098,277558,8.1,6556455,3265214
069,Cummington,2008,1291562,1332669,1324695,7974,0.6,3282197,1990635
070,Dalton,2008,8842288,9132471,9069694,62777,0.69,15361947,6519659
071,Danvers,2008,51438031,51438031,51331368,106663,0.21,109089765,57651734
072,Dartmouth,2008,38393553,40197649,40195781,1868,0,144928785,106535232
073,Dedham,2008,55630801,58694553,58676810,17743,0.03,101946057,46315256
074,Deerfield,2008,7236496,7706276,7612521,93755,1.22,17254127,10017631
075,Dennis,2008,26554351,29217131,29164946,52185,0.18,167614633,141060282
076,Dighton,2008,10398863,10579930,10576813,3117,0.03,23628722,13229859
077,Douglas,2008,9116178,10354353,10348511,5842,0.06,25589789,16473611
078,Dover,2008,21152707,23594193,22896566,697627,2.96,58709144,37556437
079,Dracut,2008,31519774,32568911,32556293,12618,0.04,77147614,45627840
080,Dudley,2008,6473497,8048082,8032595,15487,0.19,26388288,19914791
081,Dunstable,2008,5204975,6231005,6229295,1710,0.03,13379069,8174094
082,Duxbury,2008,37212673,38773983,38742217,31766,0.08,91287035,54074362
083,East Bridgewater,2008,18067928,18350895,18335097,15798,0.09,42560578,24492650
084,East Brookfield,2008,2252311,2651842,2630453,21389,0.81,6221506,3969195
085,East Longmeadow,2008,28146702,29141000,29126646,14354,0.05,45340358,17193656
086,Eastham,2008,13630504,15276461,15248325,28136,0.18,75040968,61410464
087,Easthampton,2008,15269800,15877820,15870379,7441,0.05,34651483,19381683
088,Easton,2008,35951413,37674741,37650812,23929,0.06,81920827,45969414
089,Edgartown,2008,15597987,19231833,19135444,96389,0.5,175233003,159635016
090,Egremont,2008,2992898,3172304,2797203,375101,11.82,12015478,9022580
091,Erving,2008,6467934,6467934,6374353,93581,1.45,15030846,8562912
092,Essex,2008,8214930,8721873,8721650,223,0,20282907,12067977
093,Everett,2008,72049304,72049304,68011822,4037482,5.6,120896278,48846974
094,Fairhaven,2008,19314815,20101961,20084289,17672,0.09,56081806,36766991
095,Fall River,2008,62622338,62622338,62593847,28491,0.05,167917309,105294971
096,Falmouth,2008,63174597,69252175,69232493,19682,0.03,306338466,243163869
097,Fitchburg,2008,35041414,35041414,35018492,22922,0.07,69364035,34322621
098,Florida,2008,1802022,1802022,1782064,19958,1.11,3229775,1427753
099,Foxborough,2008,26708080,28561124,28554071,7054,0.02,67028335,40320255
100,Framingham,2008,141042407,141340231,141278352,61879,0.04,220034818,78992411
101,Franklin,2008,47092923,48655391,48612792,42599,0.09,118799590,71706667
102,Freetown,2008,12710634,13226097,13221602,4495,0.03,34051149,21340515
103,Gardner,2008,16595697,16595697,16585405,10292,0.06,34239069,17643372
104,Aquinnah,2008,2295131,2383204,2380979,2225,0.09,18315222,16020091
105,Georgetown,2008,11461304,12177500,12168087,9413,0.08,32709910,21248606
106,Gill,2008,1782925,1801184,1800858,326,0.02,3932005,2149080
107,Gloucester,2008,52683821,52841571,52791962,49609,0.09,144168607,91484786
108,Goshen,2008,1550762,1680466,1643872,36594,2.18,3096970,1546208
109,Gosnold,2008,480676,494416,478020,16396,3.32,6947961,6467285
110,Grafton,2008,22414602,23855837,23659699,196138,0.82,58854972,36440370
111,Granby,2008,7692883,7764397,7759347,5050,0.07,15432273,7739390
112,Granville,2008,2127414,2163667,2160989,2678,0.12,4823636,2696222
113,Great Barrington,2008,14754195,16554365,15240925,1313440,7.93,33778645,19024450
114,Greenfield,2008,22460929,23419080,23383520,35560,0.15,34631990,12171061
115,Groton,2008,19822147,23107863,23068089,39774,0.17,41579108,21756961
116,Groveland,2008,9644110,9754501,9611986,142515,1.46,23721585,14077475
117,Hadley,2008,7079854,7976949,7973535,3414,0.04,22549591,15469737
118,Halifax,2008,10794796,11917369,11909647,7722,0.06,22956143,12161347
119,Hamilton,2008,18001835,19807855,19807450,405,0,36981797,18979962
120,Hampden,2008,7487278,8056831,8051670,5161,0.06,14965929,7478651
121,Hancock,2008,1683080,1683080,932709,750371,44.58,7877607,6194527
122,Hanover,2008,27354249,28011748,28000206,11542,0.04,65542604,38188355
123,Hanson,2008,12670777,12972531,12969671,2860,0.02,32917948,20247171
124,Hardwick,2008,2687161,2724568,2711615,12953,0.48,6889266,4202105
125,Harvard,2008,13846721,15128685,15121621,7064,0.05,29813922,15967201
126,Harwich,2008,28931431,31663575,31624817,38758,0.12,130681061,101749630
127,Hatfield,2008,4640773,4995773,4995076,697,0.01,11972857,7332084
128,Haverhill,2008,70802205,72290194,72235508,54686,0.08,157019971,86217766
129,Hawley,2008,571615,595936,575828,20108,3.37,975979,404364
130,Heath,2008,1537530,1649092,1510933,138159,8.38,2324512,786982
131,Hingham,2008,50811364,52756237,52673250,82987,0.16,143133831,92322467
132,Hinsdale,2008,3074070,3218685,2798808,419877,13.04,6326419,3252349
133,Holbrook,2008,15562801,17722501,17641154,81347,0.46,31546865,15984064
134,Holden,2008,23636656,25493573,25490424,3149,0.01,50496085,26859429
135,Holland,2008,3813880,4148731,4148111,620,0.01,9169123,5355243
136,Holliston,2008,28376967,30803765,30787781,15984,0.05,53009265,24632298
137,Holyoke,2008,42711587,42711587,42688434,23153,0.05,54959178,12247591
138,Hopedale,2008,9825562,9825562,9499457,326105,3.32,19036866,9211304
139,Hopkinton,2008,38330801,41650631,41644896,5735,0.01,73577555,35246754
140,Hubbardston,2008,4568750,4869918,4866830,3088,0.06,12902519,8333769
141,Hudson,2008,31554566,32486922,31572520,914402,2.81,64474338,32919772
142,Hull,2008,20491268,21037947,21025455,12492,0.06,53472672,32981404
143,Huntington,2008,2341763,2566210,2564661,1549,0.06,4916912,2575149
144,Ipswich,2008,22792850,24891118,24867182,23936,0.1,67354230,44561380
145,Kingston,2008,21248551,23212320,23199340,12980,0.06,48820159,27571608
146,Lakeville,2008,13640243,14599030,14592164,6866,0.05,41931505,28291262
147,Lancaster,2008,10993326,12127200,12124674,2526,0.02,22222644,11229318
148,Lanesborough,2008,5968211,6252406,6247248,5158,0.08,10861002,4892791
149,Lawrence,2008,42889982,42889982,42874151,15831,0.04,91329436,48439454
150,Lee,2008,10459041,11052007,10190042,861965,7.8,21662505,11203464
151,Leicester,2008,9679859,10552683,10550553,2130,0.02,28119812,18439953
152,Lenox,2008,11499697,11975153,11492114,483039,4.03,30455156,18955459
153,Leominster,2008,49577749,49577749,44368616,5209133,10.51,98596925,49019176
154,Leverett,2008,3586648,3860534,3788092,72442,1.88,6313487,2726839
155,Lexington,2008,104879746,110252620,110206659,45961,0.04,198229109,93349363
156,Leyden,2008,1279762,1437604,1374994,62610,4.36,2034015,754253
157,Lincoln,2008,19065003,20182013,19829190,352823,1.75,47569233,28504230
158,Littleton,2008,20180082,21110984,21103317,7667,0.04,37874883,17694801
159,Longmeadow,2008,34779773,35970712,35956387,14325,0.04,53001749,18221976
160,Lowell,2008,95903528,95903528,90856311,5047217,5.26,186913698,91010170
161,Ludlow,2008,25206742,25808438,24843392,965046,3.74,46627989,21421247
162,Lunenburg,2008,15368583,16177531,16176277,1254,0.01,33066796,17698213
163,Lynn,2008,86352449,86352449,86302898,49551,0.06,176060594,89708145
164,Lynnfield,2008,25352585,25352585,25339509,13076,0.05,62536378,37183793
165,Malden,2008,57488913,57488913,57479537,9376,0.02,147680945,90192032
166,Manchester By The Sea,2008,14988762,16215365,16212290,3075,0.02,53825665,38836903
167,Mansfield,2008,38949105,41190357,41176567,13790,0.03,89396221,50447116
168,Marblehead,2008,42407401,46777260,46775321,1939,0,140213791,97806390
169,Marion,2008,12464608,13392451,13385020,7431,0.06,44262633,31798025
170,Marlborough,2008,89384611,89384611,79753096,9631515,10.78,128148285,38763674
171,Marshfield,2008,42113855,42721060,42720680,380,0,122479013,80365158
172,Mashpee,2008,31513942,33668785,33441413,227372,0.68,127057042,95543100
173,Mattapoisett,2008,14669030,16114091,16083258,30833,0.19,41028719,26359689
174,Maynard,2008,19088059,20056908,20055412,1496,0.01,34607390,15519331
175,Medfield,2008,26595504,30240521,30094761,145760,0.48,58778830,32183326
176,Medford,2008,75462537,75462537,75373607,88930,0.12,184511784,109049247
177,Medway,2008,22960882,24908766,24721396,187370,0.75,43956963,20996081
178,Melrose,2008,38610986,39871217,39865052,6165,0.02,92462711,53851725
179,Mendon,2008,8506769,9746520,9743068,3452,0.04,22553399,14046630
180,Merrimac,2008,8046693,8537778,8533510,4268,0.05,19771802,11725109
181,Methuen,2008,58402291,58402291,57482030,920261,1.58,126593065,68190774
182,Middleborough,2008,26500879,26866885,26857465,9420,0.04,65864640,39363761
183,Middlefield,2008,961206,1008340,1007590,750,0.07,1528504,567298
184,Middleton,2008,16681457,17744528,16961566,782962,4.41,43760489,27079032
185,Milford,2008,46292538,46292538,46246505,46033,0.1,85706463,39413925
186,Millbury,2008,15611156,17197949,16905014,292935,1.7,37039909,21428753
187,Millis,2008,13072020,13880514,13879852,662,0,28257027,15185007
188,Millville,2008,3279515,3557751,3556566,1185,0.03,8388128,5108613
189,Milton,2008,49964418,52243125,52234887,8238,0.02,116572301,66607883
190,Monroe,2008,476450,476450,473387,3063,0.64,478869,2419
191,Monson,2008,8846823,9402020,9389923,12097,0.13,19693630,10846807
192,Montague,2008,10442531,10516456,10510236,6220,0.06,17538070,7095539
193,Monterey,2008,2432392,2691434,2381866,309568,11.5,11675813,9243421
194,Montgomery,2008,1138935,1215432,1214676,756,0.06,2427410,1288475
195,Mount Washington,2008,420778,420778,420122,656,0.16,1902724,1481946
196,Nahant,2008,6085159,7216765,7215168,1597,0.02,21654167,15569008
197,Nantucket,2008,48319786,56232235,56220005,12230,0.02,515590224,467270438
198,Natick,2008,64250184,65210458,65186660,23798,0.04,162803847,98553663
199,Needham,2008,72263351,78004971,77951346,53625,0.07,180225969,107962618
200,New Ashford,2008,327580,327580,264561,63019,19.24,784518,456938
201,New Bedford,2008,85275385,85275385,82677875,2597510,3.05,168155247,82879862
202,New Braintree,2008,1312955,1446433,1445733,700,0.05,2882243,1569288
203,New Marlborough,2008,2957927,3208492,3206589,1903,0.06,12409402,9451475
204,New Salem,2008,1285270,1379389,1373149,6240,0.45,2708057,1422787
205,Newbury,2008,10857156,12150545,12147477,3068,0.03,35436049,24578893
206,Newburyport,2008,35496008,36720695,36713180,7515,0.02,90605083,55109075
207,Newton,2008,215828884,215828884,215772425,56459,0.03,511440738,295611854
208,Norfolk,2008,18113034,19337141,19329100,8041,0.04,37811229,19698195
209,North Adams,2008,11472300,11472300,10554400,917900,8,18071067,6598767
210,North Andover,2008,49874728,52972553,52961163,11390,0.02,113361637,63486909
211,North Attleborough,2008,36296724,36893347,36876539,16808,0.05,101644265,65347541
212,North Brookfield,2008,3870046,4453181,4452525,656,0.01,11198503,7328457
213,North Reading,2008,28427935,30877810,30849279,28531,0.09,67063649,38635714
214,Northampton,2008,34339480,35797220,35768169,29051,0.08,79839664,45500184
215,Northborough,2008,30735396,32618323,32600217,18106,0.06,61370890,30635494
216,Northbridge,2008,14011893,14897170,14886169,11001,0.07,42924364,28912471
217,Northfield,2008,4537690,5096391,5096266,125,0,9630133,5092443
218,Norton,2008,23360481,23360481,23355914,4567,0.02,58506798,35146317
219,Norwell,2008,26599351,27755261,27746320,8941,0.03,62661065,36061714
220,Norwood,2008,46042334,46322334,46204812,117522,0.25,110969826,64927492
221,Oak Bluffs,2008,14488974,16346727,16322830,23897,0.15,72481481,57992507
222,Oakham,2008,1899616,1929471,1925844,3627,0.19,5446392,3546776
223,Orange,2008,6925171,7017849,7015198,2651,0.04,13896985,6971814
224,Orleans,2008,16008455,17757004,17752062,4942,0.03,98186186,82177731
225,Otis,2008,3271949,3384899,3378816,6083,0.18,13624260,10352311
226,Oxford,2008,14715509,14817955,14806911,11044,0.07,35627793,20912284
227,Palmer,2008,12941111,13676862,13666522,10340,0.08,26041391,13100280
228,Paxton,2008,6441298,6947697,6942914,4783,0.07,14561481,8120183
229,Peabody,2008,79501301,79501301,76052956,3448345,4.34,178410669,98909368
230,Pelham,2008,2643510,2905499,2891002,14497,0.5,4160913,1517403
231,Pembroke,2008,25619068,28462457,28449726,12731,0.04,65072565,39453497
232,Pepperell,2008,12610840,13260148,13250092,10056,0.08,32927665,20316825
233,Peru,2008,1369516,1439649,1232712,206937,14.37,2190321,820805
234,Petersham,2008,1695542,1829784,1829240,544,0.03,3993973,2298431
235,Phillipston,2008,2240727,2399703,2397621,2082,0.09,5281103,3040376
236,Pittsfield,2008,61070931,61070931,55640755,5430176,8.89,85855686,24784755
237,Plainfield,2008,1067600,1127769,1112477,15292,1.36,1990832,923232
238,Plainville,2008,11702437,12793321,12792103,1218,0.01,29776775,18074338
239,Plymouth,2008,109179947,109179947,100893188,8286759,7.59,244175188,134995241
240,Plympton,2008,4940653,5355075,5339261,15814,0.3,11245285,6304632
241,Princeton,2008,6383155,6740550,6557694,182856,2.71,13052735,6669580
242,Provincetown,2008,13294155,13375324,13356108,19216,0.14,65215371,51921216
243,Quincy,2008,163431103,163431103,149071604,14359499,8.79,293519351,130088248
244,Randolph,2008,36812043,37523515,37502634,20881,0.06,88296809,51484766
245,Raynham,2008,20203903,23198636,23188695,9941,0.04,51731648,31527745
246,Reading,2008,44676357,47456244,47440395,15849,0.03,94127769,49451412
247,Rehoboth,2008,14600520,15358312,15344294,14018,0.09,47771774,33171254
248,Revere,2008,57389685,57389685,57196161,193524,0.34,127489297,70099612
249,Richmond,2008,3510958,3605973,3572527,33446,0.93,10905151,7394193
250,Rochester,2008,7632826,8104421,8095447,8974,0.11,22412645,14779819
251,Rockland,2008,19675688,20300373,20295598,4775,0.02,48322853,28647165
252,Rockport,2008,14868048,16373036,16281380,91656,0.56,48514242,33646194
253,Rowe,2008,2600592,2750592,2750210,382,0.01,7771542,5170950
254,Rowley,2008,9559279,10000818,9986279,14539,0.15,24051731,14492452
255,Royalston,2008,1133723,1257371,1256323,1048,0.08,3664887,2531164
256,Russell,2008,2252994,2252994,2206989,46005,2.04,3376666,1123672
257,Rutland,2008,8112629,9250226,9245842,4384,0.05,20619630,12507001
258,Salem,2008,64441432,64441432,64399664,41768,0.06,120137034,55695602
259,Salisbury,2008,12774705,13412780,13400838,11942,0.09,39600585,26825880
260,Sandisfield,2008,1970859,2025119,1894506,130613,6.45,5740926,3770067
261,Sandwich,2008,40399019,43620775,43575499,45276,0.1,113359780,72960761
262,Saugus,2008,42432172,44476933,44447938,28995,0.07,105403184,62971012
263,Savoy,2008,782575,799516,798902,614,0.08,1758148,975573
264,Scituate,2008,37583047,39152686,39123270,29416,0.08,106082620,68499573
265,Seekonk,2008,25411856,26970992,26947704,23288,0.09,58681535,33269679
266,Sharon,2008,44572941,48009058,46818425,1190633,2.48,69711770,25138829
267,Sheffield,2008,6574353,6754815,6619996,134819,2,14097096,7522743
268,Shelburne,2008,2632378,2733202,2625070,108132,3.96,5419220,2786842
269,Sherborn,2008,16580518,18466558,18397598,68960,0.37,29370367,12789849
270,Shirley,2008,6603848,7031212,7027824,3388,0.05,17309911,10706063
271,Shrewsbury,2008,42708480,45896770,45864506,32264,0.07,125449961,82741481
272,Shutesbury,2008,3461348,3586751,3584175,2576,0.07,5635495,2174147
273,Somerset,2008,41442390,41442390,37335343,4107047,9.91,69483338,28040948
274,Somerville,2008,88265083,88265083,88230603,34480,0.04,214808252,126543169
275,South Hadley,2008,18240621,19151186,19137630,13556,0.07,39024532,20783911
276,Southampton,2008,6821770,7329957,7328045,1912,0.03,15591584,8769814
277,Southborough,2008,26692332,30464825,28420760,2044065,6.71,56660208,29967876
278,Southbridge,2008,14130416,14041680,13313003,728677,5.19,28181631,14051215
279,Southwick,2008,12446712,12446712,12440611,6101,0.05,25493056,13046344
280,Spencer,2008,8649115,9208090,9197414,10676,0.12,29032241,20383126
281,Springfield,2008,153506032,153506032,153489174,16858,0.01,195178563,41672531
282,Sterling,2008,13079487,14514500,13833066,681434,4.69,27381366,14301879
283,Stockbridge,2008,5932032,6855850,6059501,796349,11.62,21891261,15959229
284,Stoneham,2008,33449917,35318071,35295647,22424,0.06,80248472,46798555
285,Stoughton,2008,43029748,43287748,43260089,27659,0.06,93739765,50710017
286,Stow,2008,16633008,17882698,17777477,105221,0.59,30172229,13539221
287,Sturbridge,2008,15933815,16475000,16321319,153681,0.93,33826288,17892473
288,Sudbury,2008,56353701,60904996,60539786,365210,0.6,104073995,47720294
289,Sunderland,2008,3574382,4221518,4220765,753,0.02,8749512,5175130
290,Sutton,2008,12018508,14294042,14285379,8663,0.06,31745288,19726780
291,Swampscott,2008,33284436,37185310,37175423,9887,0.03,64504250,31219814
292,Swansea,2008,21232391,21248181,21224614,23567,0.11,56627607,35395216
293,Taunton,2008,59314035,59314035,59298173,15862,0.03,147452255,88138220
294,Templeton,2008,5908679,6868919,6864343,4576,0.07,18653105,12744426
295,Tewksbury,2008,47334872,49670931,49653716,17215,0.03,104452568,57117696
296,Tisbury,2008,15337599,16392631,16058295,334336,2.04,72665451,57327852
297,Tolland,2008,862815,870856,869872,984,0.11,4549540,3686725
298,Topsfield,2008,14723544,15505699,15496179,9520,0.06,32229989,17506445
299,Townsend,2008,11584011,12450197,12447674,2523,0.02,23154155,11570144
300,Truro,2008,9258890,10316831,10104720,212111,2.06,56262359,47003469
301,Tyngsborough,2008,17618781,17952340,17938248,14092,0.08,38296858,20678077
302,Tyringham,2008,1030284,1030284,1014596,15688,1.52,4595090,3564806
303,Upton,2008,10884184,12444114,12437693,6421,0.05,29251395,18367211
304,Uxbridge,2008,17502016,17946411,17945351,1060,0.01,42849453,25347437
305,Wakefield,2008,43922034,43922034,43895246,26788,0.06,99603428,55681394
306,Wales,2008,2230413,2259683,2257110,2573,0.11,4300896,2070483
307,Walpole,2008,43148511,44849865,44837912,11953,0.03,99548229,56399718
308,Waltham,2008,131102272,131102272,119538305,11563967,8.82,225243105,94140833
309,Ware,2008,10246344,10511735,10506280,5455,0.05,19748646,9502302
310,Wareham,2008,26985987,27344512,27344497,15,0,98220178,71234191
311,Warren,2008,5090079,5563318,5017251,546067,9.82,9860948,4770869
312,Warwick,2008,1188789,1468038,1357307,110731,7.54,2118145,929356
313,Washington,2008,735220,803416,741112,62304,7.75,1521165,785945
314,Watertown,2008,64444128,65040393,65035715,4678,0.01,135402384,70958256
315,Wayland,2008,46032584,47802845,47780650,22195,0.05,79740737,33708153
316,Webster,2008,14876914,15372099,15369289,2810,0.02,42821097,27944183
317,Wellesley,2008,78718643,84261646,84232439,29207,0.03,229391175,150672532
318,Wellfleet,2008,10708070,11644347,11617532,26815,0.23,61533539,50825469
319,Wendell,2008,1529559,1565929,1401774,164155,10.48,2046982,517423
320,Wenham,2008,9566430,10781613,10768267,13346,0.12,20836430,11270000
321,West Boylston,2008,10941785,11681656,11674166,7490,0.06,22244981,11303196
322,West Bridgewater,2008,14863885,15100149,15089943,10206,0.07,28140247,13276362
323,West Brookfield,2008,3741017,4056073,4050076,5997,0.15,10449114,6708097
324,West Newbury,2008,8844597,9230210,9219574,10636,0.12,20325338,11480741
325,West Springfield,2008,50731347,50731347,50083829,647518,1.28,65656383,14925036
326,West Stockbridge,2008,4114638,4360298,3719253,641045,14.7,10447341,6332703
327,West Tisbury,2008,10582041,11565305,11127982,437323,3.78,67853548,57271507
328,Westborough,2008,50542286,53540631,53537543,3088,0.01,91050244,40507958
329,Westfield,2008,50085797,50085797,50059816,25981,0.05,80068969,29983172
330,Westford,2008,46768445,52383988,52357398,26590,0.05,97679304,50910859
331,Westhampton,2008,2751607,3052949,3052787,162,0.01,5825929,3074322
332,Westminster,2008,11825836,12690537,11895003,795534,6.27,24905786,13079950
333,Weston,2008,48521713,55225054,54440553,784501,1.42,127555185,79033472
334,Westport,2008,17589398,18287499,18263024,24475,0.13,82117915,64528517
335,Westwood,2008,46442531,48642309,48519937,122372,0.25,92357361,45914830
336,Weymouth,2008,70300925,70300925,70281747,19178,0.03,170410637,100109712
337,Whately,2008,2922330,3213239,3196945,16294,0.51,5557971,2635641
338,Whitman,2008,15717283,16748562,16719854,28708,0.17,38348288,22631005
339,Wilbraham,2008,25233926,25523519,25517928,5591,0.02,42815315,17581389
340,Williamsburg,2008,3950993,4182559,4181790,769,0.02,7732599,3781606
341,Williamstown,2008,11972253,12476872,12234465,242407,1.94,25964485,13992232
342,Wilmington,2008,48149716,49663827,49650523,13304,0.03,94616003,46466287
343,Winchendon,2008,7940879,8977051,8960561,16490,0.18,19496434,11555555
344,Winchester,2008,53165592,57483839,57429496,54343,0.09,136259595,83094003
345,Windsor,2008,1172363,1253198,1173159,80039,6.39,2746158,1573795
346,Winthrop,2008,18281414,19233565,19220979,12586,0.07,51669298,33387884
347,Woburn,2008,74972774,77710999,75630988,2080011,2.68,146608070,71635296
348,Worcester,2008,202523976,202523976,190524786,11999190,5.92,318174860,115650884
349,Worthington,2008,1943644,2083216,2061447,21769,1.04,4276861,2333217
350,Wrentham,2008,20708476,21693329,21680538,12791,0.06,46768867,26060391
351,Yarmouth,2008,38174904,40428143,40385422,42721,0.11,162060280,123885376
001,Abington,2009,22204724,24482164,24478276,3888,0.02,49391195,27186471
002,Acton,2009,58969483,62041232,62008247,32985,0.05,93781378,34811895
003,Acushnet,2009,12056946,12258906,12255628,3278,0.03,31243213,19186267
004,Adams,2009,8072015,8072015,7957840,114175,1.41,12300222,4228207
005,Agawam,2009,47613436,47613436,42622328,4991108,10.48,71616517,24003081
006,Alford,2009,1167323,1229707,1062998,166709,13.56,6252929,5085606
007,Amesbury,2009,31595764,32701585,32683452,18133,0.06,49430509,17834745
008,Amherst,2009,34439142,34880463,34871426,9037,0.03,55106553,20667411
009,Andover,2009,94838978,98012826,97976754,36072,0.04,179011759,84172781
010,Arlington,2009,74281565,80993878,80946006,47872,0.06,169769309,95487744
011,Ashburnham,2009,8554768,9592288,9591303,985,0.01,17275402,8720634
012,Ashby,2009,4203690,4208510,4207567,943,0.02,8795082,4591392
013,Ashfield,2009,2682403,2939221,2934709,4512,0.15,5652366,2969963
014,Ashland,2009,29746470,32220693,32214544,6149,0.02,58107042,28360572
015,Athol,2009,8651239,9382849,9377910,4939,0.05,20440083,11788844
016,Attleboro,2009,51033122,51033122,51007286,25836,0.05,114083995,63050873
017,Auburn,2009,29504639,31046903,30943145,103758,0.33,51999159,22494520
018,Avon,2009,12376441,14312358,14307749,4609,0.03,21834045,9457604
019,Ayer,2009,14014584,15463564,15320578,142986,0.92,24769078,10754494
020,Barnstable,2009,86265093,89178203,89064457,113746,0.13,363619580,277354487
021,Barre,2009,5232891,5196725,5153587,43138,0.83,12063640,6830749
022,Becket,2009,4111813,4212608,4206817,5791,0.14,13179253,9067440
023,Bedford,2009,43455927,47211013,46018853,1192160,2.53,70767419,27311492
024,Belchertown,2009,18606817,19856014,19841918,14096,0.07,35533520,16926703
025,Bellingham,2009,27179482,28207013,28188579,18434,0.07,60075242,32895760
026,Belmont,2009,58878314,62548459,62513544,34915,0.06,131441429,72563115
027,Berkley,2009,5841595,7270301,7263524,6777,0.09,21695115,15853520
028,Berlin,2009,6935825,7291169,7095610,195559,2.68,15213572,8277747
029,Bernardston,2009,2917209,3294829,3294530,299,0.01,5490883,2573674
030,Beverly,2009,70455889,70455889,70392586,63303,0.09,145950467,75494578
031,Billerica,2009,85673936,85673936,85629659,44277,0.05,142895681,57221745
032,Blackstone,2009,12977759,12977759,12594820,382939,2.95,25149401,12171642
033,Blandford,2009,1892834,2058075,2057834,241,0.01,3981877,2089043
034,Bolton,2009,13753791,15466281,15463690,2591,0.02,24298696,10544905
035,Boston,2009,1400631080,1400631080,1400014578,616502,0.04,2259679271,859048191
036,Bourne,2009,32664347,34047763,34015405,32358,0.1,115384685,82720338
037,Boxborough,2009,14455868,15418781,15418593,188,0,25974719,11518851
038,Boxford,2009,20147414,21708317,21406957,301360,1.39,45507988,25360574
039,Boylston,2009,8208857,8591771,8588682,3089,0.04,17315891,9107034
040,Braintree,2009,63679794,63679794,63634439,45355,0.07,138433230,74753436
041,Brewster,2009,21990784,22652295,22534348,117947,0.52,94841532,72850748
042,Bridgewater,2009,25738570,29680496,29673024,7472,0.03,65416719,39678149
043,Brimfield,2009,5047202,5283922,5279764,4158,0.08,10935717,5888515
044,Brockton,2009,96443017,96443017,96381006,62011,0.06,179355590,82912573
045,Brookfield,2009,3711092,4062725,4054485,8240,0.2,7725772,4014680
046,Brookline,2009,145644643,147337339,147273068,64271,0.04,367732780,222088137
047,Buckland,2009,2759060,2952885,2952373,512,0.02,5325349,2566289
048,Burlington,2009,77495580,77495580,75217111,2278469,2.94,120497264,43001684
049,Cambridge,2009,347606339,347606339,254945578,92660761,26.66,596901466,249295127
050,Canton,2009,50717720,53929317,50759823,3169494,5.88,104339914,53622194
051,Carlisle,2009,18435222,19581653,19492416,89237,0.46,34708717,16273495
052,Carver,2009,16174504,16174504,16174342,162,0,30718993,14544489
053,Charlemont,2009,2018308,2098598,2066939,31659,1.51,3299712,1281404
054,Charlton,2009,13344858,14453462,14419086,34376,0.24,39831730,26486872
055,Chatham,2009,20827282,24056945,23979749,77196,0.32,160292438,139465156
056,Chelmsford,2009,64896085,71360829,71349239,11590,0.02,126775479,61879394
057,Chelsea,2009,33263548,33263548,33263028,520,0,60725816,27462268
058,Cheshire,2009,2599024,2643874,2638087,5787,0.22,7311771,4712747
059,Chester,2009,1904105,2115972,2075854,40118,1.9,3177977,1273872
060,Chesterfield,2009,2165317,2290807,2110476,180331,7.87,3798553,1633236
061,Chicopee,2009,60273873,60273873,60246003,27870,0.05,93723683,33449810
062,Chilmark,2009,5494362,6184933,6151853,33080,0.53,77674910,72180548
063,Clarksburg,2009,1364685,1384451,1210566,173885,12.56,3017364,1652679
064,Clinton,2009,15582063,16319661,16306497,13164,0.08,30255150,14673087
065,Cohasset,2009,24043696,26477083,26466778,10305,0.04,61379356,37335660
066,Colrain,2009,2307420,2472972,2438439,34533,1.4,4099595,1792175
067,Concord,2009,59634076,63565412,62648641,916771,1.44,131614793,71980717
068,Conway,2009,3431095,3532616,3277171,255445,7.23,6502324,3071229
069,Cummington,2009,1353795,1415691,1414589,1102,0.08,3203326,1849531
070,Dalton,2009,9146762,9368355,9265487,102868,1.1,15442479,6295717
071,Danvers,2009,54116618,54116618,53984593,132025,0.24,107315663,53199045
072,Dartmouth,2009,42001636,43665100,43663470,1630,0,139804615,97802979
073,Dedham,2009,58402801,61517720,61495558,22162,0.04,101809779,43406978
074,Deerfield,2009,7510832,7859750,7854094,5656,0.07,17118774,9607942
075,Dennis,2009,27897035,33502900,33387269,115631,0.35,164631502,136734467
076,Dighton,2009,10899823,11087529,11044229,43300,0.39,23700613,12800790
077,Douglas,2009,9528821,10698126,10695022,3104,0.03,24711234,15182413
078,Dover,2009,22292310,24122062,23815930,306133,1.27,60385217,38092907
079,Dracut,2009,32714398,33735728,33715226,20502,0.06,77613320,44898922
080,Dudley,2009,6781963,8164645,8113019,51626,0.63,24704686,17922723
081,Dunstable,2009,5653078,6628740,6625952,2788,0.04,12771689,7118611
082,Duxbury,2009,38708149,40843208,40746066,97142,0.24,93368620,54660471
083,East Bridgewater,2009,18932982,19202595,19182984,19611,0.1,41557592,22624610
084,East Brookfield,2009,2373707,2770900,2762811,8089,0.29,6325118,3951411
085,East Longmeadow,2009,29285491,30155580,30129472,26108,0.09,46324527,17039036
086,Eastham,2009,14093642,15565159,15542897,22262,0.14,73177482,59083840
087,Easthampton,2009,15910842,16409442,16407690,1752,0.01,35119199,19208357
088,Easton,2009,37221831,39452762,39433261,19501,0.05,79824416,42602585
089,Edgartown,2009,16497835,20096724,20016444,80280,0.4,171962578,155464743
090,Egremont,2009,3102018,3272804,2910887,361917,11.06,11699706,8597688
091,Erving,2009,6738320,6738320,6702419,35901,0.53,15492315,8753995
092,Essex,2009,8659661,9846209,9753571,92638,0.94,20490695,11831034
093,Everett,2009,75765810,75765810,73489134,2276676,3,110959500,35193690
094,Fairhaven,2009,19973453,20901921,20885823,16098,0.08,55048413,35074960
095,Fall River,2009,65831540,65831540,64257885,1573655,2.39,160735998,94904458
096,Falmouth,2009,65695322,72082730,72036807,45923,0.06,296203977,230508655
097,Fitchburg,2009,36532071,36532071,36531102,969,0,66837257,30305186
098,Florida,2009,1872109,1872109,1775289,96820,5.17,3311837,1439728
099,Foxborough,2009,28522173,29827938,29826115,1823,0.01,68345818,39823645
100,Framingham,2009,146710614,147026696,147005705,20991,0.01,218361265,71650651
101,Franklin,2009,49076807,50560322,50540406,19916,0.04,113116396,64039589
102,Freetown,2009,13295956,13810794,13809233,1561,0.01,32145452,18849496
103,Gardner,2009,17187007,17187007,17175417,11590,0.07,32852748,15665741
104,Aquinnah,2009,2373296,2505431,2505291,140,0.01,17946210,15572914
105,Georgetown,2009,11990479,12615640,12521427,94213,0.75,31366300,19375821
106,Gill,2009,1894320,1914491,1913590,901,0.05,3674328,1780008
107,Gloucester,2009,54710266,54863466,54826606,36860,0.07,141872325,87162059
108,Goshen,2009,1633549,1783495,1735169,48326,2.71,3123055,1489506
109,Gosnold,2009,497577,507827,502466,5361,1.06,7017679,6520102
110,Grafton,2009,23618218,25325190,25076468,248722,0.98,57886583,34268365
111,Granby,2009,7993386,8098815,8096494,2321,0.03,15049246,7055860
112,Granville,2009,2231059,2141597,2128093,13504,0.63,4836575,2605516
113,Great Barrington,2009,15433721,16965885,16214780,751105,4.43,35683936,20250215
114,Greenfield,2009,23253222,24118198,24036967,81231,0.34,34338524,11085302
115,Groton,2009,20643291,23507638,23392754,114884,0.49,40839304,20196013
116,Groveland,2009,9963255,9775029,9710197,64832,0.66,22128982,12165727
117,Hadley,2009,7427237,8406102,8364760,41342,0.49,22980110,15552873
118,Halifax,2009,11186614,12128518,12126945,1573,0.01,22760783,11574169
119,Hamilton,2009,20162904,21895714,21889263,6451,0.03,35931160,15768256
120,Hampden,2009,7891491,8589748,8217740,372008,4.33,14437350,6545859
121,Hancock,2009,1739058,1739058,950910,788148,45.32,7977430,6238372
122,Hanover,2009,28494171,29170695,29155808,14887,0.05,61540621,33046450
123,Hanson,2009,13202691,13751600,13748907,2693,0.02,32093620,18890929
124,Hardwick,2009,2815606,2669351,2668882,469,0.02,7023374,4207768
125,Harvard,2009,14661951,15879968,15877290,2678,0.02,29555641,14893690
126,Harwich,2009,30087115,32782037,32745733,36304,0.11,130982931,100895816
127,Hatfield,2009,4821541,5156253,5152591,3662,0.07,12106653,7285112
128,Haverhill,2009,73883020,75383758,75373109,10649,0.01,148935281,75052261
129,Hawley,2009,605962,627770,624132,3638,0.58,1177607,571645
130,Heath,2009,1612754,1708906,1534805,174101,10.19,2368526,755772
131,Hingham,2009,53164187,55227926,55124556,103370,0.19,141345017,88180830
132,Hinsdale,2009,3241297,3342840,3004621,338219,10.12,6742866,3501569
133,Holbrook,2009,16992229,19099887,19092275,7612,0.04,29793769,12801540
134,Holden,2009,24701092,27089368,27076824,12544,0.05,49627610,24926518
135,Holland,2009,3978219,4275132,4272769,2363,0.06,9006681,5028462
136,Holliston,2009,29651004,32021553,32014906,6647,0.02,51770547,22119543
137,Holyoke,2009,44659041,44659041,44639085,19956,0.04,54932651,10273610
138,Hopedale,2009,10189522,10189522,10065561,123961,1.22,18648829,8459307
139,Hopkinton,2009,40324931,43436953,43408499,28454,0.07,72203092,31878161
140,Hubbardston,2009,4903010,5076139,5072358,3781,0.07,13334274,8431264
141,Hudson,2009,33084749,33998501,33616701,381800,1.12,63013650,29928901
142,Hull,2009,21244891,21734018,21717472,16546,0.08,51757561,30512670
143,Huntington,2009,2436911,2647551,2620366,27185,1.03,4974120,2537209
144,Ipswich,2009,25266484,27345229,27325871,19358,0.07,66068354,40801870
145,Kingston,2009,21996238,23847384,23846411,973,0,47692822,25696584
146,Lakeville,2009,14244578,15380697,15369623,11074,0.07,41183342,26938764
147,Lancaster,2009,11558116,12696961,12675339,21622,0.17,21353335,9795219
148,Lanesborough,2009,6201888,6495800,6211964,283836,4.37,10666147,4464259
149,Lawrence,2009,45028814,45028814,45012874,15940,0.04,87053867,42025053
150,Lee,2009,11046412,11651002,10815783,835219,7.17,22218124,11171712
151,Leicester,2009,10152771,11016094,11006014,10080,0.09,26456764,16303993
152,Lenox,2009,12140434,12124115,12116992,7123,0.06,31257890,19117456
153,Leominster,2009,51893722,51893722,46688567,5205155,10.03,97025284,45131562
154,Leverett,2009,3720984,3999994,3982103,17891,0.45,6464452,2743468
155,Lexington,2009,110778389,116411032,116338164,72868,0.06,200840203,90061814
156,Leyden,2009,1348267,1482829,1373879,108950,7.35,2094327,746060
157,Lincoln,2009,19931235,20982800,20973870,8930,0.04,47975367,28044132
158,Littleton,2009,21257375,22585957,22581868,4089,0.02,36470475,15213100
159,Longmeadow,2009,35865410,37107514,37103554,3960,0.01,54213258,18347848
160,Lowell,2009,100380415,100380415,95420810,4959605,4.94,175710573,75330158
161,Ludlow,2009,26383225,26870822,26798972,71850,0.27,46916967,20533742
162,Lunenburg,2009,15890966,16927943,16915184,12759,0.08,32429417,16538451
163,Lynn,2009,89933111,89933111,89927424,5687,0.01,155202235,65269124
164,Lynnfield,2009,26333217,28042666,28036981,5685,0.02,61740717,35407500
165,Malden,2009,60095900,60095900,60067233,28667,0.05,144615205,84519305
166,Manchester By The Sea,2009,15640248,18138524,18123982,14543,0.08,54921156,39280908
167,Mansfield,2009,40951017,43028579,43015926,12653,0.03,86874225,45923208
168,Marblehead,2009,44016991,48104027,48097849,6178,0.01,133753752,89736761
169,Marion,2009,12966519,13867860,13834900,32961,0.24,43948220,30981701
170,Marlborough,2009,94575164,94575164,81935337,12639827,13.36,129533857,34958693
171,Marshfield,2009,43720707,44276724,44272698,4026,0.01,110792537,67071830
172,Mashpee,2009,32746851,34867311,34865748,1563,0,124698668,91951817
173,Mattapoisett,2009,15368034,16937206,16877851,59355,0.35,44509101,29141067
174,Maynard,2009,19992435,21275018,21269986,5032,0.02,33752108,13759673
175,Medfield,2009,28488063,32014200,31881066,133134,0.42,57547051,29058988
176,Medford,2009,78540641,78540641,78500377,40264,0.05,172878517,94337876
177,Medway,2009,23905209,25909149,25903674,5475,0.02,42830148,18924939
178,Melrose,2009,40190590,41963170,41957434,5736,0.01,89565922,49375332
179,Mendon,2009,8870184,10210446,10204496,5950,0.06,21879280,13009096
180,Merrimac,2009,8416284,8864240,8857828,6412,0.07,18671643,10255359
181,Methuen,2009,60984989,60984989,59813150,1171839,1.92,122413334,61428345
182,Middleborough,2009,27964549,28427604,28410164,17440,0.06,64330911,36366362
183,Middlefield,2009,1027793,1066769,999671,67098,6.29,1603064,575271
184,Middleton,2009,17425284,18433716,18344483,89233,0.48,41729943,24304659
185,Milford,2009,48362784,48362784,48160991,201793,0.42,83146617,34783833
186,Millbury,2009,16491107,18044332,17565481,478851,2.65,37469030,20977923
187,Millis,2009,13796319,14820157,14817248,2909,0.02,27582368,13786049
188,Millville,2009,3390467,3688847,3662690,26157,0.71,8025176,4634709
189,Milton,2009,51789172,53836924,53815744,21180,0.04,112444777,60655605
190,Monroe,2009,502320,502320,495174,7146,1.42,588343,86023
191,Monson,2009,9266180,10059214,10052790,6424,0.06,19930195,10664015
192,Montague,2009,10990057,11249592,11247287,2305,0.02,17771495,6781438
193,Monterey,2009,2523848,2727367,2533706,193661,7.1,12157899,9634051
194,Montgomery,2009,1184931,1266977,1266593,384,0.03,2398850,1213919
195,Mount Washington,2009,437191,437191,436681,510,0.12,1908572,1471381
196,Nahant,2009,6299738,7219826,7212381,7445,0.1,21138281,14838543
197,Nantucket,2009,50556143,58611292,58510142,101150,0.17,520477125,469920982
198,Natick,2009,72154997,73092702,73027965,64737,0.09,164625711,92470714
199,Needham,2009,76202247,81960677,81925650,35027,0.04,183282555,107080308
200,New Ashford,2009,344529,344529,336277,8252,2.4,1080178,735649
201,New Bedford,2009,88809241,88809241,88797309,11932,0.01,164870788,76061547
202,New Braintree,2009,1387221,1550517,1550282,235,0.02,2936141,1548920
203,New Marlborough,2009,3317159,3611380,3610389,991,0.03,12415367,9098208
204,New Salem,2009,1360603,1435228,1434864,364,0.03,2978500,1617897
205,Newbury,2009,11245583,12450539,12445297,5242,0.04,33966422,22720839
206,Newburyport,2009,36941035,38037513,38008514,28999,0.08,86936217,49995182
207,Newton,2009,224936604,224936604,224896509,40095,0.02,517863730,292927126
208,Norfolk,2009,18978792,20365685,20360366,5319,0.03,36698568,17719776
209,North Adams,2009,12059380,12059380,11052149,1007231,8.35,18298543,6239163
210,North Andover,2009,51654403,55076756,55074898,1858,0,111378088,59723685
211,North Attleborough,2009,37517408,38103468,38085943,17525,0.05,96960141,59442733
212,North Brookfield,2009,4057021,4766233,4764408,1825,0.04,11028722,6971701
213,North Reading,2009,30020393,32427055,32422833,4222,0.01,67323159,37302766
214,Northampton,2009,35883668,37226438,37197371,29067,0.08,81004728,45121060
215,Northborough,2009,32496075,34436953,34239613,197340,0.57,62208599,29712524
216,Northbridge,2009,14616270,16254548,16251079,3469,0.02,40385385,25769115
217,Northfield,2009,4729670,5385928,5382704,3224,0.06,9865660,5135990
218,Norton,2009,24523165,24523165,24500599,22566,0.09,56142527,31619362
219,Norwell,2009,27736334,29348522,29331848,16674,0.06,62408186,34671852
220,Norwood,2009,48468973,48881929,48646396,235533,0.48,113503156,65034183
221,Oak Bluffs,2009,15437568,17624377,17622581,1796,0.01,72941147,57503579
222,Oakham,2009,1988192,1918646,1902243,16403,0.85,5516947,3528755
223,Orange,2009,7222358,7230564,7226972,3592,0.05,14071207,6848849
224,Orleans,2009,16890342,19000495,18969615,30880,0.16,97180404,80290062
225,Otis,2009,3683200,3832945,3832652,293,0.01,14994725,11311525
226,Oxford,2009,15431515,15696255,15687401,8854,0.06,36448423,21016908
227,Palmer,2009,13503049,14220650,14219092,1558,0.01,25300875,11797826
228,Paxton,2009,6663146,7160596,7155942,4654,0.06,13491594,6828448
229,Peabody,2009,82749974,82749974,79209093,3540881,4.28,174620491,91870517
230,Pelham,2009,2751755,3200729,3172987,27742,0.87,4392285,1640530
231,Pembroke,2009,26690061,29393083,29385084,7999,0.03,63058121,36368060
232,Pepperell,2009,13098695,13691425,13687041,4384,0.03,31478935,18380240
233,Peru,2009,1427295,1471410,1257934,213476,14.51,2170349,743054
234,Petersham,2009,1777205,1937254,1936720,534,0.03,3910985,2133780
235,Phillipston,2009,2346626,2436918,2435169,1749,0.07,5354374,3007748
236,Pittsfield,2009,64013270,64013270,57836321,6176949,9.65,86363823,22350553
237,Plainfield,2009,1119438,1201036,1191723,9313,0.78,2158919,1039481
238,Plainville,2009,13015227,14348839,14346818,2021,0.01,30165723,17150496
239,Plymouth,2009,113512885,113512885,106482987,7029898,6.19,240476483,126963598
240,Plympton,2009,5153199,5457570,5449492,8078,0.15,10761241,5608042
241,Princeton,2009,6675780,6989044,6985779,3265,0.05,12655396,5979616
242,Provincetown,2009,13964367,14148165,14135415,12750,0.09,63787975,49823608
243,Quincy,2009,171381378,171381378,169156076,2225302,1.3,285398082,114016704
244,Randolph,2009,44208096,44903722,44872919,30803,0.07,80451994,36243898
245,Raynham,2009,21026590,24270934,24264578,6356,0.03,49472464,28445874
246,Reading,2009,46360640,49141628,49139191,2437,0,92996198,46635558
247,Rehoboth,2009,15331756,16046653,16035618,11035,0.07,45043872,29712116
248,Revere,2009,59727595,59727595,59707315,20280,0.03,118670956,58943361
249,Richmond,2009,3633534,3815793,3814934,859,0.02,10887370,7253836
250,Rochester,2009,7952010,8207162,8204405,2757,0.03,21773899,13821889
251,Rockland,2009,20582313,21202234,20564690,637544,3.01,48048342,27466029
252,Rockport,2009,15385367,16285338,16275609,9729,0.06,48324254,32938887
253,Rowe,2009,2673669,2827419,2824985,2434,0.09,7903474,5229805
254,Rowley,2009,9997014,10502031,10500117,1914,0.02,23148407,13151393
255,Royalston,2009,1188630,1271074,1270158,916,0.07,3731368,2542738
256,Russell,2009,2410853,2410853,2410708,145,0.01,3512103,1101250
257,Rutland,2009,8583320,9723369,9713284,10085,0.1,20252885,11669565
258,Salem,2009,67385423,67385423,67095914,289509,0.43,112791472,45406049
259,Salisbury,2009,13524106,14145883,14140760,5123,0.04,38593777,25069671
260,Sandisfield,2009,2074610,2145663,2144032,1631,0.08,5982232,3907622
261,Sandwich,2009,42037496,44673526,44648482,25044,0.06,108686665,66649169
262,Saugus,2009,44214203,46390327,46387370,2957,0.01,102710428,58496225
263,Savoy,2009,988915,995311,994480,831,0.08,1741037,752122
264,Scituate,2009,38999766,40817779,40800284,17495,0.04,105372635,66372869
265,Seekonk,2009,26796819,28466168,28429039,37129,0.13,58165673,31368854
266,Sharon,2009,46998756,50285238,49091463,1193775,2.37,69259965,22261209
267,Sheffield,2009,7024846,7193892,7164863,29029,0.4,14779008,7754162
268,Shelburne,2009,2767620,2767620,2761569,6051,0.22,5567679,2800059
269,Sherborn,2009,17224864,19121334,19110512,10822,0.06,28920267,11695403
270,Shirley,2009,7040931,7455471,7452263,3208,0.04,16299787,9258856
271,Shrewsbury,2009,44301335,48094014,48060756,33258,0.07,124123853,79822518
272,Shutesbury,2009,3784935,3928751,3926827,1924,0.05,5648485,1863550
273,Somerset,2009,42704758,42704758,37752605,4952153,11.6,67312253,24607495
274,Somerville,2009,92534464,92534464,92502692,31772,0.03,210229856,117695392
275,South Hadley,2009,19029540,19889773,19887707,2066,0.01,39585404,20555864
276,Southampton,2009,7266852,7779421,7774450,4971,0.06,16116189,8849337
277,Southborough,2009,27958051,31442177,31208785,233392,0.74,55100255,27142204
278,Southbridge,2009,14715522,14632367,14005310,627057,4.29,27766277,13050755
279,Southwick,2009,12999505,12999505,12992228,7277,0.06,25880932,12881427
280,Spencer,2009,9550910,10101124,10099900,1224,0.01,28856857,19305947
281,Springfield,2009,163097495,163097495,163078974,18521,0.01,181031865,17934370
282,Sterling,2009,13595986,14938588,14539059,399529,2.67,27432186,13836200
283,Stockbridge,2009,6108029,6990772,5935118,1055654,15.1,21884652,15776623
284,Stoneham,2009,34814060,36813483,36800399,13084,0.04,78685522,43871462
285,Stoughton,2009,44721000,44812314,44788089,24225,0.05,88012761,43291761
286,Stow,2009,17540720,18627003,18473557,153446,0.82,30225060,12684340
287,Sturbridge,2009,16659203,17146738,17144601,2137,0.01,32850940,16191737
288,Sudbury,2009,58617788,63647915,63263124,384792,0.6,101610874,42993086
289,Sunderland,2009,3699792,4262104,4259053,3051,0.07,8799695,5099903
290,Sutton,2009,12727263,14941078,14938825,2253,0.02,32475707,19748444
291,Swampscott,2009,34635831,38739222,38724477,14745,0.04,63609098,28973267
292,Swansea,2009,22087617,22086217,22078748,7469,0.03,55012748,32925131
293,Taunton,2009,62449428,63779700,63756062,23638,0.04,141152820,78703392
294,Templeton,2009,6180824,7107275,7095676,11599,0.16,17391362,11210538
295,Tewksbury,2009,49559159,51812510,51775827,36683,0.07,100847821,51288662
296,Tisbury,2009,15894607,16872773,16599816,272957,1.62,70615894,54721287
297,Tolland,2009,897513,899881,898677,1204,0.13,4842009,3944496
298,Topsfield,2009,15313090,16247711,16121463,126248,0.78,31291659,15978569
299,Townsend,2009,12037014,12939507,12938385,1122,0.01,23714049,11677035
300,Truro,2009,9938114,10958889,10615770,343119,3.13,55990348,46052234
301,Tyngsborough,2009,18400177,18687981,18675934,12047,0.06,37203056,18802879
302,Tyringham,2009,1069917,1069917,1058829,11088,1.04,4643986,3574069
303,Upton,2009,11380146,12980503,12978310,2193,0.02,26102795,14722649
304,Uxbridge,2009,18339279,19210132,19199109,11023,0.06,41628598,23289319
305,Wakefield,2009,45730617,45730617,45728960,1657,0,95036080,49305463
306,Wales,2009,2346184,2374424,2362797,11627,0.49,4372310,2026126
307,Walpole,2009,44944459,46588694,46571036,17658,0.04,96014697,51070238
308,Waltham,2009,137376546,137376546,129065767,8310779,6.05,223027912,85651366
309,Ware,2009,10754950,10981339,10970782,10557,0.1,20078298,9323348
310,Wareham,2009,28413449,28757586,28727173,30413,0.11,96529481,68116032
311,Warren,2009,5312033,5723453,5453308,270145,4.72,9929549,4617516
312,Warwick,2009,1241854,1375620,1291121,84499,6.14,2144719,902865
313,Washington,2009,805610,881098,834345,46753,5.31,1621976,816366
314,Watertown,2009,67035554,67585625,67547778,37847,0.06,131132280,64096726
315,Wayland,2009,49745902,51772028,51751542,20486,0.04,79034121,29288219
316,Webster,2009,15512257,15986220,15984866,1354,0.01,41773739,26261482
317,Wellesley,2009,82383610,89216917,89216037,880,0,235522800,153139190
318,Wellfleet,2009,11054950,11948161,11925035,23126,0.19,58227712,47172762
319,Wendell,2009,1607149,1688525,1431877,256648,15.2,2261334,654185
320,Wenham,2009,10597768,11712231,11705150,7081,0.06,21344183,10746415
321,West Boylston,2009,11968191,12731833,12725197,6636,0.05,22920023,10951832
322,West Bridgewater,2009,15535860,15768246,15759724,8522,0.05,27659055,12123195
323,West Brookfield,2009,3901348,4193024,4181077,11947,0.28,10547620,6646272
324,West Newbury,2009,9208965,9577837,9574975,2862,0.03,19815759,10606794
325,West Springfield,2009,53008088,53008088,52560384,447704,0.84,66371297,13363209
326,West Stockbridge,2009,4307817,4545740,3849812,695928,15.31,10404897,6097080
327,West Tisbury,2009,10948444,11853159,11179641,673518,5.68,65301641,54353197
328,Westborough,2009,53060709,55909854,55814538,95316,0.17,90023449,36962740
329,Westfield,2009,52404128,52404128,52377813,26315,0.05,81098251,28694123
330,Westford,2009,49131386,54284632,54282805,1827,0,97145700,48014314
331,Westhampton,2009,2969049,3309562,3281244,28318,0.86,5867746,2898697
332,Westminster,2009,12334167,13776212,13332795,443417,3.22,25639991,13305824
333,Weston,2009,50856820,58248257,56998334,1249923,2.15,129306565,78449745
334,Westport,2009,18336730,18716708,18696226,20482,0.11,84369251,66032521
335,Westwood,2009,48296355,50454882,50373089,81793,0.16,93391279,45094924
336,Weymouth,2009,73067219,73067219,73037764,29455,0.04,166851168,93783949
337,Whately,2009,3051235,3270783,3267761,3022,0.09,5637960,2586725
338,Whitman,2009,16273668,16874902,16558363,316539,1.88,36376018,20102350
339,Wilbraham,2009,26275193,26544786,26540992,3794,0.01,43395998,17120805
340,Williamsburg,2009,4138439,4353319,4352897,422,0.01,7845885,3707446
341,Williamstown,2009,12449759,12941523,12721746,219777,1.7,27898565,15448806
342,Wilmington,2009,50794258,52161994,52160536,1458,0,92633895,41839637
343,Winchendon,2009,8300881,9325332,9318206,7126,0.08,19204876,10903995
344,Winchester,2009,55077516,60099672,60073149,26523,0.04,133685807,78608291
345,Windsor,2009,1225156,1310028,1268887,41141,3.14,3038522,1813366
346,Winthrop,2009,19011914,19960658,19944314,16344,0.08,50010818,30998904
347,Woburn,2009,78916596,81809427,80491104,1318323,1.61,143496637,64580041
348,Worcester,2009,211198115,211198115,199181909,12016206,5.69,303431463,92233348
349,Worthington,2009,2029478,2169593,2112988,56605,2.61,4340567,2311089
350,Wrentham,2009,21679254,22933754,22931552,2202,0.01,45649319,23970065
351,Yarmouth,2009,39449375,42555504,42521724,33780,0.08,157955883,118506508
001,Abington,2010,23142606,25541900,25527245,14655,0.06,46044815,22902209
002,Acton,2010,61044467,64080933,64053135,27798,0.04,93535535,32491068
003,Acushnet,2010,12496701,12693381,12684229,9152,0.07,29793114,17296413
004,Adams,2010,8326580,8326580,7812443,514137,6.17,12350274,4023694
005,Agawam,2010,49364105,49364105,44261829,5102276,10.34,69907410,20543305
006,Alford,2010,1211375,1276105,1120979,155126,12.16,6227659,5016284
007,Amesbury,2010,32642326,34044022,33897918,146104,0.43,47689811,15047485
008,Amherst,2010,35666757,36067594,36059006,8588,0.02,53184375,17517618
009,Andover,2010,98313488,101350979,101290116,60863,0.06,170941431,72627943
010,Arlington,2010,76865559,83484213,83471036,13177,0.02,172318406,95452847
011,Ashburnham,2010,8848797,10139639,10134761,4878,0.05,15688485,6839688
012,Ashby,2010,4330269,4356649,4353805,2844,0.07,7979848,3649579
013,Ashfield,2010,2787259,3000551,2993734,6817,0.23,5527573,2740314
014,Ashland,2010,30742657,33241240,33228212,13028,0.04,55013596,24270939
015,Athol,2010,8948724,9637660,9634560,3100,0.03,18110076,9161352
016,Attleboro,2010,52909917,52909917,52889703,20214,0.04,106695259,53785342
017,Auburn,2010,30653593,32204816,31854264,350552,1.09,46560850,15907257
018,Avon,2010,12937870,14166967,14150490,16477,0.12,21129946,8192076
019,Ayer,2010,14667604,16085106,16028008,57098,0.35,24318586,9650982
020,Barnstable,2010,89040269,91841929,91769862,72067,0.08,334005451,244965182
021,Barre,2010,5436568,5656099,5574637,81462,1.44,11284690,5848122
022,Becket,2010,4261218,4391361,4388303,3058,0.07,13799695,9538477
023,Bedford,2010,45373543,47723183,46476193,1246990,2.61,68898389,23524846
024,Belchertown,2010,19334183,20520678,20470350,50328,0.25,34438678,15104495
025,Bellingham,2010,28341950,29343871,29324802,19069,0.06,55170348,26828398
026,Belmont,2010,61002594,64370616,64340138,30478,0.05,132278244,71275650
027,Berkley,2010,6036301,7342357,7340635,1722,0.02,20997239,14960938
028,Berlin,2010,7293844,7619287,7477861,141426,1.86,13982538,6688694
029,Bernardston,2010,3031764,3289066,3284304,4762,0.14,5307538,2275774
030,Beverly,2010,73181508,73181508,73125074,56434,0.08,141252542,68071034
031,Billerica,2010,88727914,88727914,88722752,5162,0.01,136332136,47604222
032,Blackstone,2010,13414365,13414365,13413654,711,0.01,23867712,10453347
033,Blandford,2010,1989559,2143523,2141793,1730,0.08,4242855,2253296
034,Bolton,2010,14330707,16458176,16404134,54042,0.33,23288095,8957388
035,Boston,2010,1465230356,1465230356,1465057908,172448,0.01,2181413301,716182945
036,Bourne,2010,33793497,34761790,34758502,3288,0.01,115247024,81453527
037,Boxborough,2010,14975582,15895592,15890797,4795,0.03,24033269,9057687
038,Boxford,2010,20793455,22021257,21599956,421301,1.91,43653912,22860457
039,Boylston,2010,8513042,8868348,8832948,35400,0.4,17224939,8711897
040,Braintree,2010,66332189,66332189,66301452,30737,0.05,133987957,67655768
041,Brewster,2010,22714729,23297605,23267617,29989,0.13,93821034,71106305
042,Bridgewater,2010,26655473,30110229,30106163,4066,0.01,61141680,34486207
043,Brimfield,2010,5265097,5300002,5296285,3717,0.07,11098669,5833572
044,Brockton,2010,99864769,99864769,99830326,34443,0.03,146705047,46840278
045,Brookfield,2010,3880233,4189693,4185942,3751,0.09,7328329,3448096
046,Brookline,2010,151047971,152715045,152681173,33872,0.02,371041112,219993141
047,Buckland,2010,2857813,3001199,2988701,12498,0.42,5422172,2564359
048,Burlington,2010,80744879,80744879,78982990,1761889,2.18,112983346,32238467
049,Cambridge,2010,367222291,367222291,268662984,98559307,26.84,606792515,239570224
050,Canton,2010,52764529,55093159,53681761,1411398,2.56,99740775,46976246
051,Carlisle,2010,19195378,20367379,20259541,107838,0.53,34643537,15448159
052,Carver,2010,16708879,16708879,16705040,3839,0.02,29152570,12443691
053,Charlemont,2010,2093492,2169670,2091631,78039,3.6,3311639,1218147
054,Charlton,2010,13850765,15179115,15176857,2258,0.01,37052874,23202109
055,Chatham,2010,21598507,24318420,24310668,7752,0.03,159101231,137502724
056,Chelmsford,2010,67396899,73559915,73559750,165,0,121385726,53988827
057,Chelsea,2010,35335938,35335938,35322260,13678,0.04,53291005,17955067
058,Cheshire,2010,2693949,2856736,2844559,12177,0.43,7622077,4928128
059,Chester,2010,1976718,2138025,2134924,3101,0.15,3188357,1211639
060,Chesterfield,2010,2251487,2385720,2204655,181065,7.59,3611820,1360333
061,Chicopee,2010,62394534,62394534,61340245,1054289,1.69,91633609,29239075
062,Chilmark,2010,5701519,6362106,6212985,149121,2.34,76514598,70813079
063,Clarksburg,2010,1410069,1429583,1239274,190309,13.31,3067510,1657441
064,Clinton,2010,16227728,17326627,17311484,15143,0.09,29119838,12892110
065,Cohasset,2010,24987602,27378631,27362660,15971,0.06,60968494,35980892
066,Colrain,2010,2448002,2603719,2525173,78546,3.02,4222697,1774695
067,Concord,2010,62197127,66709763,65797569,912194,1.37,125663806,63466679
068,Conway,2010,3553176,3593203,3408421,184782,5.14,6494704,2941528
069,Cummington,2010,1410326,1539366,1516083,23283,1.51,3179705,1769379
070,Dalton,2010,9419583,9756310,9723323,32987,0.34,15385005,5965422
071,Danvers,2010,56077728,56077728,56031976,45752,0.08,102423973,46346245
072,Dartmouth,2010,43550410,45073258,45046350,26908,0.06,132316014,88765604
073,Dedham,2010,63057453,66086642,66083247,3395,0.01,100146977,37089524
074,Deerfield,2010,7775242,8138171,8132230,5941,0.07,17142136,9366894
075,Dennis,2010,28974408,33316726,33261283,55443,0.17,157785974,128811566
076,Dighton,2010,11512415,11696711,11691727,4984,0.04,22619936,11107521
077,Douglas,2010,9872580,11062962,11054363,8599,0.08,23479955,13607375
078,Dover,2010,23254970,25036049,25024500,11549,0.05,57290523,34035553
079,Dracut,2010,33890126,34889356,34873484,15872,0.05,73821939,39931813
080,Dudley,2010,7024555,8705652,8688085,17567,0.2,22696148,15671593
081,Dunstable,2010,5878066,6815431,6810273,5158,0.08,12346397,6468331
082,Duxbury,2010,40050300,41372530,41362068,10462,0.03,87557299,47506999
083,East Bridgewater,2010,19732616,20010862,19997963,12899,0.06,40383609,20650993
084,East Brookfield,2010,2464808,2861641,2861227,414,0.01,5867980,3403172
085,East Longmeadow,2010,30388386,31199427,31197149,2278,0.01,44875071,14486685
086,Eastham,2010,14561284,15973786,15967221,6565,0.04,72446556,57885272
087,Easthampton,2010,16534470,17264476,17263326,1150,0.01,34777046,18242576
088,Easton,2010,38512475,41285551,41261393,24158,0.06,76466629,37954154
089,Edgartown,2010,17561343,20896801,20852727,44074,0.21,168711387,151150044
090,Egremont,2010,3206991,3333339,3074679,258660,7.76,11075934,7868943
091,Erving,2010,6940774,6940774,6890401,50373,0.73,15481573,8540799
092,Essex,2010,9042343,10223142,10174042,49100,0.48,20746414,11704071
093,Everett,2010,78633121,78633121,78427724,205397,0.26,92685065,14051944
094,Fairhaven,2010,20589418,21751311,21741410,9901,0.05,53236631,32647213
095,Fall River,2010,69220555,69220555,69160548,60007,0.09,152926083,83705528
096,Falmouth,2010,68190214,75534229,75436331,97898,0.13,279393819,211203605
097,Fitchburg,2010,37843439,37843439,37842529,910,0,61084550,23241111
098,Florida,2010,1924404,1924404,1923716,688,0.04,3082218,1157814
099,Foxborough,2010,31489548,32909160,32891580,17580,0.05,69744656,38255108
100,Framingham,2010,152369977,152660818,152568049,92769,0.06,198362033,45992056
101,Franklin,2010,50991490,52402285,52387728,14557,0.03,108868929,57877439
102,Freetown,2010,13803169,14334916,14324627,10289,0.07,31510071,17706902
103,Gardner,2010,17874711,17874711,17864052,10659,0.06,30053924,12179213
104,Aquinnah,2010,2573629,2700315,2690815,9500,0.35,17749441,15175812
105,Georgetown,2010,12406802,13019499,13011332,8167,0.06,30745113,18338311
106,Gill,2010,1983357,2041494,2040906,588,0.03,3721564,1738207
107,Gloucester,2010,56743703,56888438,56847363,41075,0.07,134535775,77792072
108,Goshen,2010,1710310,1856120,1815096,41024,2.21,3168813,1458503
109,Gosnold,2010,513486,523736,511586,12150,2.32,7066111,6552625
110,Grafton,2010,24576767,26792544,26782548,9996,0.04,53866750,29289983
111,Granby,2010,8329698,8430729,8428693,2036,0.02,14522215,6192517
112,Granville,2010,2328101,2328101,2322090,6011,0.26,5183236,2855135
113,Great Barrington,2010,15975315,17581112,16716276,864836,4.92,36276640,20301325
114,Greenfield,2010,24075002,24349978,24263376,86602,0.36,34309072,10234070
115,Groton,2010,21404093,24230033,24215080,14953,0.06,38363561,16959468
116,Groveland,2010,10250298,10237492,10231665,5827,0.06,21441041,11190743
117,Hadley,2010,7743943,8621201,8620248,953,0.01,23122982,15379039
118,Halifax,2010,11564843,12507019,12489796,17223,0.14,22319150,10754307
119,Hamilton,2010,20843010,22573301,22447259,126042,0.56,34449446,13606436
120,Hampden,2010,8187308,9017157,8902715,114442,1.27,14051003,5863695
121,Hancock,2010,1797504,1797504,1137735,659769,36.7,8173386,6375882
122,Hanover,2010,29562314,32012253,31998526,13727,0.04,59226526,29664212
123,Hanson,2010,13673974,14476661,14470088,6573,0.05,30196344,16522370
124,Hardwick,2010,2916667,2956866,2873681,83185,2.81,6495662,3578995
125,Harvard,2010,15148116,16328382,16321806,6576,0.04,28474888,13326772
126,Harwich,2010,31335928,34778027,34762730,15297,0.04,123622794,92286866
127,Hatfield,2010,4970172,5228956,5201426,27530,0.53,11962800,6992628
128,Haverhill,2010,76563821,78135637,78130941,4696,0.01,137463100,60899279
129,Hawley,2010,628569,693248,689878,3370,0.49,1177266,548697
130,Heath,2010,1659017,1679654,1599914,79740,4.75,2355586,696569
131,Hingham,2010,56676035,60839893,60700853,139040,0.23,140902631,84226596
132,Hinsdale,2010,3453801,3536199,3072671,463528,13.11,6901776,3447975
133,Holbrook,2010,17568142,19691117,19688359,2758,0.01,27386901,9818759
134,Holden,2010,25612749,27898186,27882942,15244,0.05,47099565,21486816
135,Holland,2010,4139085,4410163,4408508,1655,0.04,8343127,4204042
136,Holliston,2010,30723801,33629458,33617609,11849,0.04,51529137,20805336
137,Holyoke,2010,46315077,46315077,46302457,12620,0.03,54172531,7857454
138,Hopedale,2010,10476479,10476479,10191026,285453,2.72,17676368,7199889
139,Hopkinton,2010,41934889,45048497,44362746,685751,1.52,70372376,28437487
140,Hubbardston,2010,5116016,5256283,5254207,2076,0.04,12287667,7171651
141,Hudson,2010,34415837,35749552,35744977,4575,0.01,58274325,23858488
142,Hull,2010,21932131,22392776,22376159,16617,0.07,48771054,26838923
143,Huntington,2010,2565959,2800266,2798205,2061,0.07,4964877,2398918
144,Ipswich,2010,26170068,28244865,28228577,16288,0.06,61153764,34983696
145,Kingston,2010,22700526,24530133,24525220,4913,0.02,45282902,22582376
146,Lakeville,2010,14791122,15844252,15837509,6743,0.04,38741461,23950339
147,Lancaster,2010,11990897,13278760,13274243,4517,0.03,20650659,8659762
148,Lanesborough,2010,6401667,6671628,6670163,1465,0.02,10230312,3828645
149,Lawrence,2010,47370629,47370629,47338144,32485,0.07,74498235,27127606
150,Lee,2010,11446321,12060010,11211691,848319,7.03,22227778,10781457
151,Leicester,2010,10503449,11360018,11358694,1324,0.01,24208641,13705192
152,Lenox,2010,12561088,12496645,12494799,1846,0.01,29568691,17007603
153,Leominster,2010,53733040,53733040,48512757,5220284,9.72,87758243,34025203
154,Leverett,2010,3867524,4146052,4123547,22505,0.54,6524599,2657075
155,Lexington,2010,115979751,121726137,121667460,58677,0.05,197289765,81310014
156,Leyden,2010,1395735,1545365,1395474,149891,9.7,2101618,705883
157,Lincoln,2010,20689748,21586640,21502931,83709,0.39,46323406,25633658
158,Littleton,2010,22446795,23747016,23731617,15399,0.06,36284972,13838177
159,Longmeadow,2010,36942237,38104928,38104053,875,0,52111670,15169433
160,Lowell,2010,105090415,105090415,100280358,4810057,4.58,159766828,54676413
161,Ludlow,2010,27426193,27880471,26697121,1183350,4.24,45035629,17609436
162,Lunenburg,2010,16418410,17433697,17427297,6400,0.04,30681860,14263450
163,Lynn,2010,93462876,93462876,93082995,379881,0.41,131170788,37707912
164,Lynnfield,2010,27532182,30652912,30644103,8809,0.03,59336966,31804784
165,Malden,2010,62347717,62347717,62311663,36054,0.06,127484246,65136529
166,Manchester By The Sea,2010,16293008,18783808,18774083,9725,0.05,57659961,41366953
167,Mansfield,2010,42541019,45236732,45227160,9572,0.02,81869538,39328519
168,Marblehead,2010,45523653,50239716,50236885,2831,0.01,131235332,85711679
169,Marion,2010,13399992,14172569,14132131,40438,0.29,41322020,27922028
170,Marlborough,2010,98943862,98943862,80996050,17947812,18.14,117902971,18959109
171,Marshfield,2010,45284890,46120089,46097126,22963,0.05,107202620,61917730
172,Mashpee,2010,34136522,36450272,36431503,18769,0.05,116917532,82781010
173,Mattapoisett,2010,15974267,17486457,17476505,9952,0.06,42254606,26280339
174,Maynard,2010,20920609,22410902,22402823,8079,0.04,31996088,11075479
175,Medfield,2010,29563613,32727721,32636573,91148,0.28,57297353,27733740
176,Medford,2010,81619857,81619857,81579084,40773,0.05,164536816,82916959
177,Medway,2010,24781324,26875658,26693546,182112,0.68,40966154,16184830
178,Melrose,2010,41730917,43780661,43776217,4444,0.01,87970797,46239880
179,Mendon,2010,9213225,10345029,10339931,5098,0.05,20729613,11516388
180,Merrimac,2010,9031627,9439035,9427038,11997,0.13,18018039,8986412
181,Methuen,2010,63338518,63338518,61297488,2041030,3.22,114679775,51341257
182,Middleborough,2010,29284620,29682192,29664141,18051,0.06,62027636,32743016
183,Middlefield,2010,1069164,1130598,1060852,69746,6.17,1604435,535271
184,Middleton,2010,18085420,19199235,18653263,545972,2.84,39386113,21300693
185,Milford,2010,50029338,50029338,50022143,7195,0.01,76873444,26844106
186,Millbury,2010,17061616,18647735,18641072,6663,0.04,34623091,17561475
187,Millis,2010,14234728,14550964,14542360,8604,0.06,26653886,12419158
188,Millville,2010,3501332,3799038,3780992,18046,0.48,8017371,4516039
189,Milton,2010,56946939,60125886,60119480,6407,0.01,110295523,53348584
190,Monroe,2010,516096,516096,469239,46857,9.08,534815,18719
191,Monson,2010,9570138,10374939,10371516,3423,0.03,19277911,9707773
192,Montague,2010,11458497,11877465,11872164,5301,0.04,18620200,7161703
193,Monterey,2010,2612535,2847700,2634566,213134,7.48,12311056,9698521
194,Montgomery,2010,1227356,1299273,1283310,15963,1.23,2437899,1210543
195,Mount Washington,2010,449627,449627,448086,1541,0.34,1689614,1239987
196,Nahant,2010,6487169,7337997,7333651,4346,0.06,19462980,12975811
197,Nantucket,2010,52503548,61394213,61333595,60618,0.1,501575200,449071652
198,Natick,2010,76106387,77024747,76971074,53673,0.07,164890904,88784517
199,Needham,2010,81866037,87870506,87832127,38379,0.04,185794098,103928061
200,New Ashford,2010,365367,365367,360869,4498,1.23,1138383,773016
201,New Bedford,2010,92183141,92183141,92148728,34413,0.04,162119114,69935973
202,New Braintree,2010,1443589,1602519,1592575,9944,0.62,2847953,1404364
203,New Marlborough,2010,3448378,3711661,3710007,1654,0.04,12092591,8644213
204,New Salem,2010,1407700,1482858,1481732,1126,0.08,2991963,1584263
205,Newbury,2010,11592302,13027860,13019005,8855,0.07,34188564,22596262
206,Newburyport,2010,38266940,39337753,39290603,47150,0.12,84242287,45975347
207,Newton,2010,233388825,233388825,233300284,88541,0.04,512195793,278806968
208,Norfolk,2010,19779062,21130320,21121919,8401,0.04,37530061,17750999
209,North Adams,2010,12448891,12448891,11601589,847302,6.81,18179587,5730696
210,North Andover,2010,53569478,56739534,56715432,24102,0.04,105826476,52256998
211,North Attleborough,2010,38610558,39175368,39140407,34961,0.09,93727028,55116470
212,North Brookfield,2010,4212324,4944018,4936650,7368,0.15,9826135,5613811
213,North Reading,2010,31357236,33754100,33731195,22905,0.07,62604297,31247061
214,Northampton,2010,39156687,40377336,40366537,10799,0.03,79838878,40682191
215,Northborough,2010,34028610,35784723,35640190,144533,0.4,61961387,27932777
216,Northbridge,2010,15105959,15983344,15973750,9594,0.06,38398437,23292478
217,Northfield,2010,4877377,5485159,5482186,2973,0.05,9852958,4975581
218,Norton,2010,25577557,25577557,25563230,14327,0.06,55188320,29610763
219,Norwell,2010,28687087,30245703,30222063,23640,0.08,59258946,30571859
220,Norwood,2010,50547698,51389742,51359181,30561,0.06,109224937,58677239
221,Oak Bluffs,2010,15953001,18138415,18104367,34048,0.19,71842727,55889726
222,Oakham,2010,2064408,2114727,2098808,15919,0.75,5084322,3019914
223,Orange,2010,7481066,7364386,7359637,4749,0.06,13265388,5784322
224,Orleans,2010,17513574,19487632,19486884,748,0,94596525,77082951
225,Otis,2010,3827314,3922598,3836288,86310,2.2,15151218,11323904
226,Oxford,2010,16110020,16550659,16541483,9176,0.06,33620900,17510880
227,Palmer,2010,13926820,14637768,14631402,6366,0.04,24369424,10442604
228,Paxton,2010,6863946,8194819,8190388,4431,0.05,12561945,5697999
229,Peabody,2010,86569292,86569292,82691471,3877821,4.48,159789073,73219781
230,Pelham,2010,2877045,3301216,3262497,38719,1.17,4447243,1570198
231,Pembroke,2010,27638644,30222322,30214426,7896,0.03,58600517,30961873
232,Pepperell,2010,14244359,14808459,14808384,75,0,29428425,15184066
233,Peru,2010,1484058,1521642,1313313,208329,13.69,2141736,657678
234,Petersham,2010,1871361,2048972,2048560,412,0.02,3850677,1979316
235,Phillipston,2010,2455728,2584228,2581000,3228,0.12,5170272,2714544
236,Pittsfield,2010,66808427,66808427,60258991,6549436,9.8,86814652,20006225
237,Plainfield,2010,1157833,1238186,1228120,10066,0.81,2111624,953791
238,Plainville,2010,13492641,14816971,14810157,6814,0.05,29455364,15962723
239,Plymouth,2010,117419638,117443465,111626292,5817173,4.95,224690603,107270965
240,Plympton,2010,5395088,5695650,5692335,3315,0.06,9480905,4085817
241,Princeton,2010,6891210,7277349,7273306,4043,0.06,11822669,4931459
242,Provincetown,2010,14545634,14865504,14836743,28761,0.19,60607610,46061976
243,Quincy,2010,178379912,178379912,170196503,8183409,4.59,271254168,92874256
244,Randolph,2010,46012855,46601918,46587638,14280,0.03,75254874,29242019
245,Raynham,2010,21910429,25106271,25102090,4181,0.02,46922723,25012294
246,Reading,2010,48073001,50181143,50129211,51932,0.1,91144020,43071019
247,Rehoboth,2010,15978062,16647445,16643187,4258,0.03,44643742,28665680
248,Revere,2010,61930321,61930321,61893165,37156,0.06,100901916,38971595
249,Richmond,2010,3770968,3951852,3910487,41365,1.05,10959885,7188917
250,Rochester,2010,8306645,8896213,8888149,8064,0.09,20593488,12286843
251,Rockland,2010,24157959,24441258,24427503,13755,0.06,42438331,18280372
252,Rockport,2010,15879564,16752175,16680112,72063,0.43,46540491,30660927
253,Rowe,2010,2744962,2902556,2901252,1304,0.04,7087552,4342590
254,Rowley,2010,10353715,10982963,10976426,6537,0.06,21952851,11599136
255,Royalston,2010,1227853,1300230,1299363,867,0.07,3738098,2510245
256,Russell,2010,2496042,2496042,2469473,26569,1.06,3454774,958732
257,Rutland,2010,8985223,10185526,10181570,3956,0.04,19701180,10715957
258,Salem,2010,70134978,70134978,70082325,52653,0.08,107364086,37229108
259,Salisbury,2010,14071968,14841245,14807358,33887,0.23,37544011,23472043
260,Sandisfield,2010,2164272,2209360,2088724,120636,5.46,6050766,3886494
261,Sandwich,2010,43634101,45335283,45306693,28590,0.06,100771115,57137014
262,Saugus,2010,46008367,48102522,48099769,2753,0.01,99053424,53045057
263,Savoy,2010,1020225,1037750,1037371,379,0.04,1632112,611887
264,Scituate,2010,40315308,42093334,42053907,39427,0.09,99559440,59244132
265,Seekonk,2010,27933817,29376336,29328973,47363,0.16,55012821,27079004
266,Sharon,2010,48836235,50800751,48436773,2363978,4.65,67573623,18737388
267,Sheffield,2010,7512031,7661711,7587851,73860,0.96,15523427,8011396
268,Shelburne,2010,2861621,2861621,2845757,15864,0.55,5610720,2749099
269,Sherborn,2010,17850453,19652749,19435444,217305,1.11,27860441,10009988
270,Shirley,2010,7308142,7712095,7706291,5804,0.08,15650469,8342327
271,Shrewsbury,2010,45822874,49185892,49102727,83165,0.17,119065779,73242905
272,Shutesbury,2010,3911597,4037700,3994738,42962,1.06,5323478,1411881
273,Somerset,2010,44095488,44095488,38410099,5685389,12.89,64201976,20106488
274,Somerville,2010,96510127,96510127,96493032,17095,0.02,206531996,110021869
275,South Hadley,2010,19667652,20470085,20469599,486,0,36578984,16911332
276,Southampton,2010,7654017,8166598,8163068,3530,0.04,16511060,8857043
277,Southborough,2010,29114108,31578847,30939774,639073,2.02,55013822,25899714
278,Southbridge,2010,15313942,15243912,14787527,456385,2.99,24385763,9071821
279,Southwick,2010,13520421,13520421,13518819,1602,0.01,25146613,11626192
280,Spencer,2010,9868551,10332039,10324778,7261,0.07,26285077,16416526
281,Springfield,2010,170824032,170824032,170816604,7428,0,174870473,4046441
282,Sterling,2010,14081773,15436570,14536304,900266,5.83,25430903,11349130
283,Stockbridge,2010,6313368,7181206,6030667,1150539,16.02,21568910,15255542
284,Stoneham,2010,35925912,37827985,37818847,9138,0.02,76696120,40770208
285,Stoughton,2010,46927707,47440883,47413861,27022,0.06,82021471,35093764
286,Stow,2010,18362259,19435373,19400398,34975,0.18,29252711,10890452
287,Sturbridge,2010,17192597,17632589,17541169,91420,0.52,30139465,12946868
288,Sudbury,2010,60770205,65621154,65529153,92001,0.14,100091537,39321332
289,Sunderland,2010,3819367,4328266,4324788,3478,0.08,8540261,4720894
290,Sutton,2010,13253951,15637992,15630850,7142,0.05,31718445,18464494
291,Swampscott,2010,35992932,40167819,40163797,4022,0.01,57469481,21476549
292,Swansea,2010,22849337,22805847,22803230,2617,0.01,51923563,29074226
293,Taunton,2010,65242165,66571540,66559923,11617,0.02,128037763,62795598
294,Templeton,2010,6398157,7247911,7243364,4547,0.06,15411412,9013255
295,Tewksbury,2010,51841268,53831256,53789808,41448,0.08,96292502,44451234
296,Tisbury,2010,16489856,17619326,17290096,329230,1.87,67936488,51446632
297,Tolland,2010,928024,928024,927465,559,0.06,4871139,3943115
298,Topsfield,2010,15936241,16816263,16635885,180378,1.07,29985373,14049132
299,Townsend,2010,12415664,13228338,13219271,9067,0.07,21586008,9170344
300,Truro,2010,10322442,11582161,11560565,21596,0.19,53620433,43297991
301,Tyngsborough,2010,19139265,19371323,19353956,17368,0.09,34684508,15545243
302,Tyringham,2010,1102170,1102170,1066893,35277,3.2,4662995,3560825
303,Upton,2010,11833714,13451677,13451386,291,0,26333959,14500245
304,Uxbridge,2010,18994207,19971165,19942653,28512,0.14,39726401,20732194
305,Wakefield,2010,47529051,47529051,47521054,7997,0.02,94627054,47098003
306,Wales,2010,2432194,2459404,2455729,3675,0.15,4234015,1801821
307,Walpole,2010,47054580,48510112,48474619,35493,0.07,91979971,44925391
308,Waltham,2010,143322336,143322336,139964888,3357448,2.34,213566003,70243667
309,Ware,2010,11113136,11297603,11290077,7526,0.07,19533005,8419869
310,Wareham,2010,29449479,29746698,29715897,30801,0.1,91602642,62153163
311,Warren,2010,5520722,5976089,5733295,242794,4.06,9229386,3708664
312,Warwick,2010,1289978,1420241,1327854,92387,6.51,2054230,764252
313,Washington,2010,846570,916510,877683,38827,4.24,1766672,920102
314,Watertown,2010,69411264,69814603,69789887,24716,0.04,124215550,54804286
315,Wayland,2010,51510951,53726343,53708371,17972,0.03,75517957,24007006
316,Webster,2010,16074319,16535032,16533224,1808,0.01,38819896,22745577
317,Wellesley,2010,85858785,94163155,94130637,32518,0.03,224548275,138689490
318,Wellfleet,2010,11418618,13379030,13336483,42547,0.32,54747469,43328851
319,Wendell,2010,1658604,1672773,1518938,153836,9.2,2264367,605763
320,Wenham,2010,10909540,11995547,11985105,10442,0.09,19256274,8346734
321,West Boylston,2010,12312461,13022989,13017563,5426,0.04,21452807,9140346
322,West Bridgewater,2010,16174251,16744129,16740808,3321,0.02,26212961,10038710
323,West Brookfield,2010,4024909,4288508,4280488,8020,0.19,9486896,5461987
324,West Newbury,2010,9534445,9877514,9870295,7219,0.07,19098868,9564423
325,West Springfield,2010,55392213,55392213,54897474,494739,0.89,64362598,8970385
326,West Stockbridge,2010,4488845,4691879,3941126,750753,16,10481717,5992872
327,West Tisbury,2010,11321167,12244099,11339789,904310,7.39,63563840,52242673
328,Westborough,2010,55012497,57707739,57603680,104059,0.18,84811071,29798574
329,Westfield,2010,54400433,54400433,54355122,45311,0.08,80299137,25898704
330,Westford,2010,50891093,55939943,55927681,12262,0.02,95570510,44679417
331,Westhampton,2010,3090534,3412359,3385488,26871,0.79,5781229,2690695
332,Westminster,2010,12794308,14324083,13332626,991457,6.92,23114816,10320508
333,Weston,2010,53239896,60445804,58075330,2370474,3.92,130800293,77560397
334,Westport,2010,18997071,19538734,19535204,3530,0.02,77891562,58894491
335,Westwood,2010,50161830,51883910,51832246,51664,0.1,89167073,39005243
336,Weymouth,2010,75390798,75390798,75388726,2072,0,153785993,78395195
337,Whately,2010,3177779,3317931,3309710,8221,0.25,5702463,2524684
338,Whitman,2010,16839150,17424767,17402441,22326,0.13,35085567,18246417
339,Wilbraham,2010,27180489,27430082,27418785,11297,0.04,42339075,15158586
340,Williamsburg,2010,4317378,4526337,4506455,19882,0.44,7807440,3490062
341,Williamstown,2010,12884371,13364228,13181190,183038,1.37,26791036,13906665
342,Wilmington,2010,53085068,54301179,54296612,4567,0.01,87434527,34349459
343,Winchendon,2010,8604210,9602544,9601474,1070,0.01,18184610,9580400
344,Winchester,2010,56925815,61748045,61743221,4824,0.01,134559008,77633193
345,Windsor,2010,1270026,1303464,1282417,21047,1.61,2883131,1613105
346,Winthrop,2010,22099165,23061578,23057153,4425,0.02,45388097,23288932
347,Woburn,2010,81687251,84516991,82929537,1587454,1.88,139022357,57335106
348,Worcester,2010,219534515,219534515,207502880,12031635,5.48,272798559,53264044
349,Worthington,2010,2113732,2228872,2148026,80846,3.63,4387308,2273576
350,Wrentham,2010,22469571,23743141,23735939,7202,0.03,44110395,21640824
351,Yarmouth,2010,41244604,44526576,44519715,6861,0.02,144170060,102925456
001,Abington,2011,24112520,26888544,26884928,3616,0.01,44393870,20281350
002,Acton,2011,63020285,66118401,65825191,293210,0.44,91019346,27999061
003,Acushnet,2011,12885781,13077181,13072741,4440,0.03,28165755,15279974
004,Adams,2011,8593334,8593334,8197966,395368,4.6,12422430,3829096
005,Agawam,2011,51128407,51128407,45605085,5523322,10.8,67240443,16112036
006,Alford,2011,1252334,1260394,1091526,168868,13.4,6346084,5093750
007,Amesbury,2011,34095111,35412407,34168834,1243573,3.51,46274152,12179041
008,Amherst,2011,38606791,38959257,38532310,426947,1.1,52928998,14322207
009,Andover,2011,101868863,104729225,104658300,70925,0.07,165413789,63544926
010,Arlington,2011,79443949,85982929,85958974,23955,0.03,173164735,93720786
011,Ashburnham,2011,9171097,10411219,10406223,4996,0.05,15169422,5998325
012,Ashby,2011,4507074,4507074,4504594,2480,0.06,7558044,3050970
013,Ashfield,2011,2899194,3101859,3098562,3297,0.11,5556962,2657768
014,Ashland,2011,31777520,34204947,34203045,1902,0.01,53744572,21967052
015,Athol,2011,9283274,9932860,9926398,6462,0.07,17550208,8266934
016,Attleboro,2011,54646779,54646779,54609406,37373,0.07,100972746,46325967
017,Auburn,2011,32019016,33576046,32742657,833389,2.48,45638561,13619545
018,Avon,2011,13677077,14960634,14959047,1587,0.01,19805859,6128782
019,Ayer,2011,15467685,16828726,16739697,89029,0.53,24184140,8716455
020,Barnstable,2011,91966048,94677069,94579103,97967,0.1,324683597,232717549
021,Barre,2011,5629406,5845017,5843862,1155,0.02,10797971,5168565
022,Becket,2011,4428273,4685269,4681354,3915,0.08,13269145,8840872
023,Bedford,2011,47521132,50577989,49947160,630829,1.25,68801885,21280753
024,Belchertown,2011,20069367,21178192,21156835,21357,0.1,33796862,13727495
025,Bellingham,2011,29488992,30465020,30445301,19719,0.06,54568964,25079972
026,Belmont,2011,63040178,67857849,67665575,192274,0.28,127767324,64727146
027,Berkley,2011,7018120,8841651,8835650,6001,0.07,20062784,13044664
028,Berlin,2011,7576663,8024343,7937344,86999,1.08,14041210,6464547
029,Bernardston,2011,3149373,3488357,3393787,94570,2.71,5359740,2210367
030,Beverly,2011,75899920,75899920,75897750,2170,0,136892206,60992286
031,Billerica,2011,93439511,93478028,93441151,36877,0.04,132948383,39508872
032,Blackstone,2011,13836287,13836287,13688362,147925,1.07,22063769,8227482
033,Blandford,2011,2070275,2224511,2221857,2654,0.12,4182712,2112437
034,Bolton,2011,14922245,17054257,17053385,872,0.01,21953379,7031134
035,Boston,2011,1539708700,1539708700,1539679824,28876,0,2170014572,630305872
036,Bourne,2011,34879972,36113953,36075758,38195,0.11,109853099,74973127
037,Boxborough,2011,15521567,16403459,16399526,3933,0.02,23589652,8068085
038,Boxford,2011,21400928,22618675,22244900,373775,1.65,40563274,19162346
039,Boylston,2011,8805601,9244998,9244518,480,0.01,14758171,5952570
040,Braintree,2011,69121648,69121648,69110686,10962,0.02,130521355,61399707
041,Brewster,2011,23406635,23808229,23787595,20634,0.09,85690184,62283549
042,Bridgewater,2011,30325545,33780672,33763968,16704,0.05,58536699,28211154
043,Brimfield,2011,5447427,5587567,5585378,2189,0.04,10074636,4627209
044,Brockton,2011,103342047,103342047,103334603,7444,0.01,140729727,37387680
045,Brookfield,2011,4027154,4382162,4268764,113398,2.59,7354866,3327712
046,Brookline,2011,156653254,157912198,157878286,33912,0.02,373160927,216507673
047,Buckland,2011,2946731,3073398,3061289,12109,0.39,5423970,2477239
048,Burlington,2011,84515741,84515741,82036147,2479594,2.93,111719180,27203439
049,Cambridge,2011,383312103,383312103,283961699,99350404,25.92,604051940,220739837
050,Canton,2011,54453125,56713896,56595429,118467,0.21,99366727,44913602
051,Carlisle,2011,19908880,21016019,20989731,26288,0.13,32532131,12623251
052,Carver,2011,17909966,17909966,17906856,3110,0.02,28457490,10547524
053,Charlemont,2011,2187363,2243732,2096286,147446,6.57,3275447,1088084
054,Charlton,2011,14407097,16017140,16009793,7347,0.05,34593331,20186234
055,Chatham,2011,22377880,25120570,25046886,73684,0.29,146301904,123924024
056,Chelmsford,2011,70009328,76402356,76361143,41213,0.05,114176350,44167022
057,Chelsea,2011,36753162,36753162,36752342,820,0,52540136,15786974
058,Cheshire,2011,2775575,2883748,2881455,2293,0.08,7622897,4847322
059,Chester,2011,2059058,2216973,2216251,722,0.03,2972440,913382
060,Chesterfield,2011,2351716,2484811,2298538,186273,7.5,3558109,1206393
061,Chicopee,2011,64589751,64589751,64576832,12919,0.02,90579846,25990095
062,Chilmark,2011,5892513,6554721,6553035,1686,0.03,76913553,71021040
063,Clarksburg,2011,1454510,1474024,1367697,106327,7.21,3077625,1623115
064,Clinton,2011,16987105,17956612,17813256,143356,0.8,27666274,10679169
065,Cohasset,2011,25972441,28295882,28283096,12786,0.05,61007541,35035100
066,Colrain,2011,2544380,2587898,2523923,63975,2.47,4234771,1690391
067,Concord,2011,64569355,68584785,66545397,2039388,2.97,126128501,61559146
068,Conway,2011,3686538,3708197,3416089,292108,7.88,6579524,2892986
069,Cummington,2011,1469134,1620851,1594091,26760,1.65,3200987,1731853
070,Dalton,2011,9722048,10327900,10295115,32785,0.32,14808853,5086805
071,Danvers,2011,58288759,58288759,58243194,45565,0.08,98257072,39968313
072,Dartmouth,2011,45074775,46492310,46482399,9911,0.02,126865291,81790516
073,Dedham,2011,68099488,71363443,71352386,11057,0.02,100504918,32405430
074,Deerfield,2011,8086556,8349008,8346127,2881,0.03,16936134,8849578
075,Dennis,2011,31541914,33996877,33883395,113482,0.33,151535757,119993843
076,Dighton,2011,12298314,12480180,12232043,248137,1.99,22211542,9913228
077,Douglas,2011,10204753,11329740,11325137,4603,0.04,21271857,11067104
078,Dover,2011,24120237,25992784,25786281,206503,0.79,55098891,30978654
079,Dracut,2011,35031818,36008946,36003741,5205,0.01,70929355,35897537
080,Dudley,2011,7258639,9080609,9072853,7756,0.09,21479291,14220652
081,Dunstable,2011,6052882,7095498,7087563,7935,0.11,12119636,6066754
082,Duxbury,2011,41306012,42969020,42246328,722692,1.68,83822080,42516068
083,East Bridgewater,2011,20493856,20768437,20753265,15172,0.07,39275672,18781816
084,East Brookfield,2011,2553554,3068118,3067456,662,0.02,5536924,2983370
085,East Longmeadow,2011,31415792,32608445,31584291,1024154,3.14,44686319,13270527
086,Eastham,2011,14993275,16331031,16313088,17943,0.11,69006297,54013022
087,Easthampton,2011,17257740,17790667,17777530,13137,0.07,35022715,17764975
088,Easton,2011,39855594,42671102,42667348,3754,0.01,73513693,33658099
089,Edgartown,2011,19227858,22372153,22317463,54690,0.24,164098994,144871136
090,Egremont,2011,3327615,3343347,2923718,419629,12.55,10251466,6923851
091,Erving,2011,7198832,7198832,7198263,569,0.01,15651920,8453088
092,Essex,2011,9322348,10587299,10584629,2670,0.03,19428468,10106120
093,Everett,2011,81917446,81917446,81890151,27295,0.03,81917446,0
094,Fairhaven,2011,21248247,22392590,22383840,8750,0.04,50749090,29500843
095,Fall River,2011,72606875,72606875,72580040,26835,0.04,143663588,71056713
096,Falmouth,2011,70672570,79555627,79525925,29702,0.04,276131684,205459114
097,Fitchburg,2011,39332032,39332032,39310151,21881,0.06,56878585,17546553
098,Florida,2011,1977272,1977272,1951881,25391,1.28,3039383,1062111
099,Foxborough,2011,32571015,34607067,34594937,12130,0.04,66837204,34266189
100,Framingham,2011,157811876,158229056,158170699,58357,0.04,186490344,28678468
101,Franklin,2011,52779599,54325733,54290236,35497,0.07,104807406,52027807
102,Freetown,2011,14301048,14828735,14824304,4431,0.03,29361465,15060417
103,Gardner,2011,18802948,18802948,18796984,5964,0.03,29988806,11185858
104,Aquinnah,2011,2650926,2787307,2766055,21252,0.76,17914866,15263940
105,Georgetown,2011,12801307,13329468,13320544,8924,0.07,28535869,15734562
106,Gill,2011,2059205,2117342,2115930,1412,0.07,3805630,1746425
107,Gloucester,2011,58859206,60248754,60243937,4817,0.01,132201998,73342792
108,Goshen,2011,1777936,1920993,1869752,51241,2.67,3195066,1417130
109,Gosnold,2011,527958,538938,536372,2566,0.48,6841484,6313526
110,Grafton,2011,25583903,28372467,28255990,116477,0.41,51826834,26242931
111,Granby,2011,8649764,8746437,8745226,1211,0.01,14594837,5945073
112,Granville,2011,2411234,2411234,2407543,3691,0.15,5057864,2646630
113,Great Barrington,2011,16530108,17981294,16926973,1054321,5.86,34800521,18270413
114,Greenfield,2011,24950737,24449274,24440332,8942,0.04,33682928,8732191
115,Groton,2011,22218554,24777222,24659637,117585,0.47,37636808,15418254
116,Groveland,2011,10569917,10547722,10526520,21202,0.2,20969162,10399245
117,Hadley,2011,8082295,9038287,9032811,5476,0.06,22764140,14681845
118,Halifax,2011,12027460,12938396,12598929,339467,2.62,19972937,7945477
119,Hamilton,2011,21479338,22972171,22909942,62229,0.27,33318706,11839368
120,Hampden,2011,8451020,8986053,8802186,183867,2.05,14069991,5618971
121,Hancock,2011,1845691,1845691,1016085,829606,44.95,8167884,6322193
122,Hanover,2011,30841185,32414154,32384664,29490,0.09,56708176,25866991
123,Hanson,2011,14132304,14689569,14689324,245,0,30349843,16217539
124,Hardwick,2011,3013968,3052536,2953022,99515,3.26,5953672,2939704
125,Harvard,2011,15624222,16756345,16751373,4972,0.03,27070739,11446517
126,Harwich,2011,32458069,35855842,35819087,36755,0.1,116295738,83837669
127,Hatfield,2011,5266376,5517532,5474938,42594,0.77,12626701,7360325
128,Haverhill,2011,79381800,80933154,80912353,20802,0.03,130412330,51030530
129,Hawley,2011,657568,715634,696336,19298,2.7,1188287,530719
130,Heath,2011,1715668,1780665,1665584,115081,6.46,2211344,495676
131,Hingham,2011,58752925,62596399,62042674,553725,0.88,139987984,81235059
132,Hinsdale,2011,3584426,3680430,3185315,495115,13.45,6973106,3388680
133,Holbrook,2011,18171764,20400699,20396687,4012,0.02,25773744,7601980
134,Holden,2011,26597088,29116301,29098521,17780,0.06,46483260,19886172
135,Holland,2011,4270229,4487231,4485765,1466,0.03,7691642,3421413
136,Holliston,2011,32799604,35595821,35590640,5181,0.01,49596768,16797164
137,Holyoke,2011,47872194,47872194,47823808,48386,0.1,54172583,6300389
138,Hopedale,2011,10820170,10820170,10111296,708874,6.55,16448056,5627886
139,Hopkinton,2011,43527576,46522765,45620726,902039,1.94,68172035,24644459
140,Hubbardston,2011,5261531,5120253,5119724,529,0.01,11296832,6035301
141,Hudson,2011,36007706,37213418,37025799,187619,0.5,55881625,19873919
142,Hull,2011,22684290,23145329,23130662,14667,0.06,46823202,24138912
143,Huntington,2011,2722665,2936059,2935751,308,0.01,5006398,2283733
144,Ipswich,2011,27102937,29116373,29056294,60079,0.21,60533946,33431009
145,Kingston,2011,23530852,25499814,25497601,2213,0.01,43511264,19980412
146,Lakeville,2011,15407495,16485343,16479503,5840,0.04,36784605,21377110
147,Lancaster,2011,12519971,13807772,13796691,11081,0.08,20135276,7615305
148,Lanesborough,2011,6587710,6827632,6822048,5584,0.08,10249471,3661761
149,Lawrence,2011,49642351,49642351,49599717,42634,0.09,71355539,21713188
150,Lee,2011,11863576,12483694,11699283,784411,6.28,22395259,10531683
151,Leicester,2011,10852535,11693259,11689644,3615,0.03,23492050,12639515
152,Lenox,2011,12968306,12854724,12853541,1183,0.01,28886006,15917700
153,Leominster,2011,55913854,55913854,50691118,5222736,9.34,82237375,26323521
154,Leverett,2011,4014638,4282156,4258483,23673,0.55,6571733,2557095
155,Lexington,2011,122259637,128013186,127955723,57463,0.04,199342980,77083343
156,Leyden,2011,1447870,1566966,1401388,165578,10.57,2132361,684491
157,Lincoln,2011,21941101,23336123,23323148,12975,0.06,46581077,24639976
158,Littleton,2011,23940821,25736300,25723971,12329,0.05,37131566,13190745
159,Longmeadow,2011,38187266,39433047,39413735,19312,0.05,52551647,14364381
160,Lowell,2011,109393219,109393219,104467330,4925889,4.5,153746528,44353309
161,Ludlow,2011,28557900,28961212,28137666,823546,2.84,44805201,16247301
162,Lunenburg,2011,17017602,18009326,18006811,2515,0.01,27857072,10839470
163,Lynn,2011,97460843,97460843,97434566,26277,0.03,131526608,34065765
164,Lynnfield,2011,28460177,31570001,31554004,15997,0.05,58085286,29625109
165,Malden,2011,64906024,64906024,64868653,37371,0.06,119873501,54967477
166,Manchester By The Sea,2011,16845053,19551021,19538221,12800,0.07,54032689,37187636
167,Mansfield,2011,44145903,46673176,46645067,28109,0.06,76602210,32456307
168,Marblehead,2011,47301454,51380501,51376323,4178,0.01,125799027,78497573
169,Marion,2011,13905429,14716254,14703072,13182,0.09,39103915,25198486
170,Marlborough,2011,103447705,103447705,83511878,19935827,19.27,113672828,10225123
171,Marshfield,2011,47113627,47788477,47762195,26282,0.05,105762169,58648542
172,Mashpee,2011,35404283,37635104,37285599,349505,0.93,111366783,75962500
173,Mattapoisett,2011,16524370,17971522,17962696,8826,0.05,39881652,23357282
174,Maynard,2011,21703025,23151160,23147926,3234,0.01,30935344,9232319
175,Medfield,2011,30631858,33757077,33736559,20518,0.06,56152729,25520871
176,Medford,2011,84348453,84348453,84344541,3912,0,160601453,76253000
177,Medway,2011,25711523,27472742,27462828,9914,0.04,40150333,14438810
178,Melrose,2011,43066045,45137752,45122600,15152,0.03,87805637,44739592
179,Mendon,2011,9608041,10979511,10977102,2409,0.02,20075169,10467128
180,Merrimac,2011,9380888,9747611,9678412,69199,0.71,17295232,7914344
181,Methuen,2011,65710102,65710102,62188218,3521884,5.36,109036538,43326436
182,Middleborough,2011,30538874,30871235,30832229,39006,0.13,58383779,27844905
183,Middlefield,2011,1111778,1173236,994678,178558,15.22,1644640,532862
184,Middleton,2011,18895201,19991552,19348818,642734,3.22,39746956,20851755
185,Milford,2011,51738564,51738564,51199174,539390,1.04,72710738,20972174
186,Millbury,2011,17597037,19157168,19084300,72868,0.38,32790893,15193856
187,Millis,2011,14799741,15350007,15342658,7349,0.05,24890750,10091009
188,Millville,2011,3611451,3748136,3729254,18882,0.5,7393446,3781995
189,Milton,2011,58694294,61806797,61801659,5138,0.01,107483836,48789542
190,Monroe,2011,530367,530367,460344,70023,13.2,535430,5063
191,Monson,2011,9910087,10729226,10718175,11051,0.1,18569257,8659170
192,Montague,2011,12007635,12725562,12724708,854,0.01,18492160,6484525
193,Monterey,2011,2688454,2822733,2610069,212664,7.53,12358283,9669829
194,Montgomery,2011,1285458,1388698,1365769,22929,1.65,2472427,1186969
195,Mount Washington,2011,463690,463690,447614,16076,3.47,2087753,1624063
196,Nahant,2011,6688660,7515132,7508762,6370,0.08,18771906,12083246
197,Nantucket,2011,54149195,63114088,63040150,73938,0.12,430210748,376061553
198,Natick,2011,78763162,79684179,79645196,38983,0.05,158026183,79263021
199,Needham,2011,85836102,93091997,93071746,20251,0.02,189406452,103570350
200,New Ashford,2011,376805,376805,365992,10813,2.87,1135883,759078
201,New Bedford,2011,95474693,95474693,93160198,2314495,2.42,150191088,54716395
202,New Braintree,2011,1497170,1656615,1653546,3069,0.19,2677374,1180204
203,New Marlborough,2011,3720166,3848406,3845031,3375,0.09,11348970,7628804
204,New Salem,2011,1468334,1554435,1553864,571,0.04,2919850,1451516
205,Newbury,2011,11937186,13132696,13119636,13060,0.1,32219146,20281960
206,Newburyport,2011,39573793,40588798,40575299,13499,0.03,84041629,44467836
207,Newton,2011,241724752,241724752,241707854,16898,0.01,505820250,264095498
208,Norfolk,2011,20604944,21886524,21873836,12688,0.06,36214961,15610017
209,North Adams,2011,12854941,12854941,12854165,776,0.01,17858899,5003958
210,North Andover,2011,55488866,58588508,58574724,13784,0.02,103038790,47549924
211,North Attleborough,2011,39870313,40418834,40399538,19296,0.05,86176490,46306177
212,North Brookfield,2011,4354244,5344585,5343332,1253,0.02,9851276,5497032
213,North Reading,2011,32614617,34900658,34891101,9557,0.03,62305538,29690921
214,Northampton,2011,40556020,41660442,41637003,23439,0.06,80318292,39762272
215,Northborough,2011,35854901,37710785,36695635,1015150,2.69,60714154,24859253
216,Northbridge,2011,15650908,16632533,16624906,7627,0.05,35523304,19872396
217,Northfield,2011,5467402,5835333,5832076,3257,0.06,10626961,5159559
218,Norton,2011,26550042,26550042,26547774,2268,0.01,52341825,25791783
219,Norwell,2011,29556253,31058655,31040670,17985,0.06,55949296,26393043
220,Norwood,2011,52685567,54748040,54671742,76298,0.14,106536453,53850886
221,Oak Bluffs,2011,16517253,18670827,18612712,58115,0.31,66190298,49673045
222,Oakham,2011,2143099,2193305,2180349,12956,0.59,4991641,2848542
223,Orange,2011,8263904,8465428,8463524,1904,0.02,12761647,4497743
224,Orleans,2011,18106826,20116470,20090407,26063,0.13,90172384,72065558
225,Otis,2011,3970526,4096666,4089937,6729,0.16,15445381,11474855
226,Oxford,2011,16718545,17166096,17159057,7039,0.04,32796362,16077817
227,Palmer,2011,14388629,15597329,15094040,503290,3.23,23807633,9419004
228,Paxton,2011,7123990,8144645,8142848,1797,0.02,11953681,4829691
229,Peabody,2011,89858411,89858411,86906189,2952222,3.29,151860433,62002022
230,Pelham,2011,2995836,3405123,3240754,164369,4.83,4451585,1455749
231,Pembroke,2011,28657113,31112693,31109148,3545,0.01,57737839,29080726
232,Pepperell,2011,14715340,15243740,15236163,7577,0.05,29010211,14294871
233,Peru,2011,1541328,1578783,1391243,187540,11.88,2307968,766640
234,Petersham,2011,1955399,2126964,2126326,638,0.03,3751457,1796058
235,Phillipston,2011,2532842,2717160,2714130,3030,0.11,4963662,2430820
236,Pittsfield,2011,69604164,69604164,63722459,5881705,8.45,86037162,16432998
237,Plainfield,2011,1206379,1304820,1292788,12032,0.92,2179345,972966
238,Plainville,2011,14009200,15269872,15264207,5665,0.04,28121237,14112037
239,Plymouth,2011,121654601,121724729,115137308,6587421,5.41,220738704,99084103
240,Plympton,2011,5603620,5885460,5858129,27331,0.46,9170522,3566902
241,Princeton,2011,7126550,6943950,6937100,6850,0.1,10948705,3822155
242,Provincetown,2011,15043754,15440088,15404770,35318,0.23,56552020,41508266
243,Quincy,2011,186228942,186228942,168946570,17282372,9.28,265407775,79178833
244,Randolph,2011,47593443,48131034,48129099,1935,0,69878625,22285182
245,Raynham,2011,23633652,26803380,26787118,16262,0.06,44654236,21020584
246,Reading,2011,49637594,51724226,51716133,8093,0.02,93688647,44051053
247,Rehoboth,2011,16616885,17251859,17236759,15100,0.09,42538893,25922008
248,Revere,2011,63853038,63853038,63839884,13154,0.02,95312992,31459954
249,Richmond,2011,3893134,4076868,3979348,97520,2.39,11004833,7111699
250,Rochester,2011,8682729,9932394,9923708,8686,0.09,20639992,11957263
251,Rockland,2011,25091611,25481589,25470645,10944,0.04,42822201,17730590
252,Rockport,2011,16883829,18110152,18075528,34624,0.19,46111040,29227211
253,Rowe,2011,2829578,2991112,2990504,608,0.02,7155782,4326204
254,Rowley,2011,10776573,11380110,11378197,1913,0.02,21419798,10643225
255,Royalston,2011,1269217,1338163,1336632,1531,0.11,3600840,2331623
256,Russell,2011,2590157,2590157,2528146,62011,2.39,3480377,890220
257,Rutland,2011,9452868,10657384,10654551,2833,0.03,18837608,9384740
258,Salem,2011,72993129,72993129,72532237,460892,0.63,102899269,29906140
259,Salisbury,2011,14591531,15533328,15518764,14564,0.09,36497564,21906033
260,Sandisfield,2011,2236760,2299114,2289587,9527,0.41,6082857,3846097
261,Sandwich,2011,45217924,46677425,46640957,36468,0.08,95732670,50514746
262,Saugus,2011,47680424,49643623,49628753,14870,0.03,92966468,45286044
263,Savoy,2011,1052200,1069141,1060870,8271,0.77,1634118,581918
264,Scituate,2011,41613580,43361818,43331646,30172,0.07,96292548,54678968
265,Seekonk,2011,29016080,30404036,30400260,3776,0.01,53355367,24339287
266,Sharon,2011,50650516,52505152,50635150,1870002,3.56,65016885,14366369
267,Sheffield,2011,7758449,7777087,7743136,33951,0.44,15486272,7727823
268,Shelburne,2011,2967538,3015680,2862805,152875,5.07,5653249,2685711
269,Sherborn,2011,18437489,20255614,20212241,43373,0.21,28516141,10078652
270,Shirley,2011,7626809,8018375,8015658,2717,0.03,14637798,7010989
271,Shrewsbury,2011,47484083,50108533,50078448,30085,0.06,117334696,69850613
272,Shutesbury,2011,4033850,4146490,4123468,23022,0.56,5321978,1288128
273,Somerset,2011,45475622,45475622,39331214,6144408,13.51,60569388,15093766
274,Somerville,2011,100575528,100575528,100548992,26536,0.03,207446908,106871380
275,South Hadley,2011,20358728,21101567,21098089,3478,0.02,36730656,16371928
276,Southampton,2011,8027153,8741056,8735611,5445,0.06,16851101,8823948
277,Southborough,2011,30341673,32878479,32317518,560961,1.71,51857378,21515705
278,Southbridge,2011,15849790,15785204,15605008,180196,1.14,22761097,6911307
279,Southwick,2011,14013102,14013102,13582957,430145,3.07,25265917,11252815
280,Spencer,2011,10207298,10888072,10868456,19616,0.18,24544841,14337543
281,Springfield,2011,171233218,171233218,166484866,4748352,2.77,171233218,0
282,Sterling,2011,14593297,15865764,14616154,1249610,7.88,24523748,9930451
283,Stockbridge,2011,6507232,7742226,6232972,1509254,19.49,20832126,14324894
284,Stoneham,2011,36962665,38728377,38703662,24715,0.06,73953176,36990511
285,Stoughton,2011,48622517,48816748,48812791,3957,0.01,77338961,28716444
286,Stow,2011,19233226,20321702,19411078,910624,4.48,28461992,9228766
287,Sturbridge,2011,17804473,18812764,18809680,3084,0.02,29045213,11240740
288,Sudbury,2011,62729997,67439295,67418506,20789,0.03,96857046,34127049
289,Sunderland,2011,3937892,4386012,4383378,2634,0.06,8561285,4623393
290,Sutton,2011,13769747,16166263,16163871,2392,0.01,30497869,16728122
291,Swampscott,2011,37237707,40178659,40088107,90552,0.23,56944483,19706776
292,Swansea,2011,23649943,23748369,23746361,2008,0.01,49686412,26036469
293,Taunton,2011,68302250,69607250,69586386,20864,0.03,117625848,49323598
294,Templeton,2011,6645260,7559542,7544631,14911,0.2,15029146,8383886
295,Tewksbury,2011,54107392,56130955,56110277,20678,0.04,93563511,39456119
296,Tisbury,2011,17064371,18900452,18677456,222996,1.18,63974171,46909800
297,Tolland,2011,959203,1058636,1051582,7054,0.67,4832640,3873437
298,Topsfield,2011,16555383,17452383,17246732,205651,1.18,29074060,12518677
299,Townsend,2011,12827936,13525416,13478102,47314,0.35,21407405,8579469
300,Truro,2011,10713044,11520466,11404658,115808,1.01,50108338,39395294
301,Tyngsborough,2011,19980922,19549632,19547601,2031,0.01,34487653,14506731
302,Tyringham,2011,1140088,1140088,1106823,33265,2.92,4581221,3441133
303,Upton,2011,13092880,14679074,14648463,30611,0.21,25014451,11921571
304,Uxbridge,2011,19653596,20738764,20667580,71184,0.34,37659585,18005989
305,Wakefield,2011,51017633,51017633,51016487,1146,0,95678736,44661103
306,Wales,2011,2521408,2547588,2512196,35392,1.39,4289952,1768544
307,Walpole,2011,48840827,50862184,50858499,3685,0.01,89200118,40359291
308,Waltham,2011,150460083,150460083,145976141,4483942,2.98,209824394,59364311
309,Ware,2011,11485113,11628827,11624099,4728,0.04,19542870,8057757
310,Wareham,2011,30487856,30772325,30755375,16950,0.06,86101273,55613417
311,Warren,2011,5743011,5509930,5424859,85071,1.54,8852576,3109565
312,Warwick,2011,1335296,1446055,1363432,82623,5.71,2041066,705770
313,Washington,2011,877770,935337,895506,39831,4.26,1757272,879502
314,Watertown,2011,71929016,72354348,72331734,22614,0.03,122333572,50404556
315,Wayland,2011,53215452,56148791,56128013,20778,0.04,72516813,19301361
316,Webster,2011,16601557,17508469,17506837,1632,0.01,35905070,19303513
317,Wellesley,2011,89421407,100176350,100145363,30987,0.03,219040603,129619196
318,Wellfleet,2011,11767624,13427632,13344145,83487,0.62,54778922,43011298
319,Wendell,2011,1760071,1770411,1619935,150476,8.5,2251160,491089
320,Wenham,2011,11215488,12215057,12209915,5142,0.04,17777978,6562490
321,West Boylston,2011,12743292,13405096,13402454,2642,0.02,20455516,7712224
322,West Bridgewater,2011,16749341,17285595,17277068,8527,0.05,24745490,7996149
323,West Brookfield,2011,4162549,4037536,4002901,34635,0.86,9147397,4984848
324,West Newbury,2011,9918732,10251443,10245424,6019,0.06,18723363,8804631
325,West Springfield,2011,57955422,57955422,56711979,1243443,2.15,64513381,6557959
326,West Stockbridge,2011,4629389,4830589,4076361,754228,15.61,9614058,4984669
327,West Tisbury,2011,11681128,12428620,11508839,919781,7.4,60828961,49147833
328,Westborough,2011,57155306,59694790,58987686,707104,1.18,80849350,23694044
329,Westfield,2011,56886216,56886216,56336776,549440,0.97,79294110,22407894
330,Westford,2011,53198056,57279130,57247754,31376,0.05,93969589,40771533
331,Westhampton,2011,3204624,3534977,3533692,1285,0.04,5637671,2433047
332,Westminster,2011,13331474,14665809,13740204,925605,6.31,22688579,9357105
333,Weston,2011,56041165,62851283,59920567,2930716,4.66,131520120,75478955
334,Westport,2011,19685212,20173572,20157023,16549,0.08,75100682,55415470
335,Westwood,2011,51960889,53798983,53571227,227756,0.42,87060409,35099520
336,Weymouth,2011,78006372,78006372,77955171,51201,0.07,150636160,72629788
337,Whately,2011,3294906,3415867,3391778,24089,0.71,5481219,2186313
338,Whitman,2011,17402557,18112703,18112628,75,0,33716732,16314175
339,Wilbraham,2011,28070954,28329574,28314708,14866,0.05,42489058,14418104
340,Williamsburg,2011,4467475,4687392,4685250,2142,0.05,7866438,3398963
341,Williamstown,2011,13360585,13834501,13675947,158554,1.15,26921156,13560571
342,Wilmington,2011,55558304,56610209,56587544,22665,0.04,88113706,32555402
343,Winchendon,2011,8887758,9857130,9853001,4129,0.04,17519560,8631802
344,Winchester,2011,58898461,64426621,64383701,42920,0.07,133480202,74581741
345,Windsor,2011,1312855,1376745,1372127,4618,0.34,2659161,1346306
346,Winthrop,2011,22708124,23670837,23654227,16610,0.07,42851861,20143737
347,Woburn,2011,85732199,88495790,83883767,4612023,5.21,139327970,53595771
348,Worcester,2011,228293315,228293315,218264688,10028627,4.39,271421552,43128237
349,Worthington,2011,2198451,2312139,2235091,77048,3.33,4498976,2300525
350,Wrentham,2011,23337870,24615369,24611319,4050,0.02,42571158,19233288
351,Yarmouth,2011,43443989,46984110,46961755,22355,0.05,135884708,92440719
001,Abington,2012,25016360,27134290,27129312,4978,0.02,44155781,19139421
002,Acton,2012,64997845,68070536,67550755,519781,0.76,91038753,26040908
003,Acushnet,2012,13345977,13532097,13526786,5311,0.04,26636697,13290720
004,Adams,2012,8871975,8871975,8795827,76148,0.86,12350977,3479002
005,Agawam,2012,53189096,53189096,47133507,6055589,11.39,67894764,14705668
006,Alford,2012,1300685,1300685,1129362,171323,13.17,6416828,5116143
007,Amesbury,2012,35387755,36632194,35235548,1396646,3.81,46047501,10659746
008,Amherst,2012,40045691,40351379,40344032,7347,0.02,51094265,11048574
009,Andover,2012,106128017,109075475,108874156,201319,0.18,169962631,63834614
010,Arlington,2012,88442215,95024613,95002494,22119,0.02,173869864,85427649
011,Ashburnham,2012,9420285,10563536,10559648,3888,0.04,14394286,4974001
012,Ashby,2012,4638120,4638120,4637022,1098,0.02,7060021,2421901
013,Ashfield,2012,3002960,3244877,3229351,15526,0.48,5495833,2492873
014,Ashland,2012,32831336,35195520,35182144,13376,0.04,53081086,20249750
015,Athol,2012,9589678,10196141,10193590,2551,0.03,16569555,6979877
016,Attleboro,2012,56679071,56679071,56655632,23439,0.04,99425933,42746862
017,Auburn,2012,33365049,34791711,33390133,1401578,4.03,45563101,12198052
018,Avon,2012,14508747,16383533,16331681,51852,0.32,19542039,5033292
019,Ayer,2012,16225124,17619371,17617236,2135,0.01,24290733,8065609
020,Barnstable,2012,94853893,97469357,97325379,143978,0.15,320627887,225773994
021,Barre,2012,5873993,6123698,5862172,261526,4.27,10163266,4289273
022,Becket,2012,4604518,4947421,4945385,2036,0.04,13000486,8395968
023,Bedford,2012,49236559,52868495,52300913,567582,1.07,68889834,19653275
024,Belchertown,2012,20873275,21895873,21853759,42114,0.19,32991786,12118511
025,Bellingham,2012,30482071,31249145,31237771,11374,0.04,53358952,22876881
026,Belmont,2012,65144708,69912792,69867365,45427,0.06,130837762,65693054
027,Berkley,2012,7258375,8898323,8894954,3369,0.04,19170159,11911784
028,Berlin,2012,7894444,8610325,8383834,226491,2.63,13796179,5901735
029,Bernardston,2012,3310997,3630537,3498325,132212,3.64,5438939,2127942
030,Beverly,2012,78762601,78762601,78739126,23475,0.03,136042259,57279658
031,Billerica,2012,97196990,97235930,96696999,538932,0.55,132512267,35315277
032,Blackstone,2012,14266796,14266796,14054307,212489,1.49,20765820,6499024
033,Blandford,2012,2159210,2298354,2276345,22009,0.96,4100046,1940836
034,Bolton,2012,15580106,17636784,17413842,222942,1.26,22009406,6429300
035,Boston,2012,1614743715,1614743715,1614028834,714881,0.04,2212510257,597766542
036,Bourne,2012,36051596,37284121,37282524,1597,0,102199900,66148304
037,Boxborough,2012,16109812,16949625,16874931,74694,0.44,23607906,7498094
038,Boxford,2012,22181892,23504091,22716196,787895,3.35,40305528,18123636
039,Boylston,2012,9124931,10211539,10123306,88233,0.86,14869721,5744790
040,Braintree,2012,71781979,71781979,70972549,809430,1.13,131963298,60181319
041,Brewster,2012,24901312,24934419,24895597,38822,0.16,83654560,58753248
042,Bridgewater,2012,31475303,34824925,34807100,17825,0.05,57589511,26114208
043,Brimfield,2012,5671270,5800297,5797180,3117,0.05,10008943,4337673
044,Brockton,2012,108261967,108261967,108217218,44749,0.04,140865852,32603885
045,Brookfield,2012,4169952,4388573,4368169,20404,0.46,6638555,2468603
046,Brookline,2012,162553809,163644217,163620488,23729,0.01,381604086,219050277
047,Buckland,2012,3041042,3153261,3106020,47241,1.5,5318528,2277486
048,Burlington,2012,87668095,87668095,85141212,2526883,2.88,114976182,27308087
049,Cambridge,2012,401732949,401732949,299090638,102642311,25.55,611173875,209440926
050,Canton,2012,56499590,58641257,58074485,566772,0.97,98864847,42365257
051,Carlisle,2012,20643168,21615548,21557109,58439,0.27,31442691,10799523
052,Carver,2012,18504795,18504795,18500972,3823,0.02,28054580,9549785
053,Charlemont,2012,2255205,2315409,2114880,200529,8.66,3281937,1026732
054,Charlton,2012,14927434,16591008,16587884,3124,0.02,34558091,19630657
055,Chatham,2012,23159125,26555537,26121917,433620,1.63,146752345,123593220
056,Chelmsford,2012,72684916,78980559,78965974,14585,0.02,112873033,40188117
057,Chelsea,2012,38517912,38517912,38505727,12185,0.03,51175220,12657308
058,Cheshire,2012,2882440,2990613,2953056,37557,1.26,7690250,4807810
059,Chester,2012,2136703,2297762,2261340,36422,1.59,2981724,845021
060,Chesterfield,2012,2465732,2600943,2306802,294141,11.31,3611149,1145417
061,Chicopee,2012,66606002,66606002,65854336,751666,1.13,90793893,24187891
062,Chilmark,2012,6118718,6772783,6648290,124493,1.84,79907337,73788619
063,Clarksburg,2012,1498982,1515531,1426755,88776,5.86,3093572,1594590
064,Clinton,2012,17685748,18602179,18544690,57489,0.31,26475375,8789627
065,Cohasset,2012,27314930,29562762,29539748,23014,0.08,61643881,34328951
066,Colrain,2012,2659709,2686747,2630240,56507,2.1,4079156,1419447
067,Concord,2012,67047174,71117037,69122996,1994041,2.8,127251466,60204292
068,Conway,2012,3809866,3850421,3678727,171694,4.46,6472074,2662208
069,Cummington,2012,1527326,1634676,1543730,90946,5.56,3480004,1952678
070,Dalton,2012,10023440,10546104,10531123,14981,0.14,15122234,5098794
071,Danvers,2012,60355458,60355458,60347100,8358,0.01,98064537,37709079
072,Dartmouth,2012,46718491,48034963,48003236,31727,0.07,124679100,77960609
073,Dedham,2012,71008352,74510857,74481697,29160,0.04,98308012,27299660
074,Deerfield,2012,8377640,8514279,8512179,2100,0.02,16599413,8221773
075,Dennis,2012,32731243,34494205,34446087,48118,0.14,146454453,113723210
076,Dighton,2012,12759407,12937832,12935157,2675,0.02,20970027,8210620
077,Douglas,2012,10606291,12015414,12007995,7419,0.06,21170655,10564364
078,Dover,2012,25052111,26848304,26480339,367965,1.37,55537625,30485514
079,Dracut,2012,36226922,37171375,37159994,11381,0.03,71848402,35621480
080,Dudley,2012,7516891,9148633,9096722,51911,0.57,20864041,13347150
081,Dunstable,2012,6233604,6839359,6836995,2364,0.03,11486886,5253282
082,Duxbury,2012,42716208,44506301,44136761,369540,0.83,80015883,37299675
083,East Bridgewater,2012,21318196,23949434,23941821,7613,0.03,38294660,16976464
084,East Brookfield,2012,2668065,3178545,3169139,9406,0.3,5571624,2903559
085,East Longmeadow,2012,32643756,33561007,33420483,140524,0.42,44324249,11680493
086,Eastham,2012,15930540,17236320,17214522,21798,0.13,67773709,51843169
087,Easthampton,2012,17804797,18610736,18600475,10261,0.06,35042342,17237545
088,Easton,2012,41329914,44089596,44064182,25414,0.06,73685922,32356008
089,Edgartown,2012,20160239,23326898,22866225,460673,1.97,166663450,146503211
090,Egremont,2012,3453660,3453660,3065819,387841,11.23,9751333,6297673
091,Erving,2012,7499790,7499790,7497667,2123,0.03,15718809,8219019
092,Essex,2012,9659844,10893350,10811554,81796,0.75,18783103,9123259
093,Everett,2012,85928294,85928294,84165711,1762583,2.05,88385807,2457513
094,Fairhaven,2012,21878659,23012832,23002404,10428,0.05,48775370,26896711
095,Fall River,2012,76238777,76238777,76226889,11888,0.02,137640650,61401873
096,Falmouth,2012,73091190,82676809,82311324,365485,0.44,264496542,191405352
097,Fitchburg,2012,40786811,40786811,40783304,3507,0.01,54220142,13433331
098,Florida,2012,2035429,2039937,2033102,6835,0.34,3159626,1124197
099,Foxborough,2012,33970677,36414378,36408158,6220,0.02,64923967,30953290
100,Framingham,2012,163320829,163724646,163723467,1179,0,188243412,24922583
101,Franklin,2012,54953598,56422546,56413205,9341,0.02,102718872,47765274
102,Freetown,2012,14770966,15311806,15308323,3483,0.02,28456763,13685797
103,Gardner,2012,19769296,19769296,19755282,14014,0.07,29626998,9857702
104,Aquinnah,2012,2738331,2883616,2819990,63626,2.21,17938868,15200537
105,Georgetown,2012,14460453,14958162,14947935,10227,0.07,28548386,14087933
106,Gill,2012,2144374,2211098,2210227,871,0.04,3797641,1653267
107,Gloucester,2012,60964990,63027521,63027048,473,0,128398665,67433675
108,Goshen,2012,1844937,1948061,1917619,30442,1.56,3559056,1714119
109,Gosnold,2012,596160,607140,604778,2362,0.39,6841381,6245221
110,Grafton,2012,26540332,30038923,30023901,15022,0.05,53120843,26580511
111,Granby,2012,8996621,9089694,9089218,476,0.01,14318238,5321617
112,Granville,2012,2505520,2505520,2462709,42811,1.71,5122106,2616586
113,Great Barrington,2012,17071199,18571015,17733278,837737,4.51,33790545,16719346
114,Greenfield,2012,26091220,26223911,25630027,593884,2.26,33705979,7614759
115,Groton,2012,23060907,24929813,24450247,479566,1.92,38013444,14952537
116,Groveland,2012,10900326,10867031,10810088,56943,0.52,20820662,9920336
117,Hadley,2012,8373272,9299820,9297427,2393,0.03,22743216,14369944
118,Halifax,2012,12466492,13232818,13183043,49775,0.38,19617624,7151132
119,Hamilton,2012,22158475,23534020,22373962,1160058,4.93,32294979,10136504
120,Hampden,2012,8710791,9581760,9312623,269137,2.81,13800568,5089777
121,Hancock,2012,1898748,1898748,978227,920521,48.48,7501741,5602993
122,Hanover,2012,31914258,34101612,34098760,2852,0.01,56339899,24425641
123,Hanson,2012,14625988,14916650,14913473,3177,0.02,29288046,14662058
124,Hardwick,2012,3122802,3166165,3121746,44419,1.4,5859132,2736330
125,Harvard,2012,16072485,17104298,17101404,2894,0.02,26326054,10253569
126,Harwich,2012,33650899,37362100,37338644,23456,0.06,114958880,81307981
127,Hatfield,2012,5616405,5871033,5526098,344935,5.88,12875345,7258940
128,Haverhill,2012,82361320,83736271,83720334,15937,0.02,127200054,44838734
129,Hawley,2012,680258,787554,758460,29094,3.69,1163282,483024
130,Heath,2012,1774926,1835159,1738865,96294,5.25,2191110,416184
131,Hingham,2012,60920977,64809327,64660067,149261,0.23,135954724,75033747
132,Hinsdale,2012,3709070,3797292,3343616,453676,11.95,6818140,3109070
133,Holbrook,2012,18879700,20944865,20934652,10213,0.05,25176086,6296386
134,Holden,2012,27677290,30394996,30383505,11491,0.04,45952065,18274775
135,Holland,2012,4407349,4585964,4584579,1385,0.03,7550360,3143011
136,Holliston,2012,34103283,36870177,36608105,262072,0.71,49956475,15853192
137,Holyoke,2012,49296144,49296144,49293626,2518,0.01,53415466,4119322
138,Hopedale,2012,11203276,11203276,10430345,772931,6.9,16392729,5189453
139,Hopkinton,2012,45309402,48149770,47033957,1115813,2.32,68964746,23655344
140,Hubbardston,2012,5408095,5516792,5512754,4038,0.07,10851878,5443783
141,Hudson,2012,37466429,39104511,39086303,18208,0.05,53734530,16268101
142,Hull,2012,23344777,23862083,23845802,16281,0.07,45646635,22301858
143,Huntington,2012,2816021,3038282,3038049,233,0.01,5023229,2207208
144,Ipswich,2012,28047459,30188310,30182087,6223,0.02,59087876,31040417
145,Kingston,2012,24276830,26154716,25946344,208372,0.8,42313019,18036189
146,Lakeville,2012,15922755,16980689,16975270,5419,0.03,35812806,19890051
147,Lancaster,2012,13087291,14375092,14147661,227431,1.58,19715246,6627955
148,Lanesborough,2012,6821446,6990333,6938180,52153,0.75,10155416,3333970
149,Lawrence,2012,52315585,52315585,52257175,58410,0.11,71049152,18733567
150,Lee,2012,12289034,12902564,12028988,873576,6.77,21998881,9709847
151,Leicester,2012,11210480,12041886,12033691,8195,0.07,22825665,11615185
152,Lenox,2012,13408809,13240153,13229279,10874,0.08,27994733,14585924
153,Leominster,2012,58371743,58371743,53152674,5219069,8.94,79474692,21102949
154,Leverett,2012,4184203,4451317,4442794,8523,0.19,6250414,2066211
155,Lexington,2012,128662664,134384498,134337548,46950,0.03,200667183,72004519
156,Leyden,2012,1511868,1623734,1440135,183599,11.31,2158475,646607
157,Lincoln,2012,22598180,24752149,24742545,9604,0.04,44253202,21655022
158,Littleton,2012,24908200,27018496,27015837,2659,0.01,37182548,12274348
159,Longmeadow,2012,39256882,41394094,41378336,15758,0.04,52563943,13307061
160,Lowell,2012,113954343,113954343,107585116,6369227,5.59,152377713,38423370
161,Ludlow,2012,29669333,30334088,30254227,79861,0.26,44543914,14874581
162,Lunenburg,2012,17891153,18868949,18865867,3082,0.02,28024164,10133011
163,Lynn,2012,101046080,101046080,101041376,4704,0,134704385,33658305
164,Lynnfield,2012,29909734,32797563,32782501,15062,0.05,57050337,27140603
165,Malden,2012,67225683,67225683,67221963,3720,0.01,118418080,51192397
166,Manchester By The Sea,2012,18346612,21241138,21117352,123786,0.58,52218971,33872359
167,Mansfield,2012,46143132,47683796,47084321,599475,1.26,76985545,30842413
168,Marblehead,2012,48931038,53655184,53651430,3754,0.01,127498646,78567608
169,Marion,2012,14385401,15356743,15129527,227216,1.48,38953467,24568066
170,Marlborough,2012,108330504,108330504,85845866,22484638,20.76,110863797,2533293
171,Marshfield,2012,48786609,49495538,49468855,26683,0.05,105163382,56376773
172,Mashpee,2012,36516514,39067705,37873238,1194467,3.06,111260981,74744467
173,Mattapoisett,2012,17069022,18456741,18451202,5539,0.03,38926586,21857564
174,Maynard,2012,22412612,23914830,23909712,5118,0.02,30583228,8170616
175,Medfield,2012,32133425,35178180,35174304,3876,0.01,55903217,23769792
176,Medford,2012,87236702,87236702,87005399,231303,0.27,160468891,73232189
177,Medway,2012,26796444,28496200,28402595,93605,0.33,40621561,13825117
178,Melrose,2012,44500534,46504230,46496423,7807,0.02,88348387,43847853
179,Mendon,2012,10196439,11510045,11505655,4390,0.04,19947391,9750952
180,Merrimac,2012,9708455,10033708,9981341,52367,0.52,16373592,6665137
181,Methuen,2012,69008472,69008472,64568321,4440151,6.43,110540530,41532058
182,Middleborough,2012,31692835,31956092,31948968,7124,0.02,57421821,25728986
183,Middlefield,2012,1149408,1204460,1031481,172979,14.36,1634159,484751
184,Middleton,2012,19688909,21051397,20219020,832377,3.95,39459446,19770537
185,Milford,2012,53869522,53869522,53017663,851859,1.58,70454837,16585315
186,Millbury,2012,18398373,19863465,19650640,212825,1.07,31859014,13460641
187,Millis,2012,15432613,15612508,15419133,193375,1.24,24885625,9453012
188,Millville,2012,3715716,3850022,3849029,993,0.03,7306433,3590717
189,Milton,2012,60513345,63568776,63530336,38440,0.06,108334098,47820753
190,Monroe,2012,546968,546968,486716,60252,11.02,561802,14834
191,Monson,2012,10334474,10916889,10910226,6663,0.06,18232329,7897855
192,Montague,2012,12456970,13151996,13146135,5861,0.04,18289170,5832200
193,Monterey,2012,2779594,2898885,2636011,262874,9.07,12504796,9725202
194,Montgomery,2012,1339332,1442391,1416131,26260,1.82,2460269,1120937
195,Mount Washington,2012,477126,477126,473257,3869,0.81,2094057,1616931
196,Nahant,2012,6895516,7716535,7714292,2243,0.03,18280314,11384798
197,Nantucket,2012,56125599,64834729,62274744,2559985,3.95,421104255,364978656
198,Natick,2012,81578625,86502701,86455318,47383,0.05,155383390,73804765
199,Needham,2012,89636531,96262766,96246451,16315,0.02,195828739,106192208
200,New Ashford,2012,392180,392180,379571,12609,3.22,998373,606193
201,New Bedford,2012,99066782,99066782,94393493,4673289,4.72,141888181,42821399
202,New Braintree,2012,1546270,1702903,1670255,32648,1.92,2616314,1070044
203,New Marlborough,2012,3862176,4016590,3998985,17605,0.44,11399615,7537439
204,New Salem,2012,1547365,1611990,1611880,110,0.01,2967749,1420384
205,Newbury,2012,12303035,13326063,13320602,5461,0.04,30082661,17779626
206,Newburyport,2012,41110540,42120775,42107002,13773,0.03,82240239,41129699
207,Newton,2012,250798454,250798454,250781839,16615,0.01,511599985,260801531
208,Norfolk,2012,21541873,23981053,23974724,6329,0.03,36391506,14849633
209,North Adams,2012,13244834,13244834,13241151,3683,0.03,17645883,4401049
210,North Andover,2012,57613671,60650524,60626359,24165,0.04,103625705,46012034
211,North Attleborough,2012,41127677,41658903,41638644,20259,0.05,84428234,43300557
212,North Brookfield,2012,4509866,5320663,5317594,3069,0.06,9847397,5337531
213,North Reading,2012,33813104,36064791,36042373,22418,0.06,62660594,28847490
214,Northampton,2012,42224422,43232900,43225962,6938,0.02,80947495,38723073
215,Northborough,2012,37981257,40383024,38402738,1980286,4.9,61979888,23998631
216,Northbridge,2012,16310001,17962957,17956272,6685,0.04,35043466,18733465
217,Northfield,2012,5649749,5993730,5989683,4047,0.07,10620006,4970257
218,Norton,2012,27462564,27462564,27451535,11029,0.04,50685996,23223432
219,Norwell,2012,30504197,31957954,31952330,5624,0.02,56096086,25591889
220,Norwood,2012,55787375,57854231,57489721,364510,0.63,106232573,50445198
221,Oak Bluffs,2012,17067203,19084092,19074581,9511,0.05,64528353,47461150
222,Oakham,2012,2226398,2308114,2271741,36373,1.58,5008248,2781850
223,Orange,2012,8531817,8728263,8728223,40,0,12334967,3803150
224,Orleans,2012,18845762,21806408,21278249,528159,2.42,90009514,71163752
225,Otis,2012,4103297,4219172,4213973,5199,0.12,15538247,11434950
226,Oxford,2012,17323385,17773711,17772404,1307,0.01,31987768,14664383
227,Palmer,2012,14873216,14873216,14866705,6511,0.04,23809586,8936370
228,Paxton,2012,7349926,8384588,8384434,154,0,11542448,4192522
229,Peabody,2012,93108717,93108717,88281864,4826853,5.18,151527673,58418956
230,Pelham,2012,3127926,3527318,3335905,191413,5.43,4246315,1118389
231,Pembroke,2012,29657201,32030512,32030404,108,0,57567225,27910024
232,Pepperell,2012,15201664,15706413,15697922,8491,0.05,28877708,13676044
233,Peru,2012,1606268,1642747,1371950,270797,16.48,2227192,620924
234,Petersham,2012,2075477,2246750,2238475,8275,0.37,3608116,1532639
235,Phillipston,2012,2605207,2741478,2741339,139,0.01,4687651,2082444
236,Pittsfield,2012,72703828,72703828,66351358,6352470,8.74,84113244,11409416
237,Plainfield,2012,1261907,1353736,1326345,27391,2.02,1896947,635040
238,Plainville,2012,14492993,15854935,15829279,25656,0.16,28286774,13793781
239,Plymouth,2012,125969900,129003483,122152672,6850811,5.31,220651503,94681603
240,Plympton,2012,5835325,6088962,5976947,112015,1.84,9195303,3359978
241,Princeton,2012,7362069,7596404,7340410,255994,3.37,10897283,3535214
242,Provincetown,2012,15563987,16354285,16325504,28781,0.18,56685778,41121791
243,Quincy,2012,193244995,193244995,173738209,19506786,10.09,265220839,71975844
244,Randolph,2012,49149930,49639421,49610838,28583,0.06,69421308,20271378
245,Raynham,2012,24465331,27631945,27622451,9494,0.03,43839492,19374161
246,Reading,2012,51203066,53262786,53260793,1993,0,94100340,42897274
247,Rehoboth,2012,17208923,17806202,17793291,12911,0.07,40549887,23340964
248,Revere,2012,65846684,65846684,65828219,18465,0.03,94528121,28681437
249,Richmond,2012,4056188,4194205,4015946,178259,4.25,10350375,6294187
250,Rochester,2012,8991491,10252007,10247727,4280,0.04,20015093,11023602
251,Rockland,2012,26025003,27072021,27071843,178,0,42808101,16783098
252,Rockport,2012,17438518,18591567,18012775,578792,3.11,44807898,27369380
253,Rowe,2012,2921480,3087052,3085081,1971,0.06,7613317,4691837
254,Rowley,2012,11163593,11706197,11698259,7938,0.07,21009805,9846212
255,Royalston,2012,1311588,1366334,1366315,19,0,3610770,2299182
256,Russell,2012,2680393,2680393,2516311,164082,6.12,3418901,738508
257,Rutland,2012,9996076,11311201,11241545,69656,0.62,18368538,8372462
258,Salem,2012,75492988,75492988,71788367,3704621,4.91,99344644,23851656
259,Salisbury,2012,15121890,15954726,15942981,11745,0.07,36333138,21211248
260,Sandisfield,2012,2339342,2397427,2377343,20084,0.84,5884514,3545172
261,Sandwich,2012,46844348,48022106,48010726,11380,0.02,94212570,47368222
262,Saugus,2012,49383446,51239431,51195432,43999,0.09,92713451,43330005
263,Savoy,2012,1095333,1111690,1039683,72007,6.48,1571468,476135
264,Scituate,2012,45150901,46691259,46672327,18932,0.04,94554957,49404056
265,Seekonk,2012,30052332,31390339,31373321,17018,0.05,51439312,21386980
266,Sharon,2012,52443011,55603919,52450200,3153719,5.67,65204128,12761117
267,Sheffield,2012,8023592,8023592,8001509,22083,0.28,15579262,7555670
268,Shelburne,2012,3082890,3119068,2919607,199461,6.39,5711282,2628392
269,Sherborn,2012,19035166,20818646,20800537,18109,0.09,28540802,9505636
270,Shirley,2012,7912853,8678787,8678706,81,0,14483822,6570969
271,Shrewsbury,2012,49274592,53018884,53008985,9899,0.02,119282145,70007553
272,Shutesbury,2012,4171965,4271239,4212254,58985,1.38,5383760,1211795
273,Somerset,2012,47992393,47992393,40803231,7189162,14.98,63703047,15710654
274,Somerville,2012,104829090,104829090,104765287,63803,0.06,209764305,104935215
275,South Hadley,2012,21084627,21762491,21761090,1401,0.01,36933283,15848656
276,Southampton,2012,8420950,9119199,9101549,17650,0.19,16241165,7820215
277,Southborough,2012,31561600,34086941,33224796,862145,2.53,51463438,19901838
278,Southbridge,2012,16453698,16391899,16185023,206876,1.26,22693526,6239828
279,Southwick,2012,14576801,14576801,14493249,83552,0.57,25462490,10885689
280,Spencer,2012,10526677,11327305,11322345,4960,0.04,23050377,12523700
281,Springfield,2012,169400199,169400199,169389217,10982,0.01,169400199,0
282,Sterling,2012,15009629,16230720,14927952,1302768,8.03,23846569,8836940
283,Stockbridge,2012,6726031,8024354,6286674,1737680,21.66,20598539,13872508
284,Stoneham,2012,38166390,39851197,39842835,8362,0.02,73786878,35620488
285,Stoughton,2012,50383081,50383081,50354764,28317,0.06,74820281,24437200
286,Stow,2012,20087729,21475098,20485199,989899,4.61,28610613,8522884
287,Sturbridge,2012,18416031,19835127,19831621,3506,0.02,28121981,9705950
288,Sudbury,2012,64819176,69154235,69007532,146703,0.21,95958389,31139213
289,Sunderland,2012,4089449,4552827,4503670,49157,1.08,8680937,4591488
290,Sutton,2012,14305082,17263141,17259573,3568,0.02,29696444,15391362
291,Swampscott,2012,38480658,42402257,42240533,161724,0.38,55307830,16827172
292,Swansea,2012,24865252,25231352,25227566,3786,0.02,48493726,23628474
293,Taunton,2012,71516178,72794928,72783646,11282,0.02,115254484,43738306
294,Templeton,2012,6845778,8490925,8487806,3119,0.04,14533914,7688136
295,Tewksbury,2012,56363353,63733432,63705636,27796,0.04,94738189,38374836
296,Tisbury,2012,17646959,19145893,19034073,111820,0.58,63981029,46334070
297,Tolland,2012,992564,1112676,1094333,18343,1.65,4559722,3567158
298,Topsfield,2012,17281793,18211840,17802440,409400,2.25,28806537,11524744
299,Townsend,2012,13215675,13821774,13776257,45517,0.33,20306983,7091308
300,Truro,2012,11087048,12049257,11882196,167061,1.39,49757939,38670891
301,Tyngsborough,2012,20854129,21290307,21128560,161747,0.76,34546370,13692241
302,Tyringham,2012,1176572,1176572,1106417,70155,5.96,4610070,3433498
303,Upton,2012,13604207,15152152,15123071,29081,0.19,25154809,11550602
304,Uxbridge,2012,20315560,22877260,22787841,89419,0.39,37728214,17412654
305,Wakefield,2012,53045855,53045855,53029211,16644,0.03,95947019,42901164
306,Wales,2012,2601485,2626635,2625590,1045,0.04,4115345,1513860
307,Walpole,2012,50669189,52636350,52602379,33971,0.06,89328750,38659561
308,Waltham,2012,156854535,156854535,150870993,5983542,3.81,211069506,54214971
309,Ware,2012,11847363,11945964,11940839,5125,0.04,18786720,6939357
310,Wareham,2012,31597312,31597312,31566203,31109,0.1,84221459,52624147
311,Warren,2012,5940827,5991777,5745157,246620,4.12,8849595,2908768
312,Warwick,2012,1386212,1444882,1338909,105973,7.33,2037293,651081
313,Washington,2012,911410,966097,904597,61500,6.37,1725014,813604
314,Watertown,2012,74716644,75089035,75082744,6291,0.01,123291924,48575280
315,Wayland,2012,55258285,60820202,55514200,5306002,8.72,73006575,17748290
316,Webster,2012,17192084,18108963,18107945,1018,0.01,35287855,18095771
317,Wellesley,2012,93189339,105047447,105037888,9559,0.01,228741045,135551706
318,Wellfleet,2012,12395446,13668051,13382730,285321,2.09,54668013,42272567
319,Wendell,2012,1887012,1900358,1702432,197926,10.42,2247139,360127
320,Wenham,2012,11556407,12494103,12481539,12564,0.1,17442061,5885654
321,West Boylston,2012,13232304,13790427,13783693,6734,0.05,20499246,7266942
322,West Bridgewater,2012,17318104,17822913,17813231,9682,0.05,24384390,7066286
323,West Brookfield,2012,4334942,4308874,4306869,2005,0.05,9258101,4923159
324,West Newbury,2012,10581254,10896505,10709014,187491,1.72,18052958,7471704
325,West Springfield,2012,60897440,60897440,58381820,2515620,4.13,63859843,2962403
326,West Stockbridge,2012,4772736,4921175,4108588,812587,16.51,9236933,4464197
327,West Tisbury,2012,12022989,12766325,11865494,900831,7.06,60292144,48269155
328,Westborough,2012,60001702,62389137,61005858,1383279,2.22,79393361,19391659
329,Westfield,2012,59138974,59138974,59099193,39781,0.07,79566136,20427162
330,Westford,2012,55520678,59489436,59474751,14685,0.02,95618891,40098213
331,Westhampton,2012,3308696,3656783,3653720,3063,0.08,5569695,2260999
332,Westminster,2012,13797639,15145838,14442097,703741,4.65,20942716,7145077
333,Weston,2012,58339946,65606660,63256256,2350404,3.58,130586820,72246874
334,Westport,2012,20353984,21066729,21060251,6478,0.03,74681743,54327759
335,Westwood,2012,53713887,56211278,56060374,150904,0.27,87104587,33390700
336,Weymouth,2012,80601512,80601512,80599850,1662,0,150151366,69549854
337,Whately,2012,3669046,3827805,3754871,72934,1.91,5922509,2253463
338,Whitman,2012,18022454,19193807,19190216,3591,0.02,32815007,14792553
339,Wilbraham,2012,28953127,30126640,30124282,2358,0.01,41723383,12770256
340,Williamsburg,2012,4637857,4824964,4780384,44580,0.92,7715275,3077418
341,Williamstown,2012,13994058,14588239,14405717,182522,1.25,25761296,11767238
342,Wilmington,2012,57790113,57790113,57762984,27129,0.05,88252143,30462030
343,Winchendon,2012,9170770,10033966,10030438,3528,0.04,16595695,7424925
344,Winchester,2012,60906987,67212893,67132051,80842,0.12,134177534,73270547
345,Windsor,2012,1365235,1396671,1368169,28502,2.04,2943565,1578330
346,Winthrop,2012,23344209,24306622,24304883,1739,0.01,41933890,18589681
347,Woburn,2012,89873366,92070810,86150191,5920619,6.43,140477741,50604375
348,Worcester,2012,239679557,239679557,229216024,10463533,4.37,281940408,42260851
349,Worthington,2012,2279886,2335988,2218357,117631,5.04,4051053,1771167
350,Wrentham,2012,24211228,25419742,25415336,4406,0.02,42612717,18401489
351,Yarmouth,2012,45235317,48740356,48706751,33605,0.07,130511123,85275806
001,Abington,2013,25886789,28046927,28040544,6383,0.02,42357318,16470529
002,Acton,2013,67239740,70286748,70271125,15623,0.02,91977913,24738173
003,Acushnet,2013,13775939,13956779,13955023,1756,0.01,25895524,12119585
004,Adams,2013,9139002,9248927,8771423,477504,5.16,11638961,2499959
005,Agawam,2013,57478209,57478209,50058334,7419875,12.91,67537900,10059691
006,Alford,2013,1340967,1340967,1140018,200949,14.99,6551829,5210862
007,Amesbury,2013,36591777,37763851,35924410,1839441,4.87,44373036,7781259
008,Amherst,2013,41550978,41810352,41799726,10626,0.03,51250277,9699299
009,Andover,2013,110260239,112609324,111893513,715811,0.64,170067998,59807759
010,Arlington,2013,91310473,98022241,98009381,12860,0.01,180031927,88721454
011,Ashburnham,2013,9695008,10799081,10796935,2146,0.02,14319542,4624534
012,Ashby,2013,4943874,4943874,4942619,1255,0.03,7073009,2129135
013,Ashfield,2013,3109944,3328474,3325676,2798,0.08,5509735,2399791
014,Ashland,2013,33936602,36030336,36012101,18235,0.05,52526402,18589800
015,Athol,2013,9889772,9829233,9823896,5337,0.05,15865465,5975693
016,Attleboro,2013,58634251,58634251,58608235,26016,0.04,96671748,38037497
017,Auburn,2013,34879313,36313717,33831948,2481769,6.83,45317502,10438189
018,Avon,2013,15046232,16883045,16797654,85391,0.51,19059814,4013582
019,Ayer,2013,17077983,18341305,18210409,130896,0.71,24231587,7153604
020,Barnstable,2013,97982651,100473135,100386021,87114,0.09,318035338,220052687
021,Barre,2013,6160458,6406435,6145613,260822,4.07,10015666,3855208
022,Becket,2013,4820234,5147708,5037778,109930,2.14,13091938,8271704
023,Bedford,2013,51076688,54532823,53537627,995196,1.82,69296384,18219696
024,Belchertown,2013,21672014,22612234,22551481,60753,0.27,32950733,11278719
025,Bellingham,2013,31509064,32187271,32126375,60896,0.19,52284650,20775586
026,Belmont,2013,67493704,72103568,72057522,46046,0.06,135141639,67647935
027,Berkley,2013,7497155,9374299,8923452,450847,4.81,19099855,11602700
028,Berlin,2013,8183513,8906541,8709387,197154,2.21,12985735,4802222
029,Bernardston,2013,3529567,3781598,3557848,223750,5.92,5278706,1749139
030,Beverly,2013,81590844,81590844,81559693,31151,0.04,133713152,52122308
031,Billerica,2013,100913852,101040257,99272287,1767970,1.75,132044286,31130434
032,Blackstone,2013,14744957,14744957,14662775,82182,0.56,20376285,5631328
033,Blandford,2013,2297700,2431535,2420881,10654,0.44,4119948,1822248
034,Bolton,2013,16199260,18225922,18020242,205680,1.13,21493610,5294350
035,Boston,2013,1683779342,1683779342,1683681079,98263,0.01,2304981792,621202450
036,Bourne,2013,37314238,38608728,38583320,25408,0.07,102072275,64758037
037,Boxborough,2013,16628924,17382610,16716155,666455,3.83,23623736,6994812
038,Boxford,2013,23091789,24440818,23489845,950973,3.89,39465466,16373677
039,Boylston,2013,9462074,10545539,10233302,312237,2.96,14873985,5411911
040,Braintree,2013,74428465,74428465,74404156,24309,0.03,128598500,54170035
041,Brewster,2013,25889558,25892498,25755580,136918,0.53,81299178,55409620
042,Bridgewater,2013,32606276,35928165,35921760,6405,0.02,56730512,24124236
043,Brimfield,2013,5923947,6025551,6024403,1148,0.02,10148927,4224980
044,Brockton,2013,112506174,112506174,111500261,1005913,0.89,137155997,24649823
045,Brookfield,2013,4301893,4491769,4416385,75384,1.68,6338096,2036203
046,Brookline,2013,168537755,170168563,170137610,30953,0.02,387980735,219442980
047,Buckland,2013,3142219,3243698,3167081,76617,2.36,5321037,2178818
048,Burlington,2013,91145754,91145754,88648222,2497532,2.74,116582220,25436466
049,Cambridge,2013,421051728,421051728,316947770,104103958,24.72,630349313,209297585
050,Canton,2013,58592286,60703574,60155267,548307,0.9,99291587,40699301
051,Carlisle,2013,21437006,22306492,21708348,598144,2.68,30696193,9259187
052,Carver,2013,19142608,19142608,19129426,13182,0.07,27389915,8247307
053,Charlemont,2013,2376166,2433780,2188119,245661,10.09,3200877,824711
054,Charlton,2013,15531183,17114049,17101029,13020,0.08,34758188,19227005
055,Chatham,2013,23981139,30219895,29133202,1086693,3.6,144797226,120816087
056,Chelmsford,2013,75816615,81534139,80392117,1142022,1.4,111966737,36150122
057,Chelsea,2013,41218501,41218501,41208288,10213,0.02,52716587,11498086
058,Cheshire,2013,2979000,3131248,3130944,304,0.01,7370396,4391396
059,Chester,2013,2219230,2377024,2366030,10994,0.46,2916703,697473
060,Chesterfield,2013,2557626,2691846,2490664,201182,7.47,3461179,903553
061,Chicopee,2013,71126184,71126184,69052512,2073672,2.92,89621146,18494962
062,Chilmark,2013,6435728,7236647,7200449,36198,0.5,78607520,72171792
063,Clarksburg,2013,1545110,1557810,1548050,9760,0.63,2967888,1422778
064,Clinton,2013,18367965,19230177,18913660,316517,1.65,26736652,8368687
065,Cohasset,2013,28738052,30777096,30762620,14476,0.05,63038156,34300104
066,Colrain,2013,2791269,2803263,2677841,125422,4.47,4097065,1305796
067,Concord,2013,69911104,73999825,71123429,2876396,3.89,126374252,56463148
068,Conway,2013,3927641,3959528,3483809,475719,12.01,6357315,2429674
069,Cummington,2013,1575746,1678008,1612188,65820,3.92,3266183,1690437
070,Dalton,2013,10351538,10829561,10762120,67441,0.62,14848400,4496862
071,Danvers,2013,62546370,62546370,62526780,19590,0.03,97370180,34823810
072,Dartmouth,2013,48520459,49741645,49733634,8011,0.02,122308872,73788413
073,Dedham,2013,73915450,77658216,77636268,21948,0.03,98830185,24914735
074,Deerfield,2013,8649281,8756718,8752898,3820,0.04,16281432,7632151
075,Dennis,2013,34157962,35979773,35572348,407425,1.13,146027703,111869741
076,Dighton,2013,13212994,13387183,13139923,247260,1.85,20866991,7653997
077,Douglas,2013,11015847,13639992,13632268,7724,0.06,21367191,10351344
078,Dover,2013,26014316,27693250,27359290,333960,1.21,53436113,27421797
079,Dracut,2013,37570285,38535067,38509131,25936,0.07,69813508,32243223
080,Dudley,2013,7770921,9396365,9379660,16705,0.18,20284732,12513811
081,Dunstable,2013,6421029,7155654,7142178,13476,0.19,11497389,5076360
082,Duxbury,2013,44149709,45823557,45616134,207423,0.45,80366692,36216983
083,East Bridgewater,2013,22056935,24689573,24679532,10041,0.04,38804296,16747361
084,East Brookfield,2013,2771903,3286560,3239664,46896,1.43,5566432,2794529
085,East Longmeadow,2013,33961072,35067582,33040720,2026862,5.78,44361868,10400796
086,Eastham,2013,16410650,17763063,17503609,259454,1.46,67012284,50601634
087,Easthampton,2013,18761324,20348983,20328921,20062,0.1,35025708,16264384
088,Easton,2013,42776167,45537416,45522543,14873,0.03,72029340,29253173
089,Edgartown,2013,21122618,24022272,23422865,599407,2.5,164949756,143827138
090,Egremont,2013,3569842,3569842,3022006,547836,15.35,9575432,6005590
091,Erving,2013,8132109,8132109,8074130,57979,0.71,16224129,8092020
092,Essex,2013,10035287,11471776,11450093,21683,0.19,18894542,8859255
093,Everett,2013,88699752,88699752,87262044,1437708,1.62,88699752,0
094,Fairhaven,2013,22544645,23686077,23682492,3585,0.02,48023672,25479027
095,Fall River,2013,79480075,79480075,79433714,46361,0.06,132764382,53284307
096,Falmouth,2013,75787798,85423339,85344128,79211,0.09,265373534,189585736
097,Fitchburg,2013,42325552,42325552,42312177,13375,0.03,51924215,9598663
098,Florida,2013,2089769,2095475,2089376,6099,0.29,2988636,898867
099,Foxborough,2013,35340735,38273290,38260057,13233,0.03,65103320,29762585
100,Framingham,2013,168270449,168667131,167025508,1641623,0.97,181715859,13445410
101,Franklin,2013,57171540,58524930,58489933,34997,0.06,101969897,44798357
102,Freetown,2013,15300540,15840188,15827887,12301,0.08,27894330,12593790
103,Gardner,2013,20630721,20630721,20626990,3731,0.02,29534637,8903916
104,Aquinnah,2013,3049786,3231703,3123382,108322,3.35,18075126,15025340
105,Georgetown,2013,14941885,15398998,15356114,42884,0.28,28332313,13390428
106,Gill,2013,2225039,2290085,2288974,1111,0.05,3730401,1505362
107,Gloucester,2013,63142734,65041956,65023102,18854,0.03,127844379,64701645
108,Goshen,2013,1908356,2012668,1953106,59562,2.96,3553686,1645330
109,Gosnold,2013,611064,622044,615724,6320,1.02,6841379,6230315
110,Grafton,2013,27600126,32064636,32044980,19656,0.06,51519261,23919135
111,Granby,2013,9375792,9409089,9407114,1975,0.02,14392770,5016978
112,Granville,2013,2660862,2660862,2342438,318424,11.97,4839748,2178886
113,Great Barrington,2013,17717944,19089682,17882010,1207672,6.33,34022088,16304144
114,Greenfield,2013,27042849,27033266,27012193,21073,0.08,32591931,5549082
115,Groton,2013,23920810,26011328,25440159,571169,2.2,37745042,13824232
116,Groveland,2013,11315605,11614053,11522901,91152,0.78,19894511,8578906
117,Hadley,2013,8677000,9496423,9494380,2043,0.02,22735584,14058584
118,Halifax,2013,12920068,13761509,13535843,225666,1.64,18810232,5890164
119,Hamilton,2013,22888106,24108032,22182816,1925216,7.99,32298800,9410694
120,Hampden,2013,9024981,9997833,9505095,492738,4.93,13617615,4592634
121,Hancock,2013,1949490,1949490,839054,1110436,56.96,7386042,5436552
122,Hanover,2013,33158341,36133849,35999410,134439,0.37,57264187,24105846
123,Hanson,2013,15392879,16658823,16583564,75259,0.45,28951753,13558874
124,Hardwick,2013,3216090,3257700,3250565,7135,0.22,5829565,2613475
125,Harvard,2013,16625717,17633207,17624879,8328,0.05,26416185,9790468
126,Harwich,2013,35842557,38449705,38437066,12639,0.03,111996114,76153557
127,Hatfield,2013,5872552,6229035,6149177,79858,1.28,12498328,6625776
128,Haverhill,2013,85197319,85980535,85972538,7997,0.01,122842509,37645190
129,Hawley,2013,714974,778213,754505,23708,3.05,1182609,467635
130,Heath,2013,1866697,1922424,1778726,143698,7.47,2218970,352273
131,Hingham,2013,63390078,67207888,67014119,193770,0.29,135986442,72596364
132,Hinsdale,2013,3854883,3931226,3603478,327748,8.34,7372091,3517208
133,Holbrook,2013,19733445,21429348,20931738,497610,2.32,25296984,5563539
134,Holden,2013,28754547,31531927,31455317,76610,0.24,45272478,16517931
135,Holland,2013,4562594,4713768,4712639,1129,0.02,7547468,2984874
136,Holliston,2013,35365252,38098621,37858724,239897,0.63,50830725,15465473
137,Holyoke,2013,51285488,51285488,51281090,4398,0.01,52284714,999226
138,Hopedale,2013,11533660,11533660,10675325,858335,7.44,16049342,4515682
139,Hopkinton,2013,47401640,49939200,48667653,1271547,2.55,70247766,22846126
140,Hubbardston,2013,5582604,5697750,5694419,3331,0.06,10436985,4854381
141,Hudson,2013,38663614,41191210,41107005,84205,0.2,52945830,14282216
142,Hull,2013,24046365,24543403,24541813,1590,0.01,45549023,21502658
143,Huntington,2013,2951956,3170955,3111320,59635,1.88,4751558,1799602
144,Ipswich,2013,29063773,31141645,31028800,112845,0.36,58324812,29261039
145,Kingston,2013,25777708,27740405,27392537,347868,1.25,41731470,15953762
146,Lakeville,2013,16567694,17626469,17618762,7707,0.04,35181233,18613539
147,Lancaster,2013,13782382,14786508,14391265,395243,2.67,18856480,5074098
148,Lanesborough,2013,7035848,7180935,7101326,79609,1.11,9824746,2788898
149,Lawrence,2013,54792021,54792021,54761398,30623,0.06,70483841,15691820
150,Lee,2013,12767326,13388487,12379387,1009100,7.54,21964846,9197520
151,Leicester,2013,11596846,12422048,12416445,5603,0.05,22790832,11193986
152,Lenox,2013,13940082,13720264,13667338,52926,0.39,28238296,14298214
153,Leominster,2013,60417560,60417560,55182917,5234643,8.66,76813637,16396077
154,Leverett,2013,4357722,4691924,4685726,6198,0.13,6277767,1920045
155,Lexington,2013,135440316,141639397,141585863,53534,0.04,207698919,72258603
156,Leyden,2013,1569843,1658295,1423502,234793,14.16,2184626,614783
157,Lincoln,2013,23416352,24755662,24744870,10792,0.04,42962506,19546154
158,Littleton,2013,26069184,28133333,28122449,10884,0.04,36651980,10582796
159,Longmeadow,2013,40368572,43850918,43849352,1566,0,50892934,10524362
160,Lowell,2013,118099403,118099403,108866883,9232520,7.82,152062946,33963543
161,Ludlow,2013,31076895,31244731,30542387,702344,2.25,44470570,13393675
162,Lunenburg,2013,18661730,19569067,19566815,2252,0.01,28275744,9614014
163,Lynn,2013,104384988,104384988,104345949,39039,0.04,132142583,27757595
164,Lynnfield,2013,31150945,34013232,33998987,14245,0.04,56875969,25725024
165,Malden,2013,70001355,70001355,69985235,16120,0.02,120460116,50458761
166,Manchester By The Sea,2013,19014450,21970047,21961853,8194,0.04,52240374,33225924
167,Mansfield,2013,48075601,49497631,49319476,178155,0.36,77171831,29096230
168,Marblehead,2013,50731840,54821657,54785294,36363,0.07,126233396,75501556
169,Marion,2013,14907445,15867011,15738774,128237,0.81,37979668,23072223
170,Marlborough,2013,111500706,111500706,86361360,25139346,22.55,111500706,0
171,Marshfield,2013,50451267,51087970,51084338,3632,0.01,104595286,54144019
172,Mashpee,2013,37686365,39993755,39917510,76245,0.19,109784132,72097767
173,Mattapoisett,2013,17627442,19031315,19005438,25877,0.14,38691853,21064411
174,Maynard,2013,23163034,25415083,25403203,11880,0.05,29873317,6710283
175,Medfield,2013,33217864,35788914,35459410,329504,0.92,56356341,23138477
176,Medford,2013,90175356,90175356,89928082,247274,0.27,161331153,71155797
177,Medway,2013,27636923,29654298,29596724,57574,0.19,39866277,12229354
178,Melrose,2013,46017756,48025972,48013339,12633,0.03,89291683,43273927
179,Mendon,2013,10612888,11947184,11944074,3110,0.03,19619044,9006156
180,Merrimac,2013,10049478,10296710,10247595,49115,0.48,16581869,6532391
181,Methuen,2013,71930307,71930307,68123911,3806396,5.29,106516407,34586100
182,Middleborough,2013,32846113,33187821,33179276,8545,0.03,54986091,22139978
183,Middlefield,2013,1186232,1237032,1054759,182273,14.73,1633765,447533
184,Middleton,2013,20489596,22177574,21327930,849644,3.83,39234603,18745007
185,Milford,2013,55841488,55841488,54825733,1015755,1.82,69438221,13596733
186,Millbury,2013,19108727,20559516,20447199,112317,0.55,31018203,11909476
187,Millis,2013,15959624,16337510,16328337,9173,0.06,24982156,9022532
188,Millville,2013,3970438,4082675,4057411,25264,0.62,6713122,2742684
189,Milton,2013,62453928,64987003,64964377,22626,0.03,108079291,45625363
190,Monroe,2013,558804,558804,536830,21974,3.93,558804,0
191,Monson,2013,10920745,11292975,11290219,2756,0.02,18667690,7746945
192,Montague,2013,12911745,13624873,13618194,6679,0.05,17750834,4839089
193,Monterey,2013,2865373,2984664,2803395,181269,6.07,12537544,9672171
194,Montgomery,2013,1388718,1486626,1453411,33215,2.23,2593525,1204807
195,Mount Washington,2013,493468,493468,492482,986,0.2,2108228,1614760
196,Nahant,2013,7108754,7898561,7894469,4092,0.05,18376324,11267570
197,Nantucket,2013,58393607,65695822,63618274,2077548,3.16,427528242,369134635
198,Natick,2013,84573555,89341858,89323445,18413,0.02,155724277,71150722
199,Needham,2013,93756886,100462325,100442271,20054,0.02,198099748,104342862
200,New Ashford,2013,403052,403052,393118,9934,2.46,997803,594751
201,New Bedford,2013,102384407,102384407,95218502,7165905,7,136989241,34604834
202,New Braintree,2013,1608507,1770383,1761349,9034,0.51,2764201,1155694
203,New Marlborough,2013,4080422,4272711,4227374,45337,1.06,11781979,7701557
204,New Salem,2013,1605594,1671022,1669551,1471,0.09,2672160,1066566
205,Newbury,2013,12733360,13658786,13657379,1407,0.01,29950392,17217032
206,Newburyport,2013,42716528,43708418,43354467,353951,0.81,81370997,38654469
207,Newton,2013,260189736,260189736,260175336,14400,0.01,516132655,255942919
208,Norfolk,2013,22476064,25065905,25058679,7226,0.03,36635495,14159431
209,North Adams,2013,13698055,13698055,13686384,11671,0.09,17756149,4058094
210,North Andover,2013,59689214,61460854,61434579,26275,0.04,106740858,47051644
211,North Attleborough,2013,42372458,42884946,42879940,5006,0.01,83880947,41508489
212,North Brookfield,2013,4654974,5596252,5594485,1767,0.03,9482178,4827204
213,North Reading,2013,35009693,40474755,40459232,15523,0.04,63059900,28050207
214,Northampton,2013,43768074,45408380,45388432,19948,0.04,79572987,35804913
215,Northborough,2013,40370095,42809676,40143508,2666168,6.23,62295947,21925852
216,Northbridge,2013,17011441,17362636,17352103,10533,0.06,35125714,18114273
217,Northfield,2013,5890926,6139508,6137939,1569,0.03,10202691,4311765
218,Norton,2013,28394043,29059377,29053758,5619,0.02,48682571,20288528
219,Norwell,2013,34357058,35763611,35754129,9482,0.03,55518833,21161775
220,Norwood,2013,58049184,60073813,59914361,159452,0.27,106141408,48092224
221,Oak Bluffs,2013,17632056,19387029,19372535,14494,0.07,62816261,45184205
222,Oakham,2013,2309298,2441327,2413617,27710,1.14,4874025,2564727
223,Orange,2013,8820817,9014839,8990769,24070,0.27,11955810,3134993
224,Orleans,2013,19478220,22347641,21661223,686418,3.07,88775504,69297284
225,Otis,2013,4254410,4361211,4332157,29054,0.67,15105150,10850740
226,Oxford,2013,18018101,18358230,18351234,6996,0.04,31749540,13731439
227,Palmer,2013,15375794,15375794,15364929,10865,0.07,23015173,7639379
228,Paxton,2013,7566139,8653576,8651984,1592,0.02,11253882,3687743
229,Peabody,2013,96549189,96549189,90616457,5932732,6.14,154248228,57699039
230,Pelham,2013,3245628,3634685,3394602,240083,6.61,4236898,991270
231,Pembroke,2013,30689474,32845405,32595151,250254,0.76,57385830,26696356
232,Pepperell,2013,16049238,16469943,16453259,16684,0.1,27830275,11781037
233,Peru,2013,1663950,1699125,1441314,257811,15.17,2210604,546654
234,Petersham,2013,2183920,2369493,2356007,13486,0.57,3640307,1456387
235,Phillipston,2013,2681772,2895579,2870595,24984,0.86,4612138,1930366
236,Pittsfield,2013,75958348,75958348,68567362,7390986,9.73,83545094,7586746
237,Plainfield,2013,1305121,1390815,1368905,21910,1.58,1843891,538770
238,Plainville,2013,15530565,16776541,16769079,7462,0.04,28428959,12898394
239,Plymouth,2013,130357958,133426954,124274398,9152556,6.86,215305609,84947651
240,Plympton,2013,6540660,6799737,6600196,199541,2.93,10012433,3471773
241,Princeton,2013,7601798,7861379,7662227,199152,2.53,10946039,3344241
242,Provincetown,2013,16153809,16986582,16853823,132759,0.78,57404029,41250220
243,Quincy,2013,201645888,201645888,185780223,15865665,7.87,265548764,63902876
244,Randolph,2013,50948562,51352344,51329325,23019,0.04,66405491,15456929
245,Raynham,2013,25418966,28333332,28223266,110066,0.39,43181580,17762614
246,Reading,2013,53062973,55093634,55078365,15269,0.03,92165938,39102965
247,Rehoboth,2013,17829009,18361090,18348408,12682,0.07,39039167,21210158
248,Revere,2013,67981190,67981190,67975254,5936,0.01,94245138,26263948
249,Richmond,2013,4216523,4365098,4168107,196991,4.51,10472631,6256108
250,Rochester,2013,9271194,10520422,10519702,720,0.01,19803655,10532461
251,Rockland,2013,26899996,29071037,29061028,10009,0.03,41326831,14426835
252,Rockport,2013,18018689,19105160,18876306,228854,1.2,42437739,24419050
253,Rowe,2013,3022553,3512264,3483059,29205,0.83,6911078,3888525
254,Rowley,2013,11559290,12052049,12050706,1343,0.01,20777079,9217789
255,Royalston,2013,1358287,1385840,1350347,35493,2.56,3629965,2271678
256,Russell,2013,2783095,2783095,2637304,145791,5.24,3283326,500231
257,Rutland,2013,10384157,11860336,11858986,1350,0.01,17795598,7411441
258,Salem,2013,77955293,77955293,74879216,3076077,3.95,98180819,20225526
259,Salisbury,2013,15633624,16447179,16409438,37741,0.23,35641699,20008075
260,Sandisfield,2013,2586864,2640835,2610742,30093,1.14,5180043,2593179
261,Sandwich,2013,48474010,50089828,50084415,5413,0.01,91261690,42787680
262,Saugus,2013,51363980,53147428,53118729,28699,0.05,93325509,41961529
263,Savoy,2013,1136100,1152165,1032557,119608,10.38,1535630,399530
264,Scituate,2013,46677025,48221004,48082156,138848,0.29,94501093,47824068
265,Seekonk,2013,31170061,32459842,32383101,76741,0.24,50848910,19678849
266,Sharon,2013,54309815,57420794,54141915,3278879,5.71,66188160,11878345
267,Sheffield,2013,8389922,8389922,8187297,202625,2.42,15343511,6953589
268,Shelburne,2013,3191453,3216867,2984069,232798,7.24,5743011,2551558
269,Sherborn,2013,19669304,21473208,21410864,62344,0.29,27143590,7474286
270,Shirley,2013,8202295,8932886,8928027,4859,0.05,14262025,6059730
271,Shrewsbury,2013,51112196,55850333,55818702,31631,0.06,119577340,68465144
272,Shutesbury,2013,4301932,4387833,4364506,23327,0.53,5382963,1081031
273,Somerset,2013,50814987,50814987,42486117,8328870,16.39,57411373,6596386
274,Somerville,2013,109923150,109923150,109923036,114,0,214883376,104960226
275,South Hadley,2013,21796072,22163814,22160522,3292,0.01,37157147,15361075
276,Southampton,2013,8816795,9534624,9532469,2155,0.02,16503582,7686787
277,Southborough,2013,32788706,35133213,34209423,923790,2.63,51707109,18918403
278,Southbridge,2013,17070177,17070177,16905379,164798,0.97,22882213,5812036
279,Southwick,2013,15192942,15192942,14997765,195177,1.28,24221197,9028255
280,Spencer,2013,10887411,11788928,11784936,3992,0.03,23071528,12184117
281,Springfield,2013,167408833,167408833,167403337,5496,0,167408833,0
282,Sterling,2013,15483934,16616770,15191130,1425640,8.58,23228027,7744093
283,Stockbridge,2013,6980631,8262541,6688418,1574123,19.05,20097411,13116780
284,Stoneham,2013,39402241,40904927,40876418,28509,0.07,72981144,33578903
285,Stoughton,2013,52358980,52358980,52095892,263088,0.5,74571237,22212257
286,Stow,2013,20852434,22350033,20861552,1488481,6.66,28390789,7538355
287,Sturbridge,2013,19154432,20994797,20599856,394941,1.88,27699031,8544599
288,Sudbury,2013,66965942,71214792,71026410,188382,0.26,96602078,29636136
289,Sunderland,2013,4215576,4686751,4634788,51963,1.11,8627677,4412101
290,Sutton,2013,14911857,18391718,18388837,2881,0.02,29526072,14614215
291,Swampscott,2013,39713598,43598760,43392174,206586,0.47,54201801,14488203
292,Swansea,2013,25816810,26178010,26163244,14766,0.06,47531276,21714466
293,Taunton,2013,76178202,77430702,77422225,8477,0.01,110768525,34590323
294,Templeton,2013,7050514,7669849,7664911,4938,0.06,13571018,6520504
295,Tewksbury,2013,58640237,66269097,66234396,34701,0.05,95081691,36441454
296,Tisbury,2013,18197838,19653279,19462887,190392,0.97,61801537,43603699
297,Tolland,2013,1029714,1208205,1203926,4279,0.35,4465602,3435888
298,Topsfield,2013,17888276,18709851,18330216,379635,2.03,28730746,10842470
299,Townsend,2013,13615794,14110857,14060601,50256,0.36,19250549,5634755
300,Truro,2013,11481237,12472351,12100034,372317,2.99,50249311,38768074
301,Tyngsborough,2013,21660738,22087260,22080808,6452,0.03,34096369,12435631
302,Tyringham,2013,1229342,1229342,1130994,98348,8,4712476,3483134
303,Upton,2013,14114038,15727043,15691264,35779,0.23,23461818,9347780
304,Uxbridge,2013,21064757,23561656,23524787,36869,0.16,36125287,15060530
305,Wakefield,2013,55027865,55027985,54703403,324582,0.59,95844053,40816188
306,Wales,2013,2700549,2724669,2722773,1896,0.07,3987659,1287110
307,Walpole,2013,55754973,57650897,57646583,4314,0.01,89729606,33974633
308,Waltham,2013,164093778,164093778,154887838,9205940,5.61,213307262,49213484
309,Ware,2013,12214650,12267132,12260776,6356,0.05,18094416,5879766
310,Wareham,2013,32635880,32635880,32630489,5391,0.02,77914254,45278374
311,Warren,2013,6110764,6122297,5805972,316325,5.17,8090819,1980055
312,Warwick,2013,1439533,1543442,1351123,192319,12.46,1937928,498395
313,Washington,2013,947268,1010955,904288,106667,10.55,1751138,803870
314,Watertown,2013,78070917,78398789,78371419,27370,0.03,126304637,48233720
315,Wayland,2013,57323862,63159538,52016190,11143348,17.64,72688918,15365056
316,Webster,2013,17785688,18476951,18475588,1363,0.01,34059790,16274102
317,Wellesley,2013,97401131,109524091,109460604,63487,0.06,233890180,136489049
318,Wellfleet,2013,12781406,14087390,13906745,180645,1.28,54238474,41457068
319,Wendell,2013,1976633,1976633,1602670,373963,18.92,2262380,285747
320,Wenham,2013,11948355,12814240,12340917,473323,3.69,16694963,4746608
321,West Boylston,2013,13644212,14069102,14066746,2356,0.02,20152932,6508720
322,West Bridgewater,2013,17952094,18503944,18494311,9633,0.05,24146123,6194029
323,West Brookfield,2013,4462254,4462230,4458964,3266,0.07,8432231,3969977
324,West Newbury,2013,10899107,11683601,11530602,152999,1.31,18302544,7403437
325,West Springfield,2013,63970887,63970887,55052710,8918177,13.94,64081551,110664
326,West Stockbridge,2013,4907303,5072815,4234878,837937,16.52,9254541,4347238
327,West Tisbury,2013,12412723,13082812,12521526,561286,4.29,59512957,47100234
328,Westborough,2013,63298845,65532377,62375108,3157269,4.82,82202304,18903459
329,Westfield,2013,61391213,61391213,60801097,590116,0.96,79681567,18290354
330,Westford,2013,58166632,61985524,61929284,56240,0.09,95981159,37814527
331,Westhampton,2013,3424869,3700486,3686280,14206,0.38,5373586,1948717
332,Westminster,2013,14345516,15598464,15075655,522809,3.35,20527853,6182337
333,Weston,2013,60954930,67702186,64423334,3278852,4.84,129885755,68930825
334,Westport,2013,21118044,21775439,21762585,12854,0.06,73621735,52503691
335,Westwood,2013,55765993,57839227,57671932,167295,0.29,87204203,31438210
336,Weymouth,2013,83323832,83323832,83323733,99,0,145837624,62513792
337,Whately,2013,3822004,3906714,3779183,127531,3.26,6135037,2313033
338,Whitman,2013,19001201,20153412,20148599,4813,0.02,31900884,12899683
339,Wilbraham,2013,30055033,31530401,31358176,172225,0.55,39875605,9820572
340,Williamsburg,2013,4796794,5116093,5038062,78031,1.53,7479308,2682514
341,Williamstown,2013,14451191,15033783,14301748,732035,4.87,24881259,10430068
342,Wilmington,2013,60355931,63298011,63285679,12332,0.02,86307111,25951180
343,Winchendon,2013,9463261,9630076,9627604,2472,0.03,16121240,6657979
344,Winchester,2013,63194464,69406222,69309299,96923,0.14,136120963,72926499
345,Windsor,2013,1418881,1447427,1425598,21829,1.51,2830814,1411933
346,Winthrop,2013,24020474,24848022,24843969,4053,0.02,41656555,17636081
347,Woburn,2013,93963879,96095174,88211384,7883790,8.2,142900360,48936481
348,Worcester,2013,250134942,250134942,239690683,10444259,4.18,271971407,21836465
349,Worthington,2013,2354881,2420425,2173406,247019,10.21,4067002,1712121
350,Wrentham,2013,25206548,26405163,26400957,4206,0.02,42213840,17007292
351,Yarmouth,2013,46568881,50480950,50410709,70241,0.14,127557463,80988582
001,Abington,2014,26885225,28461240,28445201,16039,0.06,41368820,14483595
002,Acton,2014,69827344,72722787,72281378,441409,0.61,92906656,23079312
003,Acushnet,2014,14274695,14450245,14444999,5246,0.04,25295722,11021027
004,Adams,2014,9472445,9711935,9604171,107764,1.11,11657561,2185116
005,Agawam,2014,60906611,60906611,51738903,9167708,15.05,69012715,8106104
006,Alford,2014,1398930,1398930,1156878,242052,17.3,6726033,5327103
007,Amesbury,2014,37866711,38960713,36886531,2074182,5.32,43975359,6108648
008,Amherst,2014,43044827,43258349,43254058,4291,0.01,51566593,8521766
009,Andover,2014,114580485,117859063,117506432,352631,0.3,171013153,56432668
010,Arlington,2014,94987188,101779414,101737510,41904,0.04,184440736,89453548
011,Ashburnham,2014,9993807,11114435,11113274,1161,0.01,14010683,4016876
012,Ashby,2014,5104061,5104061,5103399,662,0.01,6679841,1575780
013,Ashfield,2014,3215653,3486960,3485278,1682,0.05,5391828,2176175
014,Ashland,2014,35141908,37209809,37194193,15616,0.04,53470663,18328755
015,Athol,2014,10270890,11348115,11346185,1930,0.02,15390918,5120028
016,Attleboro,2014,60517159,60517159,60503285,13874,0.02,93528267,33011108
017,Auburn,2014,36339247,37784403,34834381,2950022,7.81,45652453,9313206
018,Avon,2014,15974828,17756950,17654758,102192,0.58,18727576,2752748
019,Ayer,2014,17940301,19346487,18958168,388319,2.01,24570292,6629991
020,Barnstable,2014,101225604,103638249,103522018,116231,0.11,314852500,213626896
021,Barre,2014,6480821,6718372,6206077,512295,7.63,9660767,3179946
022,Becket,2014,5041308,5320831,5192074,128757,2.42,12433128,7391820
023,Bedford,2014,53411608,56745981,55702447,1043534,1.84,71590553,18178945
024,Belchertown,2014,22472124,23350037,23323101,26936,0.12,32905053,10432929
025,Bellingham,2014,32569181,32824297,32788904,35393,0.11,52558729,19989548
026,Belmont,2014,69920766,74279179,73993705,285474,0.38,137025379,67104613
027,Berkley,2014,7763009,9699748,9510388,189360,1.95,18560477,10797468
028,Berlin,2014,8534839,9311450,9247381,64069,0.69,12511708,3976869
029,Bernardston,2014,3655573,3988891,3734386,254505,6.38,5340942,1685369
030,Beverly,2014,84691590,84691590,84640977,50613,0.06,133776271,49084681
031,Billerica,2014,106511700,108460206,103443352,5016854,4.63,136477262,29965562
032,Blackstone,2014,15331583,15331583,15210705,120878,0.79,20194776,4863193
033,Blandford,2014,2405739,2545852,2531022,14830,0.58,4135657,1729918
034,Bolton,2014,16911914,18758569,18522178,236391,1.26,21842191,4930277
035,Boston,2014,1778951549,1778951549,1778801240,150309,0.01,2495820314,716868765
036,Bourne,2014,38469899,39748504,39746128,2376,0.01,102650124,64180225
037,Boxborough,2014,17199968,17908334,16641560,1266774,7.07,23518316,6318348
038,Boxford,2014,23809461,25001119,24077307,923812,3.7,38909675,15100214
039,Boylston,2014,9818508,10876810,10332218,544592,5.01,14853678,5035170
040,Braintree,2014,77077760,77077760,77063779,13981,0.02,130023193,52945433
041,Brewster,2014,26761163,27125003,27101277,23726,0.09,82827864,56066701
042,Bridgewater,2014,33710653,36945494,36934461,11033,0.03,56822248,23111595
043,Brimfield,2014,6182643,6318088,6317127,961,0.02,9618037,3435394
044,Brockton,2014,116744636,116744636,116740839,3797,0,134054472,17309836
045,Brookfield,2014,4446777,4608873,4600163,8710,0.19,6149950,1703173
046,Brookline,2014,174686607,175799407,175783902,15505,0.01,408566549,233879942
047,Buckland,2014,3284768,3423793,3285510,138283,4.04,5218409,1933641
048,Burlington,2014,95436150,95436150,92154384,3281767,3.44,119182376,23746226
049,Cambridge,2014,446045872,446045872,328544945,117500927,26.34,679041220,232995348
050,Canton,2014,61056233,63075824,62465128,610696,0.97,97115478,36059245
051,Carlisle,2014,22201285,24470853,23093506,1377347,5.63,30973050,8771765
052,Carver,2014,20069906,20069906,20018799,51107,0.25,27524507,7454601
053,Charlemont,2014,2467047,2476667,2130483,346184,13.98,3096632,629585
054,Charlton,2014,16100831,17700040,17688455,11585,0.07,34929808,18828977
055,Chatham,2014,24792310,30301544,29353578,947966,3.13,144456583,119664273
056,Chelmsford,2014,78644500,84233799,84216426,17373,0.02,110927853,32283353
057,Chelsea,2014,43652141,43652141,43641615,10526,0.02,52982648,9330507
058,Cheshire,2014,3072264,3319627,3291201,28426,0.86,7372761,4300497
059,Chester,2014,2312330,2469143,2458798,10345,0.42,2943963,631633
060,Chesterfield,2014,2662982,2795269,2577007,218262,7.81,3493773,830791
061,Chicopee,2014,75456812,75456812,71516280,3940532,5.22,90596960,15140148
062,Chilmark,2014,7052780,7826127,7784060,42067,0.54,78468344,71415564
063,Clarksburg,2014,1590782,1615482,1586887,28595,1.77,2969475,1378693
064,Clinton,2014,19055389,19861993,19656495,205498,1.03,26859835,7804446
065,Cohasset,2014,29892201,31893913,31880159,13754,0.04,63556937,33664736
066,Colrain,2014,2914599,2969989,2866455,103534,3.49,4032717,1118118
067,Concord,2014,72879506,77680928,74135633,3545295,4.56,128262342,55382836
068,Conway,2014,4077680,4101186,3827226,273960,6.68,6102082,2024402
069,Cummington,2014,1627647,1728623,1690691,37932,2.19,3228974,1601327
070,Dalton,2014,10669451,11120703,10983801,136902,1.23,14834955,4165504
071,Danvers,2014,65016430,65016430,64756756,259674,0.4,98355264,33338834
072,Dartmouth,2014,50439338,51393974,51385031,8943,0.02,119678515,69239177
073,Dedham,2014,76698653,80352689,79873681,479008,0.6,100650733,23952080
074,Deerfield,2014,8972984,9052181,9045617,6564,0.07,16494560,7521576
075,Dennis,2014,35722482,37442829,37404049,38780,0.1,147260037,111537555
076,Dighton,2014,13725820,13892214,13883132,9082,0.07,20189174,6463354
077,Douglas,2014,11399100,13926137,13919288,6849,0.05,21440677,10041577
078,Dover,2014,27081798,28712954,28347904,365050,1.27,54181773,27099975
079,Dracut,2014,38892341,40262196,40258887,3309,0.01,69459778,30567437
080,Dudley,2014,8022079,9666719,9658463,8256,0.09,20673080,12651001
081,Dunstable,2014,6616546,7312842,7194273,118569,1.62,11404999,4788453
082,Duxbury,2014,45616001,53408200,52916083,492117,0.92,81913441,36297440
083,East Bridgewater,2014,22923054,25649418,25592474,56944,0.22,36834304,13911250
084,East Brookfield,2014,2921907,3434898,3411013,23885,0.7,4895254,1973347
085,East Longmeadow,2014,35235798,36249752,36247815,1937,0.01,44269437,9033639
086,Eastham,2014,16924986,18556284,18552389,3895,0.02,66069761,49144775
087,Easthampton,2014,19428784,21095693,21077473,18220,0.09,35460083,16031299
088,Easton,2014,44483094,47095252,47091463,3789,0.01,70707903,26224809
089,Edgartown,2014,21899429,25329965,24471195,858770,3.39,165345911,143446482
090,Egremont,2014,3686622,3686622,3150106,536516,14.55,9534218,5847596
091,Erving,2014,8510087,8510087,8477597,32490,0.38,16304991,7794904
092,Essex,2014,10365253,11497451,11348898,148553,1.29,18616959,8251706
093,Everett,2014,90385762,90385762,84594327,5791435,6.41,90385762,0
094,Fairhaven,2014,23273719,24602314,24520355,81959,0.33,46226765,22953046
095,Fall River,2014,82673085,82673085,82626391,46694,0.06,130846546,48173461
096,Falmouth,2014,78611457,87913075,87700351,212724,0.24,269019481,190408024
097,Fitchburg,2014,43842987,43842987,43842049,938,0,51643315,7800328
098,Florida,2014,2154836,2199878,2133018,66860,3.04,2997189,842353
099,Foxborough,2014,36800475,39662533,39652531,10002,0.03,63974969,27174494
100,Framingham,2014,173349626,173737263,170290442,3446821,1.98,181039845,7690219
101,Franklin,2014,59648322,61508486,61507798,688,0,106414875,46766553
102,Freetown,2014,15875415,16201847,15688578,513269,3.17,28176646,12301231
103,Gardner,2014,21461493,21461493,21439143,22350,0.1,28403740,6942247
104,Aquinnah,2014,3379075,3497701,3434697,63004,1.8,18308622,14929547
105,Georgetown,2014,15426877,15861979,15858286,3693,0.02,28217591,12790714
106,Gill,2014,2295171,2386023,2384530,1493,0.06,3552637,1257466
107,Gloucester,2014,65537176,67551877,67539996,11881,0.02,129104776,63567600
108,Goshen,2014,1982042,2087080,2075286,11794,0.57,3573150,1591108
109,Gosnold,2014,628380,639360,636471,2889,0.45,5786098,5157718
110,Grafton,2014,28728435,32664103,32652066,12037,0.04,53492900,24764465
111,Granby,2014,9723259,9723259,9720339,2920,0.03,14482030,4758771
112,Granville,2014,2751865,2904679,2440857,463822,15.97,4820017,2068152
113,Great Barrington,2014,18414740,19698980,17931463,1767517,8.97,33059481,14644741
114,Greenfield,2014,27979293,27944090,26919611,1024479,3.67,32780821,4801528
115,Groton,2014,24895001,26944773,26309961,634812,2.36,37845169,12950168
116,Groveland,2014,11654442,11986604,11847746,138858,1.16,19667573,8013131
117,Hadley,2014,8988144,9719406,9718707,699,0.01,22835307,13847163
118,Halifax,2014,13366117,14180763,13910089,270674,1.91,18626258,5260141
119,Hamilton,2014,23620367,24825360,22684594,2140766,8.62,32592807,8972440
120,Hampden,2014,9359603,10124739,9812631,312108,3.08,13628654,4269051
121,Hancock,2014,2001072,2001072,832125,1168947,58.42,7325044,5323972
122,Hanover,2014,34450915,37974529,36955968,1018561,2.68,56386108,21935193
123,Hanson,2014,15949570,16797406,16788300,9106,0.05,27130414,11180844
124,Hardwick,2014,3334924,3376455,3374403,2052,0.06,5332496,1997572
125,Harvard,2014,17161875,18120502,18116792,3710,0.02,26502036,9340161
126,Harwich,2014,37130439,39797181,39771278,25903,0.07,113373084,76242645
127,Hatfield,2014,6071572,6320515,6283799,36716,0.58,12398972,6327400
128,Haverhill,2014,88058882,88853884,88654549,199335,0.22,123528909,35470027
129,Hawley,2014,742400,794932,766312,28620,3.6,1193632,451232
130,Heath,2014,1961237,1972791,1731564,241227,12.23,2264074,302837
131,Hingham,2014,66138834,69883949,69695339,188610,0.27,138724800,72585966
132,Hinsdale,2014,3990297,4045669,3742034,303635,7.51,7325830,3335533
133,Holbrook,2014,20404174,22053044,21668218,384826,1.75,25307852,4903678
134,Holden,2014,30207961,33019253,32944756,74497,0.23,46401065,16193104
135,Holland,2014,4711533,4832942,4828879,4063,0.08,7587804,2876271
136,Holliston,2014,36721987,39419166,39181206,237960,0.6,49272140,12550153
137,Holyoke,2014,51328411,51328411,51313496,14915,0.03,51328411,0
138,Hopedale,2014,11943878,11943878,11274515,669363,5.6,16124756,4180878
139,Hopkinton,2014,49843333,53059494,50889007,2170487,4.09,72162517,22319184
140,Hubbardston,2014,5759909,5869541,5867618,1923,0.03,10102647,4342738
141,Hudson,2014,40322730,42849368,42716115,133253,0.31,51888978,11566248
142,Hull,2014,24794254,25280817,25266047,14770,0.06,45540820,20746566
143,Huntington,2014,3053145,3317540,3245435,72105,2.17,4758702,1705557
144,Ipswich,2014,30329034,32379525,32079078,300447,0.93,59715335,29386301
145,Kingston,2014,26693299,28634641,27294265,1340376,4.68,40908671,14215372
146,Lakeville,2014,18745993,19475081,19474171,910,0,34285512,15539519
147,Lancaster,2014,14526219,15402705,14898361,504344,3.27,19696405,5170186
148,Lanesborough,2014,7285290,7406777,7243893,162884,2.2,9778474,2493184
149,Lawrence,2014,57459512,57459512,57458736,776,0,72893023,15433511
150,Lee,2014,13250762,13874399,12472663,1401736,10.1,22036506,8785744
151,Leicester,2014,12024225,12840569,12835936,4633,0.04,22085231,10061006
152,Lenox,2014,14461896,14185340,14013729,171611,1.21,27776917,13315021
153,Leominster,2014,63063845,63063845,57832951,5230894,8.29,76539109,13475264
154,Leverett,2014,4502896,4837185,4834683,2502,0.05,6295160,1792264
155,Lexington,2014,141843659,148771312,148770138,1174,0,213889884,72046225
156,Leyden,2014,1618375,1681323,1408136,273187,16.25,2089223,470848
157,Lincoln,2014,24186537,25693809,25683860,9949,0.04,44040534,19853997
158,Littleton,2014,27265205,29262370,29252162,10208,0.03,36786778,9521573
159,Longmeadow,2014,41524355,45193840,45180035,13805,0.03,48790535,7266180
160,Lowell,2014,122602344,122602344,110425643,12176701,9.93,152142144,29539800
161,Ludlow,2014,33368851,33480617,31763395,1717222,5.13,46114105,12745254
162,Lunenburg,2014,19425844,20290863,20286119,4744,0.02,28190826,8764982
163,Lynn,2014,108056323,108056323,108037167,19156,0.02,135778427,27722104
164,Lynnfield,2014,32848170,35666711,35644145,22566,0.06,59655042,26806872
165,Malden,2014,72655517,72655517,72649587,5930,0.01,124247075,51591558
166,Manchester By The Sea,2014,19815659,22613573,22592517,21056,0.09,54049084,34233425
167,Mansfield,2014,50212767,51341821,51339001,2820,0.01,75951278,25738511
168,Marblehead,2014,52459472,56787719,56761148,26571,0.05,127955699,75496227
169,Marion,2014,15416754,16285539,16127291,158248,0.97,38071980,22655226
170,Marlborough,2014,109200278,109200278,88052213,21148065,19.37,109200278,0
171,Marshfield,2014,52392242,55609030,55576225,32805,0.06,104545193,52152951
172,Mashpee,2014,39172240,41406596,40483134,923462,2.23,110008516,70836276
173,Mattapoisett,2014,18263040,19636699,19634513,2186,0.01,38589845,20326805
174,Maynard,2014,24003355,26646477,26622184,24293,0.09,28251149,4247794
175,Medfield,2014,34394044,36934219,36853583,80636,0.22,57155061,22761017
176,Medford,2014,93175009,93175009,93004733,170276,0.18,169455977,76280968
177,Medway,2014,28826059,31194991,30914787,280204,0.9,41022807,12196748
178,Melrose,2014,47734967,49745742,49739230,6512,0.01,91377519,43642552
179,Mendon,2014,11049641,12321119,12316489,4630,0.04,19220488,8170847
180,Merrimac,2014,10395153,10775108,10595808,179300,1.66,16670561,6275408
181,Methuen,2014,74648948,74648948,71061040,3587908,4.81,107786210,33137262
182,Middleborough,2014,34276205,34560110,34558421,1689,0,54676780,20400575
183,Middlefield,2014,1223975,1281116,1148837,132279,10.33,1648733,424758
184,Middleton,2014,21540061,23241137,22527391,713746,3.07,40516889,18976828
185,Milford,2014,58257096,58257096,56862147,1394949,2.39,68568323,10311227
186,Millbury,2014,19848775,21471256,21314446,156810,0.73,31161471,11312696
187,Millis,2014,16569052,17254064,17214070,39994,0.23,25225777,8656725
188,Millville,2014,4079332,4219067,4195900,23167,0.55,6105791,2026459
189,Milton,2014,64265958,67157641,67156777,864,0,109634640,45368682
190,Monroe,2014,561845,561845,508256,53589,9.54,561845,0
191,Monson,2014,11328002,11710490,11693650,16840,0.14,18045757,6717755
192,Montague,2014,13690149,14364715,14362691,2024,0.01,19001210,5311061
193,Monterey,2014,2953386,3062383,3055034,7349,0.24,12561816,9608430
194,Montgomery,2014,1445436,1540813,1491213,49600,3.22,2625374,1179938
195,Mount Washington,2014,512039,512039,474417,37622,7.35,2095479,1583440
196,Nahant,2014,7327636,8105072,8101813,3259,0.04,18363129,11035493
197,Nantucket,2014,60532786,67372224,64647039,2725185,4.04,423493186,362960400
198,Natick,2014,89191083,93467785,93436666,31119,0.03,164733190,75542107
199,Needham,2014,98925881,106035867,106008113,27754,0.03,201718325,102792444
200,New Ashford,2014,414613,414613,363739,50874,12.27,998140,583527
201,New Bedford,2014,106400750,106400750,96683928,9716822,9.13,130660844,24260094
202,New Braintree,2014,1658847,2081348,1802186,279162,13.41,2757323,1098476
203,New Marlborough,2014,4215567,4428029,4372162,55867,1.26,11932757,7717190
204,New Salem,2014,1680553,1784348,1765163,19185,1.08,2693562,1013009
205,Newbury,2014,13212626,13977752,13968606,9146,0.07,30849395,17636769
206,Newburyport,2014,44298205,46967651,46617801,349850,0.74,82305440,38007235
207,Newton,2014,279241788,279241788,279224275,17513,0.01,524054745,244812957
208,Norfolk,2014,23688861,25990326,25982613,7713,0.03,37267086,13578225
209,North Adams,2014,14434111,14434111,14429008,5103,0.04,17858513,3424402
210,North Andover,2014,61955069,63697114,63441828,255286,0.4,105207235,43252166
211,North Attleborough,2014,43803504,44303042,44287604,15438,0.03,83624629,39821125
212,North Brookfield,2014,4807051,5777044,5770818,6226,0.11,9466565,4659514
213,North Reading,2014,36513369,41815813,41815186,627,0,63626273,27112904
214,Northampton,2014,48078995,49493603,49463820,29783,0.06,80350585,32271590
215,Northborough,2014,42206075,43842107,41333959,2508148,5.72,62287460,20081385
216,Northbridge,2014,17681697,18712219,18709836,2383,0.01,35274955,17593258
217,Northfield,2014,6090243,6341619,6338968,2651,0.04,10230742,4140499
218,Norton,2014,29299266,29914578,29906006,8572,0.03,48643472,19344206
219,Norwell,2014,35520092,36796110,36777710,18400,0.05,56166326,20646234
220,Norwood,2014,60466802,62443066,62431666,11400,0.02,105376219,44909417
221,Oak Bluffs,2014,18190117,19708285,19700212,8073,0.04,63060857,44870740
222,Oakham,2014,2386626,2516485,2469100,47385,1.88,4762924,2376298
223,Orange,2014,9254717,9446467,9396799,49668,0.53,11900708,2645991
224,Orleans,2014,20130912,22870857,22273565,597292,2.61,89812763,69681851
225,Otis,2014,4396725,4492537,4423885,68653,1.53,15150289,10753564
226,Oxford,2014,18765406,19254662,19252519,2143,0.01,32087531,13322125
227,Palmer,2014,15897796,15906403,15894115,12288,0.08,22001821,6104025
228,Paxton,2014,7808806,8849131,8829595,19536,0.22,10762549,2953743
229,Peabody,2014,99943245,99943245,93195049,6748196,6.75,152793621,52850376
230,Pelham,2014,3354325,3737649,3459913,277736,7.43,4240090,885765
231,Pembroke,2014,31724622,33700288,33678012,22276,0.07,57314520,25589898
232,Pepperell,2014,16541662,17061452,17057497,3955,0.02,26887606,10345944
233,Peru,2014,1719686,1748139,1532327,215812,12.35,2219477,499791
234,Petersham,2014,2273324,2455654,2332900,122754,5,3661175,1387851
235,Phillipston,2014,2766892,3024610,3005841,18769,0.62,4613015,1846123
236,Pittsfield,2014,78838373,78838373,70349001,8489372,10.77,83612148,4773775
237,Plainfield,2014,1394807,1472844,1434408,38436,2.61,2005604,610797
238,Plainville,2014,16388905,17749175,17739695,9480,0.05,29069694,12680789
239,Plymouth,2014,135161614,139040724,130159929,8880795,6.39,215069281,79907667
240,Plympton,2014,7895844,8150626,8143257,7369,0.09,11996548,4100704
241,Princeton,2014,7825344,8042973,7564383,478590,5.95,10969233,3143889
242,Provincetown,2014,16719531,17819458,17532050,287408,1.61,60455347,43735816
243,Quincy,2014,209157202,209157202,190573316,18583886,8.89,266992223,57835021
244,Randolph,2014,52649077,52995634,52993546,2088,0,65605118,12956041
245,Raynham,2014,26402289,29788232,29773001,15231,0.05,43366317,16964028
246,Reading,2014,55131042,56563039,56444070,118969,0.21,95732819,40601777
247,Rehoboth,2014,18491052,18899834,18894165,5669,0.03,37970589,19479537
248,Revere,2014,70301600,70301600,70261665,39935,0.06,97436695,27135095
249,Richmond,2014,4354099,4504924,4334654,170270,3.78,10531230,6177131
250,Rochester,2014,9622876,11010896,11008473,2423,0.02,19870890,10248014
251,Rockland,2014,28029128,30265430,30243694,21736,0.07,41226410,13197282
252,Rockport,2014,18580546,19308449,19280090,28359,0.15,42768611,24188065
253,Rowe,2014,3127847,3301801,3299827,1974,0.06,6816173,3688326
254,Rowley,2014,11989203,12443148,12439646,3502,0.03,21098449,9109246
255,Royalston,2014,1408966,1463336,1462025,1311,0.09,2974014,1565048
256,Russell,2014,2874024,2874024,2651646,222378,7.74,3301047,427023
257,Rutland,2014,10861492,12379214,12336623,42591,0.34,18025458,7163966
258,Salem,2014,80587733,80587733,76981209,3606524,4.48,99073407,18485674
259,Salisbury,2014,16261440,17059859,16905845,154014,0.9,35847848,19586408
260,Sandisfield,2014,2678232,2725189,2721597,3592,0.13,5357475,2679243
261,Sandwich,2014,50301208,52889584,52884694,4890,0.01,90742440,40441232
262,Saugus,2014,53223623,54775670,54768878,6792,0.01,93528929,40305306
263,Savoy,2014,1181197,1196386,988658,207728,17.36,1548650,367453
264,Scituate,2014,48365077,49943124,49937279,5845,0.01,95665285,47300208
265,Seekonk,2014,32442560,33487360,33456420,30940,0.09,50293792,17851232
266,Sharon,2014,56114674,59129633,56048097,3081536,5.21,68185033,12070359
267,Sheffield,2014,8673591,8673591,8331981,341610,3.94,15160081,6486490
268,Shelburne,2014,3297723,3297723,3070647,227076,6.89,5636284,2338561
269,Sherborn,2014,20315630,22172690,22163338,9353,0.04,27241074,6925444
270,Shirley,2014,8471714,9137922,9137607,315,0,13638220,5166506
271,Shrewsbury,2014,53146077,58039617,58037814,1803,0,119223118,66077041
272,Shutesbury,2014,4427255,4416712,4382720,33992,0.77,5318835,891580
273,Somerset,2014,52402282,52402282,38262704,14139578,26.98,52402282,0
274,Somerville,2014,116126060,116126060,116112598,13462,0.01,236141810,120015750
275,South Hadley,2014,22572017,23150359,23150254,105,0,35268516,12696499
276,Southampton,2014,9227213,9867284,9771803,95481,0.97,16072045,6844832
277,Southborough,2014,34482049,36185965,34789711,1396254,3.86,53754189,19272140
278,Southbridge,2014,17775283,17840529,17639950,200579,1.12,22454112,4678829
279,Southwick,2014,15762729,16772119,16575691,196428,1.17,24290286,8527557
280,Spencer,2014,11488008,12285527,12283763,1764,0.01,23353162,11865154
281,Springfield,2014,172959829,172959829,172956973,2856,0,172959829,0
282,Sterling,2014,15989545,17027156,15709624,1317532,7.74,23197910,7208365
283,Stockbridge,2014,7243224,8424432,6891283,1533149,18.2,19666903,12423679
284,Stoneham,2014,40732346,43324867,43265510,59357,0.14,74741858,34009512
285,Stoughton,2014,54477866,54477866,54411256,66610,0.12,75609624,21131758
286,Stow,2014,21741356,23382597,21941526,1441071,6.16,28614406,6873050
287,Sturbridge,2014,19956529,21662909,20922648,740261,3.42,26574510,6617981
288,Sudbury,2014,69274139,73354615,72951707,402908,0.55,99014603,29740464
289,Sunderland,2014,4359605,4893101,4780014,113087,2.31,8547951,4188346
290,Sutton,2014,15480869,19598802,19587866,10936,0.06,29010465,13529596
291,Swampscott,2014,41323503,44441197,44221610,219587,0.49,55569719,14246216
292,Swansea,2014,27301479,27657779,27624956,32823,0.12,47131571,19830092
293,Taunton,2014,79508137,80732512,80717625,14887,0.02,110574576,31066439
294,Templeton,2014,7900181,8779840,8779726,114,0,13515588,5615407
295,Tewksbury,2014,60933540,68544545,68530647,13898,0.02,94539366,33605826
296,Tisbury,2014,18823355,19821360,19677173,144187,0.73,62665806,43842451
297,Tolland,2014,1064182,1283839,1283668,171,0.01,4432557,3368375
298,Topsfield,2014,18795345,19620884,18797872,823012,4.19,29080867,10285522
299,Townsend,2014,14057157,14581456,14522618,58838,0.4,18552143,4494986
300,Truro,2014,12026014,12957414,12755641,201773,1.56,49594251,37568237
301,Tyngsborough,2014,22367556,22789002,22732910,56092,0.25,33869056,11501500
302,Tyringham,2014,1275660,1275660,1256520,19140,1.5,4774011,3498351
303,Upton,2014,14624826,16237906,16228913,8993,0.06,23936450,9311624
304,Uxbridge,2014,21760614,24299209,24288228,10981,0.05,35078319,13317705
305,Wakefield,2014,57528897,58413882,58082423,331459,0.57,97473146,39944249
306,Wales,2014,2800760,2823850,2734488,89362,3.16,3926605,1125845
307,Walpole,2014,57954390,59613319,59597053,16266,0.03,90305434,32351044
308,Waltham,2014,170708521,170708521,158922345,11786176,6.9,217454652,46746131
309,Ware,2014,12620757,13009474,13007410,2064,0.02,17759982,5139225
310,Wareham,2014,33899557,33899557,33884813,14744,0.04,78655555,44755998
311,Warren,2014,6308895,6431547,5973876,457671,7.12,7819210,1510315
312,Warwick,2014,1484220,1587522,1411798,175724,11.07,1925529,441309
313,Washington,2014,991829,1061276,1035353,25923,2.44,1927314,935485
314,Watertown,2014,82314930,82592980,82556024,36956,0.04,129176881,46861951
315,Wayland,2014,59546607,64821493,54588839,10232654,15.79,74452863,14906256
316,Webster,2014,18465235,19273392,19272216,1176,0.01,33771308,15306073
317,Wellesley,2014,101411187,112580720,112574261,6459,0.01,243878383,142467196
318,Wellfleet,2014,13174115,14698876,14523047,175829,1.2,54190474,41016359
319,Wendell,2014,2062260,2072326,1747151,325175,15.69,2277308,215048
320,Wenham,2014,12377702,13201976,12706510,495466,3.75,16825357,4447655
321,West Boylston,2014,14342022,14763387,14444749,318638,2.16,20448399,6106377
322,West Bridgewater,2014,18892181,19370654,19361583,9071,0.05,24593050,5700869
323,West Brookfield,2014,4716649,4888083,4887905,178,0,8611531,3894882
324,West Newbury,2014,11301050,12157228,11777718,379510,3.12,18635630,7334580
325,West Springfield,2014,65935667,65935667,55827649,10108018,15.33,65935667,0
326,West Stockbridge,2014,5047007,5166311,4092483,1073828,20.79,9200726,4153719
327,West Tisbury,2014,12792306,13480163,12907945,572218,4.24,59648543,46856237
328,Westborough,2014,66330436,68502080,63198395,5303685,7.74,81905645,15575209
329,Westfield,2014,63571972,63571972,63256755,315217,0.5,76182820,12610848
330,Westford,2014,61349475,64872393,64828936,43457,0.07,97635935,36286460
331,Westhampton,2014,3545863,3780548,3772894,7654,0.2,5337993,1792130
332,Westminster,2014,14979390,16185118,15575281,609837,3.77,20515386,5535996
333,Weston,2014,63499070,71170755,67990016,3180739,4.47,133523205,70024135
334,Westport,2014,21920620,22576747,22556707,20040,0.09,73236063,51315443
335,Westwood,2014,57773665,59738777,59453776,285001,0.48,87037267,29263602
336,Weymouth,2014,86083778,86083778,86028031,55747,0.06,146694272,60610494
337,Whately,2014,3986698,4061203,3902234,158969,3.91,6186167,2199469
338,Whitman,2014,19681461,20612511,20212328,400183,1.94,31961304,12279843
339,Wilbraham,2014,31167823,32711834,32256323,455511,1.39,39452450,8284627
340,Williamsburg,2014,4989998,5455522,5241037,214485,3.93,7543231,2553233
341,Williamstown,2014,14870127,15442292,14521754,920538,5.96,23759415,8889288
342,Wilmington,2014,63139716,66521619,66519090,2529,0,88088676,24948960
343,Winchendon,2014,9768280,9885280,9883629,1651,0.02,15481876,5713596
344,Winchester,2014,65537238,71821851,71760543,61308,0.09,142158447,76621209
345,Windsor,2014,1464521,1485553,1466319,19234,1.29,2785561,1321040
346,Winthrop,2014,24760131,25593660,25589367,4293,0.02,41061244,16301113
347,Woburn,2014,98385122,100455430,91151911,9303519,9.26,145503887,47118765
348,Worcester,2014,260880705,260880705,250839632,10041073,3.85,275750275,14869570
349,Worthington,2014,2430012,2490913,2280928,209985,8.43,4073086,1643074
350,Wrentham,2014,26385216,27515336,27378920,136416,0.5,42915511,16530295
351,Yarmouth,2014,49063274,51698985,51621076,77909,0.15,126646408,77583134
001,Abington,2015,27820086,29349110,29339729,9381,0.03,43146660,15326574
002,Acton,2015,72521489,75389685,74404617,985068,1.31,97643854,25122365
003,Acushnet,2015,14748893,14961762,14960375,1387,0.01,25571866,10822973
004,Adams,2015,9812474,10454525,10378451,76074,0.73,11755526,1943052
005,Agawam,2015,63784154,63784154,53764769,10019385,15.71,70319032,6534878
006,Alford,2015,1446267,1446267,1165472,280795,19.42,6776003,5329736
007,Amesbury,2015,39136754,40162164,37877461,2284703,5.69,46102071,6965317
008,Amherst,2015,44828489,44999969,44993435,6534,0.01,54763188,9934699
009,Andover,2015,119797140,124235546,122233763,2001783,1.61,180748668,60951528
010,Arlington,2015,98617161,105321715,105285021,36694,0.03,194252807,95635646
011,Ashburnham,2015,10410137,12568334,12564260,4074,0.03,14098137,3688000
012,Ashby,2015,5263267,5263267,5262057,1210,0.02,6684524,1421257
013,Ashfield,2015,3371036,3665787,3577850,87937,2.4,5600892,2229856
014,Ashland,2015,36554361,38498094,38480628,17466,0.05,55607844,19053483
015,Athol,2015,10700883,11844953,11842035,2918,0.02,15557061,4856178
016,Attleboro,2015,62607068,62607068,62585142,21926,0.04,98011805,35404737
017,Auburn,2015,37777573,39100306,35748300,3352006,8.57,47070081,9292508
018,Avon,2015,16806085,18531957,18188543,343414,1.85,18888770,2082685
019,Ayer,2015,19351784,21467124,20572762,894362,4.17,25395260,6043476
020,Barnstable,2015,104892708,106742535,106676485,66050,0.06,317569588,212676880
021,Barre,2015,6754811,7283419,7196137,87282,1.2,9651471,2896660
022,Becket,2015,5238149,5512689,5228376,284313,5.16,12508077,7269928
023,Bedford,2015,56898024,60132532,57953854,2178678,3.62,78927298,22029274
024,Belchertown,2015,23301205,24100779,24091761,9018,0.04,33666519,10365314
025,Bellingham,2015,33703797,34258491,34096102,162389,0.47,53239504,19535707
026,Belmont,2015,72323062,76557964,76467837,90127,0.12,148193482,75870420
027,Berkley,2015,8071495,10247969,10247658,311,0,18417790,10346295
028,Berlin,2015,9174984,9950132,9407360,542772,5.45,12961549,3786565
029,Bernardston,2015,3774155,4105001,3999568,105433,2.57,5381550,1607395
030,Beverly,2015,88212708,88212708,88167852,44856,0.05,139777330,51564622
031,Billerica,2015,111794698,113707060,104254492,9452568,8.31,139614460,27819762
032,Blackstone,2015,15939467,15939467,15875275,64192,0.4,20373812,4434345
033,Blandford,2015,2488177,2617745,2560407,57338,2.19,4145736,1657559
034,Bolton,2015,17641669,19417488,18856855,560633,2.89,22470037,4828368
035,Boston,2015,1867957148,1867957148,1867767429,189719,0.01,2768421556,900464408
036,Bourne,2015,40007800,41279423,41241906,37517,0.09,102388049,62380249
037,Boxborough,2015,17823559,18475894,16267038,2208856,11.96,24424983,6601424
038,Boxford,2015,25421100,26828991,25988519,840472,3.13,40632456,15211356
039,Boylston,2015,10242634,11263426,10451143,812283,7.21,15007385,4764751
040,Braintree,2015,80058826,80058826,79857630,201196,0.25,140710485,60651659
041,Brewster,2015,27622908,27947912,27916691,31221,0.11,84493617,56870709
042,Bridgewater,2015,35376523,38475965,38472471,3494,0.01,59224862,23848339
043,Brimfield,2015,6485219,6596332,6592742,3590,0.05,9816471,3331252
044,Brockton,2015,121079995,121079995,118651483,2428512,2.01,136574203,15494208
045,Brookfield,2015,4621597,4758075,4747333,10742,0.23,6197563,1575966
046,Brookline,2015,181154338,182248738,182239292,9446,0.01,449351371,268197033
047,Buckland,2015,3386729,3517154,3497347,19807,0.56,5204385,1817656
048,Burlington,2015,99908178,99908178,95618308,4289870,4.29,132242718,32334540
049,Cambridge,2015,475410995,475410995,341445455,133965540,28.18,753579513,278168518
050,Canton,2015,64150473,65793644,64629621,1164023,1.77,101746788,37596315
051,Carlisle,2015,23215359,25359313,23965425,1393888,5.5,31533454,8318095
052,Carver,2015,21085057,21085057,20949403,135654,0.64,28053588,6968531
053,Charlemont,2015,2579666,2580258,2252575,327683,12.7,3149573,569907
054,Charlton,2015,16764566,18540730,18537631,3099,0.02,34533589,17769023
055,Chatham,2015,25719013,30815892,29687491,1128401,3.66,148734925,123015912
056,Chelmsford,2015,82024358,87035758,87000514,35244,0.04,116310848,34286490
057,Chelsea,2015,45869995,45869995,45856972,13023,0.03,59984344,14114349
058,Cheshire,2015,3175294,3553909,3528760,25149,0.71,7388526,4213232
059,Chester,2015,2394909,2541345,2274366,266979,10.51,2946071,551162
060,Chesterfield,2015,2762555,2895395,2674617,220778,7.63,3502642,740087
061,Chicopee,2015,78940863,78940863,77499108,1441755,1.83,91753105,12812242
062,Chilmark,2015,7505688,8224274,8191124,33150,0.4,77862392,70356704
063,Clarksburg,2015,1680025,1705425,1704701,724,0.04,3024664,1344639
064,Clinton,2015,19869665,20615398,20605127,10271,0.05,27206219,7336554
065,Cohasset,2015,31253234,33221627,33217548,4079,0.01,65337427,34084193
066,Colrain,2015,3095132,3150522,2997221,153301,4.87,4142096,1046964
067,Concord,2015,75539516,80984111,77341746,3642365,4.5,135307464,59767948
068,Conway,2015,4254689,4336875,3976476,360399,8.31,6147922,1893233
069,Cummington,2015,1684674,1769884,1684347,85537,4.83,3246620,1561946
070,Dalton,2015,10993339,11499366,11489078,10288,0.09,14752283,3758944
071,Danvers,2015,67839074,67839074,67349955,489119,0.72,101422000,33582926
072,Dartmouth,2015,52724383,53590136,53527195,62941,0.12,125269616,72545233
073,Dedham,2015,79745732,83075664,80271086,2804578,3.38,103450825,23705093
074,Deerfield,2015,9317198,9868054,9867009,1045,0.01,16511060,7193862
075,Dennis,2015,37015714,38974300,38943076,31224,0.08,152121392,115105678
076,Dighton,2015,14246283,14405418,13941980,463438,3.22,20965757,6719474
077,Douglas,2015,11903389,14434687,14432492,2195,0.02,21920552,10017163
078,Dover,2015,28190679,29762976,29438146,324830,1.09,57949107,29758428
079,Dracut,2015,40389103,43394178,43367844,26334,0.06,72618627,32229524
080,Dudley,2015,8724721,10437187,10436792,395,0,21282203,12557482
081,Dunstable,2015,7031079,7685723,7680318,5405,0.07,11476865,4445786
082,Duxbury,2015,47190675,54819921,54700163,119758,0.22,87660517,40469842
083,East Bridgewater,2015,23768544,26701202,26696390,4812,0.02,37579378,13810834
084,East Brookfield,2015,3036075,3536767,3429038,107729,3.05,4938131,1902056
085,East Longmeadow,2015,36882128,37829909,37393152,436757,1.15,45117220,8235092
086,Eastham,2015,17475581,18872796,18871760,1036,0.01,66449860,48974279
087,Easthampton,2015,20127202,21663505,21656766,6739,0.03,35737238,15610036
088,Easton,2015,46381975,48957789,48941862,15927,0.03,72916957,26534982
089,Edgartown,2015,22726734,25444337,24387828,1056509,4.15,175704816,152978082
090,Egremont,2015,3813002,3813002,3382435,430567,11.29,9522621,5709619
091,Erving,2015,8760928,8760928,8647117,113811,1.3,16309558,7548630
092,Essex,2015,10753350,11991467,11527905,463562,3.87,18689859,7936509
093,Everett,2015,94510401,94510401,90369956,4140445,4.38,100231480,5721079
094,Fairhaven,2015,23977759,25838382,25819277,19105,0.07,46106189,22128430
095,Fall River,2015,86422352,86422352,86391491,30861,0.04,129726900,43304548
096,Falmouth,2015,81395588,90669593,90462626,206967,0.23,276137441,194741853
097,Fitchburg,2015,45980026,45980026,45960210,19816,0.04,52328377,6348351
098,Florida,2015,2223695,2268874,2255297,13577,0.6,3131066,907371
099,Foxborough,2015,38563873,41362524,41362437,87,0,65612368,27048495
100,Framingham,2015,178634855,179013852,173512298,5501554,3.07,190236964,11602109
101,Franklin,2015,61855626,65820045,65786969,33076,0.05,110827104,48971478
102,Freetown,2015,16889666,17197018,16864516,332502,1.93,29412235,12522569
103,Gardner,2015,22612309,22612309,22611100,1209,0.01,28292168,5679859
104,Aquinnah,2015,3479231,3606358,3595347,11011,0.31,17555403,14076172
105,Georgetown,2015,15961836,18213413,18203732,9681,0.05,28390100,12428264
106,Gill,2015,2392529,2451543,2575499,-123956,-5.06,3583827,1191298
107,Gloucester,2015,67991888,73272129,73269250,2879,0,133196505,65204617
108,Goshen,2015,2041414,2149175,2100202,48973,2.28,3562080,1520666
109,Gosnold,2015,646502,657482,580801,76681,11.66,5808007,5161505
110,Grafton,2015,31834675,36643727,35492115,1151612,3.14,53775932,21941257
111,Granby,2015,10415071,10415071,10413921,1150,0.01,14218898,3803827
112,Granville,2015,2855584,3007866,2422628,585238,19.46,4776474,1920890
113,Great Barrington,2015,19125974,20492559,18803248,1689311,8.24,34262478,15136504
114,Greenfield,2015,29088817,30358111,29715846,642265,2.12,33002939,3914122
115,Groton,2015,26002556,28435949,27971460,464489,1.63,38275123,12272567
116,Groveland,2015,12079352,12421064,12271969,149095,1.2,20999262,8919910
117,Hadley,2015,9359333,10083869,10077061,6808,0.07,23197654,13838321
118,Halifax,2015,13870030,14690409,14482776,207633,1.41,19066319,5196289
119,Hamilton,2015,24406116,25700318,23336338,2363980,9.2,34137416,9731300
120,Hampden,2015,9719362,10904218,10418180,486038,4.46,13722577,4003215
121,Hancock,2015,2056537,2056537,835062,1221475,59.39,7350902,5294365
122,Hanover,2015,35747973,39270745,38674362,596383,1.52,59242837,23494864
123,Hanson,2015,16689322,17723506,17591439,132067,0.75,27624747,10935425
124,Hardwick,2015,3439606,3481951,3471406,10545,0.3,5458185,2018579
125,Harvard,2015,17784982,18918682,18912431,6251,0.03,26577335,8792353
126,Harwich,2015,38520623,42172055,42160022,12033,0.03,117502849,78982226
127,Hatfield,2015,6346989,6704500,6630073,74427,1.11,12585560,6238571
128,Haverhill,2015,90829283,91638044,91114097,523947,0.57,132591580,41762297
129,Hawley,2015,787923,836272,804993,31279,3.74,1277766,489843
130,Heath,2015,2083699,2092374,1772751,319623,15.28,2220380,136681
131,Hingham,2015,68840392,74772726,74170568,602158,0.81,147985970,79145578
132,Hinsdale,2015,4136791,4173719,3556546,617173,14.79,7522305,3385514
133,Holbrook,2015,21102435,22728009,22519871,208138,0.92,25984707,4882272
134,Holden,2015,31677475,34375304,34122107,253197,0.74,47077963,15400488
135,Holland,2015,4859172,4936147,4935192,955,0.02,7601960,2742788
136,Holliston,2015,38290200,40962330,40577506,384824,0.94,52344563,14054363
137,Holyoke,2015,51236193,51236193,51229561,6632,0.01,51236193,0
138,Hopedale,2015,12375923,12375923,11540326,835598,6.75,16216401,3840478
139,Hopkinton,2015,51588956,54442489,53921278,521211,0.96,75057458,23468502
140,Hubbardston,2015,6026187,6132109,6123543,8566,0.14,10260628,4234441
141,Hudson,2015,41955423,44490339,44458470,31869,0.07,54146300,12190877
142,Hull,2015,25520418,25991193,25981285,9908,0.04,46594844,21074426
143,Huntington,2015,3147251,3409610,3284703,124907,3.66,4768733,1621482
144,Ipswich,2015,31410826,33437145,33395622,41523,0.12,61797969,30387143
145,Kingston,2015,27848315,29766216,28035558,1730658,5.81,41374791,13526476
146,Lakeville,2015,19390290,20106161,20100465,5696,0.03,35263973,15873683
147,Lancaster,2015,15183786,16010229,15542905,467324,2.92,20712826,5529040
148,Lanesborough,2015,7573102,7671189,7644979,26210,0.34,10069783,2496681
149,Lawrence,2015,60555260,60555260,59082877,1472383,2.43,77883714,17328454
150,Lee,2015,13746354,14429166,12802092,1627074,11.28,22730987,8984633
151,Leicester,2015,12449284,12922188,12914134,8054,0.06,22204494,9755210
152,Lenox,2015,14994894,14671371,14275612,395759,2.7,27701291,12706397
153,Leominster,2015,65231774,65231774,60006303,5225471,8.01,77168599,11936825
154,Leverett,2015,4641421,4972617,4972064,553,0.01,6252595,1611174
155,Lexington,2015,148286733,155710065,155635871,74194,0.05,233990377,85703644
156,Leyden,2015,1672733,1734477,1441160,293317,16.91,2098369,425636
157,Lincoln,2015,24966534,26649248,26641111,8137,0.03,46551431,21584897
158,Littleton,2015,28490305,30433615,30427049,6566,0.02,37114041,8623736
159,Longmeadow,2015,42898689,46523527,46504600,18927,0.04,48941698,6043009
160,Lowell,2015,128838969,128838969,117457261,11381708,8.83,158307795,29468826
161,Ludlow,2015,35290482,35397210,33257548,2139662,6.04,48087837,12797355
162,Lunenburg,2015,20173974,21205099,21003908,201191,0.95,28662538,8488564
163,Lynn,2015,112048550,112048550,112013214,35336,0.03,145939818,33891268
164,Lynnfield,2015,36175368,38955540,38945437,10103,0.03,65580645,29405277
165,Malden,2015,75893339,75893339,75885270,8069,0.01,134455031,58561692
166,Manchester By The Sea,2015,20645545,23617974,23613808,4166,0.02,54459890,33814345
167,Mansfield,2015,52738491,53209817,53181309,28508,0.05,79448343,26709852
168,Marblehead,2015,54101450,59018013,59015212,2801,0,133157066,79055616
169,Marion,2015,15918649,16786114,16474580,311534,1.86,37071513,21152864
170,Marlborough,2015,113153270,113153270,88678940,24474330,21.63,113153270,0
171,Marshfield,2015,54334533,57404038,57397789,6249,0.01,107971763,53637230
172,Mashpee,2015,40709631,42766338,41708168,1058170,2.47,114457103,73747472
173,Mattapoisett,2015,18895317,20223688,20195420,28268,0.14,38837347,19942030
174,Maynard,2015,24969301,27564948,27435788,129160,0.47,29339208,4369907
175,Medfield,2015,35595080,38688574,38320353,368221,0.95,59726236,24131156
176,Medford,2015,96504325,96504325,96446667,57658,0.06,185312438,88808113
177,Medway,2015,30055012,32340047,31550693,789354,2.44,43243823,13188811
178,Melrose,2015,49487204,51504781,51495943,8838,0.02,96707168,47219964
179,Mendon,2015,11539765,12885982,12884084,1898,0.01,20118806,8579041
180,Merrimac,2015,10765429,11096264,10979017,117247,1.06,16890795,6125366
181,Methuen,2015,77798956,77798956,75579557,2219399,2.85,115724347,37925391
182,Middleborough,2015,35585189,35793939,35779199,14740,0.04,55995469,20410280
183,Middlefield,2015,1260822,1310158,1142062,168096,12.83,1637131,376309
184,Middleton,2015,22615837,24279497,23448699,830798,3.42,42541180,19925343
185,Milford,2015,60593474,60593474,58739318,1854156,3.06,71816218,11222744
186,Millbury,2015,20747347,22378635,22337009,41626,0.19,33926199,13178852
187,Millis,2015,17112343,17843218,17841743,1475,0.01,26237857,9125514
188,Millville,2015,4211865,4350415,4349491,924,0.02,6307266,2095401
189,Milton,2015,66249931,68142989,68134681,8308,0.01,119367419,53117488
190,Monroe,2015,581932,581932,494174,87758,15.08,647750,65818
191,Monson,2015,11739088,12126891,12123031,3860,0.03,18180910,6441822
192,Montague,2015,14144902,14824528,14823986,542,0,18929576,4784674
193,Monterey,2015,3050882,3218563,2974325,244238,7.59,12560496,9509614
194,Montgomery,2015,1499033,1591968,1525906,66062,4.15,2654672,1155639
195,Mount Washington,2015,529526,529526,482972,46554,8.79,2107208,1577682
196,Nahant,2015,7560060,8290712,8285176,5536,0.07,18967894,11407834
197,Nantucket,2015,63083855,69792303,66329953,3462350,4.96,454535629,391451774
198,Natick,2015,92549664,96764880,96530612,234268,0.24,174621223,82071559
199,Needham,2015,106870366,113422216,113303760,118456,0.1,220968194,114097828
200,New Ashford,2015,433734,433734,346561,87173,20.1,1019953,586219
201,New Bedford,2015,110181767,110181767,101596110,8585657,7.79,130930312,20748545
202,New Braintree,2015,1716243,1798449,1798329,120,0.01,2768364,1052121
203,New Marlborough,2015,4356629,4515257,4501447,13810,0.31,11921206,7564577
204,New Salem,2015,1736589,1838524,1808194,30330,1.65,2699117,962528
205,Newbury,2015,13655601,14460353,14450335,10018,0.07,31359234,17703633
206,Newburyport,2015,46062191,48489985,48131629,358356,0.74,90201704,44139513
207,Newton,2015,291627432,291911394,291889879,21515,0.01,566627630,275000198
208,Norfolk,2015,24919060,27163235,27160170,3065,0.01,38448712,13529652
209,North Adams,2015,15019976,15019976,15003929,16047,0.11,17801701,2781725
210,North Andover,2015,64297287,66003137,65031997,971140,1.47,107356902,43059615
211,North Attleborough,2015,45350568,45836456,45817994,18462,0.04,87172743,41822175
212,North Brookfield,2015,5011761,5957086,5955246,1840,0.03,9549786,4538025
213,North Reading,2015,37972765,44394520,44382165,12355,0.03,66760175,28787410
214,Northampton,2015,50197851,51518779,51492896,25883,0.05,81476102,31278251
215,Northborough,2015,43891045,45472465,42977124,2495341,5.49,64221644,20330599
216,Northbridge,2015,18380307,19076485,19063082,13403,0.07,35618613,17238306
217,Northfield,2015,6610168,6856912,6807315,49597,0.72,10221193,3611025
218,Norton,2015,30299731,31391990,31238489,153501,0.49,50744784,20445053
219,Norwell,2015,37127157,38758595,38751449,7146,0.02,58714316,21587159
220,Norwood,2015,62846997,65012381,64940591,71790,0.11,108950440,46103443
221,Oak Bluffs,2015,19408891,20636698,20300431,336267,1.63,63757636,44348745
222,Oakham,2015,2464075,2609715,2607366,2349,0.09,4764923,2300848
223,Orange,2015,9760692,9949294,9875707,73587,0.74,11886984,2126292
224,Orleans,2015,20989068,23855355,23207261,648094,2.72,90370956,69381888
225,Otis,2015,4551828,4635865,4607261,28604,0.62,15296351,10744523
226,Oxford,2015,19494796,19987416,19974463,12953,0.06,31625178,12130382
227,Palmer,2015,16524998,17109369,17104432,4937,0.03,22121614,5596616
228,Paxton,2015,8102525,9168114,9166651,1463,0.02,11022909,2920384
229,Peabody,2015,103360677,103360677,96684607,6676070,6.46,160133285,56772608
230,Pelham,2015,3458868,3829465,3570248,259217,6.77,4293228,834360
231,Pembroke,2015,32826684,34986920,34970197,16723,0.05,59311732,26485048
232,Pepperell,2015,17079459,17586807,17567197,19610,0.11,27534791,10455332
233,Peru,2015,1778473,1798550,1575192,223358,12.42,2144870,366397
234,Petersham,2015,2360625,2511600,2511470,130,0.01,3695512,1334887
235,Phillipston,2015,2849685,2985392,2909926,75466,2.53,4633641,1783956
236,Pittsfield,2015,81964865,81964865,73514528,8450337,10.31,83291159,1326294
237,Plainfield,2015,1465971,1569119,1479909,89210,5.69,2075026,609055
238,Plainville,2015,17156867,18491917,18488706,3211,0.02,29407622,12250755
239,Plymouth,2015,142002362,145838138,138443888,7394250,5.07,222721827,80719465
240,Plympton,2015,8271331,8532368,8101730,430638,5.05,11949455,3678124
241,Princeton,2015,8043997,8250293,7590735,659558,7.99,10969271,2925274
242,Provincetown,2015,17359730,18504952,18155112,349840,1.89,61501059,44141329
243,Quincy,2015,217531004,217531004,197589133,19941871,9.17,285512472,67981468
244,Randolph,2015,54440479,54722561,54704242,18319,0.03,67605966,13165487
245,Raynham,2015,28885420,32153083,32144459,8624,0.03,46909091,18023671
246,Reading,2015,57353223,58829235,58794675,34560,0.06,99990944,42637721
247,Rehoboth,2015,19182021,19559382,19549595,9787,0.05,39702671,20520650
248,Revere,2015,72494502,72494502,72492427,2075,0,106625150,34130648
249,Richmond,2015,4488072,4635447,4472422,163025,3.52,10183110,5695038
250,Rochester,2015,10071990,11451342,11446964,4378,0.04,20339310,10267320
251,Rockland,2015,29118354,32355623,32126162,229461,0.71,42204627,13086273
252,Rockport,2015,19227812,19970632,19841034,129598,0.65,45093259,25865447
253,Rowe,2015,3243190,3421493,3421283,210,0.01,7253887,4010697
254,Rowley,2015,12693046,13042761,13042003,758,0.01,22896775,10203729
255,Royalston,2015,1461114,1570984,1570217,767,0.05,2994311,1533197
256,Russell,2015,2964157,2964157,2668480,295677,9.98,3318665,354508
257,Rutland,2015,11396232,12938132,12936744,1388,0.01,18324000,6927768
258,Salem,2015,83270410,83270410,79058306,4212104,5.06,105216896,21946486
259,Salisbury,2015,16949641,17704452,17418491,285961,1.62,37060619,20110978
260,Sandisfield,2015,2767331,2810264,2809732,532,0.02,5403331,2636000
261,Sandwich,2015,52284061,54602669,54592699,9970,0.02,92092948,39808887
262,Saugus,2015,56139325,58252670,58232350,20320,0.03,95266314,39126989
263,Savoy,2015,1229132,1229132,1034448,194684,15.84,1591459,362327
264,Scituate,2015,50137901,51672104,51641474,30630,0.06,98552431,48414530
265,Seekonk,2015,33762555,34789581,34560664,228917,0.66,52047368,18284813
266,Sharon,2015,57967206,60976427,60056129,920298,1.51,73960750,15993544
267,Sheffield,2015,8966232,8966232,8776004,190228,2.12,15141484,6175252
268,Shelburne,2015,3471584,3520429,3194446,325983,9.26,5749542,2277958
269,Sherborn,2015,20996172,22854346,22805119,49227,0.22,28057479,7061307
270,Shirley,2015,8911184,9863744,9858905,4839,0.05,14238741,5327557
271,Shrewsbury,2015,60663759,65343389,65297962,45427,0.07,123670382,63006623
272,Shutesbury,2015,4577790,4605633,4557258,48375,1.05,5291754,713964
273,Somerset,2015,50754952,50754952,38198362,12556590,24.74,50754952,0
274,Somerville,2015,123036937,123036937,122165461,871476,0.71,262305632,139268695
275,South Hadley,2015,23392639,24081461,24075506,5955,0.02,35239323,11846684
276,Southampton,2015,9659836,10285195,10282152,3043,0.03,16362431,6702595
277,Southborough,2015,36277241,37841079,35966237,1874842,4.95,56127086,19849845
278,Southbridge,2015,18453786,18597932,18421552,176380,0.95,22619783,4165997
279,Southwick,2015,16404944,17410819,16643746,767073,4.41,24562790,8157846
280,Spencer,2015,11864553,12614246,12610151,4095,0.03,23061724,11197171
281,Springfield,2015,176123213,176123213,176111383,11830,0.01,176123213,0
282,Sterling,2015,16571624,17544614,16296692,1247922,7.11,23563753,6992129
283,Stockbridge,2015,7469364,8567073,7369062,1198011,13.98,21248737,13779373
284,Stoneham,2015,42148283,44642536,44639678,2858,0.01,79869747,37721464
285,Stoughton,2015,56778587,56778587,56738873,39714,0.07,81311498,24532911
286,Stow,2015,22581766,24279089,23115073,1164016,4.79,28922764,6340998
287,Sturbridge,2015,20713056,22326648,21402110,924538,4.14,27809395,7096339
288,Sudbury,2015,71784968,74517745,73549580,968165,1.3,102222898,30437930
289,Sunderland,2015,4491980,4876743,4837859,38884,0.8,8451885,3959905
290,Sutton,2015,16141064,20138771,20132063,6708,0.03,30173955,14032891
291,Swampscott,2015,43057986,45920256,45631905,288351,0.63,62914788,19856802
292,Swansea,2015,28416510,28767910,28436470,331440,1.15,47754476,19337966
293,Taunton,2015,83171138,84609476,84598416,11060,0.01,111317236,28146098
294,Templeton,2015,8173449,9202564,9199203,3361,0.04,13820917,5647468
295,Tewksbury,2015,63555128,71446508,71444252,2256,0,96990658,33435530
296,Tisbury,2015,20534553,21706174,21598455,107719,0.5,64725475,44190922
297,Tolland,2015,1098233,1284833,1283600,1233,0.1,4617268,3519035
298,Topsfield,2015,19882669,20686200,19990263,695937,3.36,30380340,10497671
299,Townsend,2015,14516628,15015349,14967395,47954,0.32,19580580,5063952
300,Truro,2015,12906489,13893383,13446423,446960,3.22,50702953,37796464
301,Tyngsborough,2015,23113154,23523613,23510428,13185,0.06,34655702,11542548
302,Tyringham,2015,1315688,1315688,1265081,50607,3.85,4748804,3433116
303,Upton,2015,15082976,16719157,16706530,12627,0.08,24640899,9557923
304,Uxbridge,2015,22649560,25135058,25122304,12754,0.05,36095265,13445705
305,Wakefield,2015,60350740,62725838,62400320,325518,0.52,100295825,39945085
306,Wales,2015,2896334,2918394,2778170,140224,4.8,3944024,1047690
307,Walpole,2015,60425260,62174308,62171235,3073,0,94703881,34278621
308,Waltham,2015,178285048,178285048,163000697,15284351,8.57,224307741,46022693
309,Ware,2015,13020800,13374594,13371009,3585,0.03,17011462,3990662
310,Wareham,2015,34981651,34981651,34965120,16531,0.05,79178260,44196609
311,Warren,2015,6673404,6795802,5947732,848070,12.48,7930310,1256906
312,Warwick,2015,1525063,1758522,1530341,228181,12.98,1920609,395546
313,Washington,2015,1033722,1098788,1041504,57284,5.21,1941656,907934
314,Watertown,2015,86488677,86715297,86708897,6400,0.01,136104308,49615631
315,Wayland,2015,61590938,66436416,59586292,6850124,10.31,81003660,19412722
316,Webster,2015,19151781,21329464,21319349,10115,0.05,34187988,15036207
317,Wellesley,2015,109137243,120095757,120083117,12640,0.01,259695323,150558080
318,Wellfleet,2015,13599002,14930009,14689894,240115,1.61,54166274,40567272
319,Wendell,2015,2147433,2147433,1747133,400300,18.64,2303709,156276
320,Wenham,2015,12795186,13631647,12872680,758967,5.57,19804123,7008937
321,West Boylston,2015,14866552,15287501,15282416,5085,0.03,20832083,5965531
322,West Bridgewater,2015,19956198,22189161,21539808,649353,2.93,25261878,5305680
323,West Brookfield,2015,4886636,5044770,5043580,1190,0.02,8417189,3530553
324,West Newbury,2015,11712003,12540012,12143339,396673,3.16,19348852,7636849
325,West Springfield,2015,66190302,66190302,58010181,8180121,12.36,66190302,0
326,West Stockbridge,2015,5199928,5302714,4387186,915528,17.27,9263484,4063556
327,West Tisbury,2015,13254213,14326414,13663892,662522,4.62,59824397,46570184
328,Westborough,2015,69793544,71615614,63887161,7728453,10.79,85916031,16122487
329,Westfield,2015,66178065,66178065,65381547,796518,1.2,76804226,10626161
330,Westford,2015,64692572,67878888,67843888,35000,0.05,104437787,39745215
331,Westhampton,2015,3730747,3964351,3943168,21183,0.53,5401600,1670853
332,Westminster,2015,15560594,16327357,15787240,540117,3.31,20827493,5266899
333,Weston,2015,66282755,73309792,68920999,4388793,5.99,140311480,74028725
334,Westport,2015,22706062,23351464,23327474,23990,0.1,73541846,50835784
335,Westwood,2015,60753121,62603169,61991050,612119,0.98,91503030,30749909
336,Weymouth,2015,88986186,88986186,88967067,19119,0.02,155069360,66083174
337,Whately,2015,4148035,4164852,4009397,155455,3.73,6198820,2050785
338,Whitman,2015,20466110,21033140,20535596,497544,2.37,32888527,12422417
339,Wilbraham,2015,32303247,33952126,33341412,610714,1.8,39920273,7617026
340,Williamsburg,2015,5169226,5640350,5455871,184479,3.27,7581811,2412585
341,Williamstown,2015,15300075,15711420,14971663,739757,4.71,23977680,8677605
342,Wilmington,2015,66056442,69367345,69363100,4245,0.01,92690703,26634261
343,Winchendon,2015,10385599,10305966,10303121,2845,0.03,15405384,5019785
344,Winchester,2015,67873453,74373519,74348323,25196,0.03,153576923,85703470
345,Windsor,2015,1520180,1529424,1484807,44617,2.92,2788893,1268713
346,Winthrop,2015,25558274,26399280,26381265,18015,0.07,45992443,20434169
347,Woburn,2015,103272336,105270343,92699572,12570771,11.94,154196237,50923901
348,Worcester,2015,271963069,271963069,261878340,10084729,3.71,279281781,7318712
349,Worthington,2015,2513328,2573187,2331271,241916,9.4,4180903,1667575
350,Wrentham,2015,27609043,28698626,28342751,355875,1.24,45070715,17461672
351,Yarmouth,2015,50729963,53379984,53339089,40895,0.08,132816458,82086495
001,Abington,2016,28825953,31600517,31595907,4610,0.01,44054528,15228575
002,Acton,2016,75741772,78576538,77577346,999192,1.27,100854584,25112812
003,Acushnet,2016,15350126,15818395,15812083,6312,0.04,26560608,11210482
004,Adams,2016,10226727,10870834,10730020,140814,1.3,12072058,1845331
005,Agawam,2016,65929345,65929345,55375831,10553514,16.01,70189468,4260123
006,Alford,2016,1493722,1493722,1257772,235950,15.8,6835718,5341996
007,Amesbury,2016,40582205,41520538,38880515,2640023,6.36,47929629,7347424
008,Amherst,2016,46573832,46699210,46693895,5315,0.01,55011658,8437826
009,Andover,2016,124996152,129300642,127696871,1603771,1.24,188561905,63565753
010,Arlington,2016,102420256,108987589,108977901,9688,0.01,212847464,110427208
011,Ashburnham,2016,10754306,12874489,12873001,1488,0.01,14146154,3391848
012,Ashby,2016,5425757,5425757,5423203,2554,0.05,6745278,1319521
013,Ashfield,2016,3491202,3702243,3700884,1359,0.04,5627865,2136663
014,Ashland,2016,38227209,40004835,39987832,17003,0.04,58805635,20578426
015,Athol,2016,11074888,12389351,12388898,453,0,15618883,4543995
016,Attleboro,2016,64673256,64673256,64653759,19497,0.03,100746269,36073013
017,Auburn,2016,39586671,42055036,38474655,3580381,8.51,48279590,8692919
018,Avon,2016,17483680,19171916,19041922,129994,0.68,19090678,1606998
019,Ayer,2016,20282289,22244897,21279654,965243,4.34,26152892,5870603
020,Barnstable,2016,108645163,110657537,110547068,110469,0.1,328572284,219927121
021,Barre,2016,7191587,7274874,7128542,146332,2.01,10011998,2820411
022,Becket,2016,5412540,5580196,5251222,328974,5.9,12550721,7138181
023,Bedford,2016,59955561,63080418,61162422,1917996,3.04,79867323,19911762
024,Belchertown,2016,24227554,24666747,24617563,49184,0.2,34248140,10020586
025,Bellingham,2016,35170174,35536012,35441967,94045,0.26,55181394,20011220
026,Belmont,2016,79245918,82979185,82875502,103683,0.12,164959200,85713282
027,Berkley,2016,8347814,11142816,11139415,3401,0.03,18765860,10418046
028,Berlin,2016,9933637,10678774,10068200,610574,5.72,13950505,4016868
029,Bernardston,2016,3950186,4273383,4089989,183394,4.29,5254353,1304167
030,Beverly,2016,91261034,91261034,91227113,33921,0.04,141636391,50375357
031,Billerica,2016,117139310,119006673,109763920,9242753,7.77,144568481,27429171
032,Blackstone,2016,16530730,16530730,16488332,42398,0.26,21313769,4783039
033,Blandford,2016,2672611,2823129,2821022,2107,0.07,4297717,1625106
034,Bolton,2016,18282010,19913672,19542631,371041,1.86,23365174,5083164
035,Boston,2016,1962273860,1962273860,1961476603,797257,0.04,3201177018,1238903158
036,Bourne,2016,41659479,42909946,42870264,39682,0.09,105487855,63828376
037,Boxborough,2016,18468545,19079370,16656155,2423215,12.7,25452560,6984015
038,Boxford,2016,26836376,28205693,27465448,740245,2.62,41715444,14879068
039,Boylston,2016,10747241,11661298,10611471,1049827,9,16205668,5458427
040,Braintree,2016,82954706,82954706,82893707,60999,0.07,147811664,64856958
041,Brewster,2016,28517123,29645496,29291330,354166,1.19,86866342,58349219
042,Bridgewater,2016,37003580,39072177,39051843,20334,0.05,62824716,25821136
043,Brimfield,2016,6730522,6814934,6811434,3500,0.05,9865924,3135402
044,Brockton,2016,127045434,127045434,124499669,2545765,2,152607598,25562164
045,Brookfield,2016,4792162,4975983,4856883,119100,2.39,6226773,1434611
046,Brookline,2016,195438922,196514922,195049206,1465716,0.75,492288214,296849292
047,Buckland,2016,3521519,3628361,3547533,80828,2.23,5247829,1726310
048,Burlington,2016,105612937,105612937,99399287,6213650,5.88,138369997,32757060
049,Cambridge,2016,509472549,509472549,354430753,155041796,30.43,867001517,357528968
050,Canton,2016,67067280,68773688,68196330,577358,0.84,108017808,40950528
051,Carlisle,2016,24127690,26861861,24698209,2163652,8.05,35898560,11770870
052,Carver,2016,21899430,21899430,21895562,3868,0.02,29171972,7272542
053,Charlemont,2016,2716985,2716985,2529425,187560,6.9,3226307,509322
054,Charlton,2016,17640783,19480475,19400907,79568,0.41,35197583,17556800
055,Chatham,2016,26663869,33126545,31140649,1985896,5.99,155082912,128419043
056,Chelmsford,2016,85490204,90040913,89718236,322677,0.36,124401325,38911121
057,Chelsea,2016,48322835,48322835,48318904,3931,0.01,65556136,17233301
058,Cheshire,2016,3373826,3745106,3711905,33201,0.89,7569137,4195311
059,Chester,2016,2508812,2655215,2355151,300064,11.3,2920574,411762
060,Chesterfield,2016,2857402,2988325,2741670,246655,8.25,3653612,796210
061,Chicopee,2016,82085653,82085653,76467942,5617711,6.84,93226020,11140367
062,Chilmark,2016,7780619,8521732,8474053,47679,0.56,78173921,70393302
063,Clarksburg,2016,1736349,1755991,1718436,37555,2.14,2804236,1067887
064,Clinton,2016,21835696,22523663,22468375,55288,0.25,28932678,7096982
065,Cohasset,2016,32556397,34475771,34461741,14030,0.04,66890026,34333629
066,Colrain,2016,3256677,3335065,3140529,194536,5.83,4203063,946386
067,Concord,2016,78712008,84522842,81319099,3203743,3.79,146047232,67335224
068,Conway,2016,4388072,4461143,4097394,363749,8.15,6141177,1753105
069,Cummington,2016,1746343,1829056,1753296,75760,4.14,3239645,1493302
070,Dalton,2016,11329558,11817997,11689164,128833,1.09,14886862,3557304
071,Danvers,2016,70394408,70394408,70286547,107861,0.15,109792510,39398102
072,Dartmouth,2016,55422338,56181641,56169825,11816,0.02,130626744,75204406
073,Dedham,2016,82788288,85714173,81513807,4200366,4.9,108004144,25215856
074,Deerfield,2016,9656328,10070397,10063682,6715,0.07,16497839,6841511
075,Dennis,2016,38319643,40274981,40080442,194539,0.48,153447326,115127683
076,Dighton,2016,14874815,15082676,14648376,434300,2.88,21405648,6530833
077,Douglas,2016,12351555,14877359,14871858,5501,0.04,22104427,9752872
078,Dover,2016,29457017,30877894,30482789,395105,1.28,59166903,29709886
079,Dracut,2016,41916775,44881621,44879592,2029,0,75605781,33689006
080,Dudley,2016,9049279,10720686,10720453,233,0,22004213,12954934
081,Dunstable,2016,7297086,7920836,7917693,3143,0.04,11960262,4663176
082,Duxbury,2016,49001918,56628319,56476430,151889,0.27,90798118,41796200
083,East Bridgewater,2016,24584612,27533325,27515680,17645,0.06,37879515,13294903
084,East Brookfield,2016,3152603,3535286,3471188,64098,1.81,4970201,1817598
085,East Longmeadow,2016,38368359,39249660,38388985,860675,2.19,45441507,7073148
086,Eastham,2016,18862815,20796877,20277997,518880,2.49,68138430,49275615
087,Easthampton,2016,20854260,22384782,22380057,4725,0.02,35888482,15034222
088,Easton,2016,48335679,50747504,50743562,3942,0.01,78356334,30020655
089,Edgartown,2016,23670427,26970656,26341658,628998,2.33,181917527,158247100
090,Egremont,2016,3936179,3936179,3529059,407120,10.34,9600270,5664091
091,Erving,2016,9144568,9144568,9139842,4726,0.05,21964239,12819671
092,Essex,2016,11102697,12318706,12072971,245735,1.99,19139142,8036445
093,Everett,2016,99542806,99542806,93653216,5889590,5.92,107869195,8326389
094,Fairhaven,2016,24760441,26490226,26448482,41744,0.16,47323183,22562742
095,Fall River,2016,89857302,89857302,89834140,23162,0.03,130287910,40430608
096,Falmouth,2016,84437885,93864383,93697538,166845,0.18,279861226,195423341
097,Fitchburg,2016,47650217,47650217,47605008,45209,0.09,53113540,5463323
098,Florida,2016,2290066,2333066,2332101,965,0.04,3128175,838109
099,Foxborough,2016,40615130,43351983,43332693,19290,0.04,69956621,29341491
100,Framingham,2016,185174278,185531535,176466163,9065372,4.89,198625394,13451116
101,Franklin,2016,64222021,67705843,67670020,35823,0.05,116672448,52450427
102,Freetown,2016,17656495,17964400,17574371,390029,2.17,30188600,12532105
103,Gardner,2016,23528443,23528443,23315761,212682,0.9,28475527,4947084
104,Aquinnah,2016,3697602,3811879,3739935,71944,1.89,17476332,13778730
105,Georgetown,2016,16524860,18694186,18687218,6968,0.04,29437962,12913102
106,Gill,2016,2513285,2573985,2497356,76629,2.98,3683415,1170130
107,Gloucester,2016,70726400,75915470,75892903,22567,0.03,138418981,67692581
108,Goshen,2016,2104870,2212119,2195933,16186,0.73,3505640,1400770
109,Gosnold,2016,663111,674091,587805,86286,12.8,5808348,5145237
110,Grafton,2016,33054015,37763602,36724456,1039146,2.75,54812621,21758606
111,Granby,2016,10801368,10801368,10796859,4509,0.04,14304264,3502896
112,Granville,2016,2958230,3119577,2461181,658396,21.11,4792018,1833788
113,Great Barrington,2016,19847630,21252287,19808863,1443424,6.79,34655115,14807485
114,Greenfield,2016,30219063,31485353,29738370,1746983,5.55,34087998,3868935
115,Groton,2016,27029638,29304988,29053194,251794,0.86,38675711,11646073
116,Groveland,2016,12498050,13110510,13087996,22514,0.17,21683227,9185177
117,Hadley,2016,9718621,10434760,10433156,1604,0.02,23392727,13674106
118,Halifax,2016,14424644,15213804,14937645,276159,1.82,19399539,4974895
119,Hamilton,2016,25261526,26746844,24752222,1994622,7.46,35872785,10611259
120,Hampden,2016,10418493,11620975,11024518,596457,5.13,14236207,3817714
121,Hancock,2016,2117800,2117800,716087,1401713,66.19,7459242,5341442
122,Hanover,2016,36980861,41558051,41505402,52649,0.13,60924250,23943389
123,Hanson,2016,17480396,18918426,18880954,37472,0.2,28521079,11040683
124,Hardwick,2016,3569620,3569620,3567390,2230,0.06,5655343,2085723
125,Harvard,2016,18389058,19526472,19519330,7142,0.04,27035083,8646025
126,Harwich,2016,39950278,44341130,43663069,678061,1.53,120350245,80399967
127,Hatfield,2016,6568859,6913222,6905762,7460,0.11,13098942,6530083
128,Haverhill,2016,94194099,95327158,93436608,1890550,1.98,135800981,41606882
129,Hawley,2016,820658,823602,795605,27997,3.4,1283233,462575
130,Heath,2016,2187756,2194913,1856544,338369,15.42,2262974,75218
131,Hingham,2016,71739896,77641166,77130174,510992,0.66,154383855,82643959
132,Hinsdale,2016,4277270,4304394,3953321,351073,8.16,7375599,3098329
133,Holbrook,2016,21851749,24144560,24142787,1773,0.01,27176969,5325220
134,Holden,2016,33258322,36327530,34093593,2233937,6.15,49411005,16152683
135,Holland,2016,5043332,5056630,5051045,5585,0.11,7852992,2809660
136,Holliston,2016,40108801,42761290,42754672,6618,0.02,56884875,16776074
137,Holyoke,2016,51422961,51422961,51414550,8411,0.02,51422961,0
138,Hopedale,2016,12802790,12802790,12170243,632547,4.94,16866739,4063949
139,Hopkinton,2016,54420823,56783384,55343648,1439736,2.54,81244345,26823522
140,Hubbardston,2016,6267018,6290678,6289453,1225,0.02,9889077,3622059
141,Hudson,2016,43753564,46546242,46226495,319747,0.69,57186433,13432869
142,Hull,2016,26286223,26743873,26736414,7459,0.03,49585338,23299115
143,Huntington,2016,3239040,3514006,3510316,3690,0.11,4743670,1504630
144,Ipswich,2016,35462674,37456875,37413772,43103,0.12,62986148,27523474
145,Kingston,2016,29125974,31065287,29704999,1360288,4.38,42170640,13044666
146,Lakeville,2016,20215073,20911193,20901562,9631,0.05,36980825,16765752
147,Lancaster,2016,15756435,16650597,16446926,203671,1.22,21031874,5275439
148,Lanesborough,2016,7823529,7898416,7692620,205796,2.61,9933652,2110123
149,Lawrence,2016,63711774,63711774,62272715,1439059,2.26,79798358,16086584
150,Lee,2016,14271846,14961943,13284230,1677713,11.21,22809462,8537616
151,Leicester,2016,12980784,13404270,13403625,645,0,22489304,9508520
152,Lenox,2016,15532903,15208139,14469591,738548,4.86,28471874,12938971
153,Leominster,2016,68087327,68087327,62842946,5244381,7.7,80238695,12151368
154,Leverett,2016,4795452,5135409,5134574,835,0.02,6289287,1493835
155,Lexington,2016,154769048,163093744,163074847,18897,0.01,251213692,96444644
156,Leyden,2016,1721853,1784764,1479953,304811,17.08,2095064,373211
157,Lincoln,2016,25877970,27929225,27914061,15164,0.05,49333342,23455372
158,Littleton,2016,30451785,32347189,32319141,28048,0.09,40634170,10182385
159,Longmeadow,2016,44199454,47859189,47816495,42694,0.09,49133267,4933813
160,Lowell,2016,134307160,134307160,119234045,15073115,11.22,167098225,32791065
161,Ludlow,2016,36551239,36651112,35457370,1193742,3.26,48893230,12341991
162,Lunenburg,2016,21039179,23534027,23524241,9786,0.04,29990108,8950929
163,Lynn,2016,117194784,117194784,117176303,18481,0.02,159914029,42719245
164,Lynnfield,2016,38199521,40922209,40906039,16170,0.04,68457942,30258421
165,Malden,2016,79071792,79071792,79042741,29051,0.04,145787515,66715723
166,Manchester By The Sea,2016,21962468,24862068,24859407,2661,0.01,56141390,34178922
167,Mansfield,2016,55239819,55597846,55236529,361317,0.65,83211110,27971291
168,Marblehead,2016,55875187,61353020,61337920,15100,0.02,138148468,82273281
169,Marion,2016,16462562,17307593,17028518,279075,1.61,37640401,21177839
170,Marlborough,2016,119963736,119963736,91331454,28632282,23.87,121763573,1799837
171,Marshfield,2016,56370561,60792325,60784201,8124,0.01,109481629,53111068
172,Mashpee,2016,42467181,44328215,43274431,1053784,2.38,119147661,76680480
173,Mattapoisett,2016,19661156,20880890,20875805,5086,0.02,39537509,19876353
174,Maynard,2016,26022310,28564440,28358147,206293,0.72,31886725,5864415
175,Medfield,2016,36864093,41659453,41627344,32109,0.08,62130364,25266271
176,Medford,2016,100854325,100854325,100828933,25392,0.03,202164232,101309907
177,Medway,2016,31323049,33496728,32745000,751728,2.24,45202926,13879877
178,Melrose,2016,51414034,53420238,53404539,15699,0.03,105229246,53815212
179,Mendon,2016,13239922,14605754,14555848,49906,0.34,21095433,7855511
180,Merrimac,2016,11187782,11507157,11459816,47341,0.41,17728676,6540894
181,Methuen,2016,80592982,80592982,79674787,918195,1.14,120116484,39523502
182,Middleborough,2016,37002975,37147673,37143224,4449,0.01,57550834,20547859
183,Middlefield,2016,1300881,1356451,1169087,187364,13.81,1637377,336496
184,Middleton,2016,23701049,25688490,24718264,970226,3.78,44489316,20788267
185,Milford,2016,62894398,62894398,60088241,2806157,4.46,75190904,12296506
186,Millbury,2016,21667181,23305363,22972522,332841,1.43,34891436,13224255
187,Millis,2016,17837913,18590753,18590428,325,0,26649122,8811209
188,Millville,2016,4347770,4580724,4562170,18554,0.41,6744781,2397011
189,Milton,2016,68642668,71186768,71171510,15258,0.02,128714104,60071436
190,Monroe,2016,598056,598056,473513,124543,20.82,646200,48144
191,Monson,2016,12195053,12619069,12552819,66250,0.53,18330635,6135582
192,Montague,2016,14642844,15320023,15305370,14653,0.1,18910340,4267496
193,Monterey,2016,3150464,3241742,3151709,90033,2.78,12606835,9456371
194,Montgomery,2016,1564838,1620640,1502721,117919,7.28,2647500,1082662
195,Mount Washington,2016,546655,546655,502719,43936,8.04,2080791,1534136
196,Nahant,2016,7798299,8522897,8515146,7751,0.09,20235614,12437315
197,Nantucket,2016,65801036,72429696,69636374,2793322,3.86,513600340,447799304
198,Natick,2016,95604635,99819851,99817043,2808,0,183892857,88288222
199,Needham,2016,113229253,119304536,119291863,12673,0.01,226704721,113475468
200,New Ashford,2016,448593,448593,345986,102607,22.87,1023370,574777
201,New Bedford,2016,114137930,114137930,109239619,4898311,4.29,133374741,19236811
202,New Braintree,2016,1770809,1828009,1827896,113,0.01,2626287,855478
203,New Marlborough,2016,4496340,4672194,4658540,13654,0.29,12131616,7635276
204,New Salem,2016,1793733,1885760,1860290,25470,1.35,2630341,836608
205,Newbury,2016,14272834,15014392,15001979,12413,0.08,32899077,18626243
206,Newburyport,2016,47847641,50766508,50415097,351411,0.69,94128261,46280620
207,Newton,2016,304054763,305351346,305327821,23525,0.01,608045450,303990687
208,Norfolk,2016,26232574,28766568,28765144,1424,0,39774811,13542237
209,North Adams,2016,15745723,15745723,15732057,13666,0.09,17730832,1985109
210,North Andover,2016,66535334,68402796,67111167,1291629,1.89,111475912,44940578
211,North Attleborough,2016,46801317,47273205,47262821,10384,0.02,89377499,42576182
212,North Brookfield,2016,5224934,6149379,6145904,3475,0.06,9496143,4271209
213,North Reading,2016,39546365,45829889,45817464,12425,0.03,69801134,30254769
214,Northampton,2016,52391038,53149405,53140330,9075,0.02,82209669,29818631
215,Northborough,2016,45517841,47426148,45068900,2357248,4.97,65621578,20103737
216,Northbridge,2016,19159175,19916545,19911101,5444,0.03,36202002,17042827
217,Northfield,2016,6979545,7221590,7218348,3242,0.04,11356747,4377202
218,Norton,2016,31493229,32563900,32555960,7940,0.02,52139591,20646362
219,Norwell,2016,38605130,40170650,40161950,8700,0.02,60851440,22246310
220,Norwood,2016,65319412,67434392,67362200,72192,0.11,117903338,52583926
221,Oak Bluffs,2016,20064474,21753926,21668583,85343,0.39,66795878,46731404
222,Oakham,2016,2540331,2652826,2650005,2821,0.11,4766196,2225865
223,Orange,2016,10088165,10276186,10266075,10111,0.1,11827276,1739111
224,Orleans,2016,21738787,24893013,24077086,815927,3.28,93177578,71438791
225,Otis,2016,4698471,4778545,4775344,3201,0.07,15208101,10509630
226,Oxford,2016,20270648,21572818,21563837,8981,0.04,31842642,11571994
227,Palmer,2016,17087964,17699214,17694693,4521,0.03,22151594,5063630
228,Paxton,2016,8376947,9443723,9439899,3824,0.04,11461753,3084806
229,Peabody,2016,107064546,107064546,98960816,8103730,7.57,168751447,61686901
230,Pelham,2016,3575616,3937645,3650090,287555,7.3,4302323,726707
231,Pembroke,2016,35286383,37432319,37416655,15664,0.04,61298583,26012200
232,Pepperell,2016,17641357,18391883,18388803,3080,0.02,27811257,10169900
233,Peru,2016,1846860,1859676,1739870,119806,6.44,2158648,311788
234,Petersham,2016,2431825,2578464,2440940,137524,5.33,3716414,1284589
235,Phillipston,2016,2940556,3077200,3075332,1868,0.06,4552001,1611445
236,Pittsfield,2016,83579125,83579125,76785456,6793669,8.13,83579125,0
237,Plainfield,2016,1583854,1661157,1604476,56681,3.41,2126824,542970
238,Plainville,2016,18763155,20037361,20023874,13487,0.07,32456299,13693144
239,Plymouth,2016,148423560,154371707,148520699,5851008,3.79,228212506,79788946
240,Plympton,2016,8569479,8746055,8490494,255561,2.92,12019385,3449906
241,Princeton,2016,8266237,8576253,7971832,604421,7.05,11196393,2930156
242,Provincetown,2016,17962207,19031560,18919293,112267,0.59,64685959,46723752
243,Quincy,2016,225137473,225137473,201704295,23433178,10.41,300479928,75342455
244,Randolph,2016,56203658,56389517,56370390,19127,0.03,72247081,16043423
245,Raynham,2016,29625396,32922236,32274312,647924,1.97,48639299,19013903
246,Reading,2016,59699539,62514360,62490767,23593,0.04,107742701,48043162
247,Rehoboth,2016,19929273,20297173,20286276,10897,0.05,41741309,21812036
248,Revere,2016,75555755,75555755,75549866,5890,0.01,115150846,39595091
249,Richmond,2016,4633701,4782626,4691237,91389,1.91,10225015,5591314
250,Rochester,2016,10514584,11879950,11872734,7216,0.06,21186178,10671594
251,Rockland,2016,30603024,33808917,33717654,91263,0.27,45589040,14986016
252,Rockport,2016,19860657,20579452,20577118,2334,0.01,45726930,25866273
253,Rowe,2016,3368969,3551729,3549636,2093,0.06,7368790,3999821
254,Rowley,2016,13193999,13679933,13674663,5270,0.04,23806864,10612865
255,Royalston,2016,1509847,1611809,1609956,1853,0.11,2988039,1478192
256,Russell,2016,3079079,3079079,2772841,306238,9.95,3253661,174582
257,Rutland,2016,11991001,13613047,13612289,758,0.01,19591665,7600664
258,Salem,2016,86548205,86548205,81200463,5347742,6.18,113351991,26803786
259,Salisbury,2016,17808114,18645246,18183351,461895,2.48,38953195,21145081
260,Sandisfield,2016,2852760,2889480,2808002,81478,2.82,5408324,2555564
261,Sandwich,2016,54242318,55375089,55320739,54350,0.1,95578333,41336015
262,Saugus,2016,58020770,59476140,59436342,39798,0.07,98092233,40071463
263,Savoy,2016,1292142,1292142,1088031,204111,15.8,1679061,386919
264,Scituate,2016,51924064,58030882,57723102,307780,0.53,102056403,50132339
265,Seekonk,2016,35313054,36598521,36584778,13743,0.04,54220783,18907729
266,Sharon,2016,59854607,64580133,62977906,1602227,2.48,78291778,18437171
267,Sheffield,2016,9347648,9347648,8719943,627705,6.72,15202132,5854484
268,Shelburne,2016,3624621,3654305,3387206,267099,7.31,5856165,2231544
269,Sherborn,2016,21699999,23626891,23427311,199580,0.84,28472667,6772668
270,Shirley,2016,9273920,10139175,10000320,138855,1.37,15142822,5868902
271,Shrewsbury,2016,63147496,67600376,67548981,51395,0.08,129901887,66754391
272,Shutesbury,2016,4719004,4754872,4686776,68096,1.43,5306585,587581
273,Somerset,2016,51760191,51760191,38225733,13534458,26.15,51760191,0
274,Somerville,2016,129440163,129440163,129147863,292300,0.23,279969357,150529194
275,South Hadley,2016,24177266,25513866,25504647,9219,0.04,36310716,12133450
276,Southampton,2016,10096011,10729999,10728268,1731,0.02,16586686,6490675
277,Southborough,2016,37888435,39529466,37046774,2482692,6.28,58544207,20655772
278,Southbridge,2016,19151014,19373722,18501046,872676,4.5,22886005,3734991
279,Southwick,2016,17058447,18124203,17117321,1006882,5.56,25025323,7966876
280,Spencer,2016,12271079,13046809,13042643,4166,0.03,22817780,10546701
281,Springfield,2016,181910553,181910553,181896375,14178,0.01,181910553,0
282,Sterling,2016,17201853,18473576,17508985,964591,5.22,23880230,6678377
283,Stockbridge,2016,7708508,8828998,8150404,678594,7.69,21247142,13538634
284,Stoneham,2016,43645235,46070271,45997476,72795,0.16,83617560,39972325
285,Stoughton,2016,59357546,59357546,59317845,39701,0.07,85485427,26127881
286,Stow,2016,23428691,25196313,23966070,1230243,4.88,29987575,6558884
287,Sturbridge,2016,21466886,23060102,21818778,1241324,5.38,28395078,6928192
288,Sudbury,2016,74180820,77317863,76997530,320333,0.41,105772108,31591288
289,Sunderland,2016,4646678,5012966,4974363,38603,0.77,8482884,3836206
290,Sutton,2016,16750999,20874667,20872184,2483,0.01,31283249,14532250
291,Swampscott,2016,44834702,47568904,46919163,649741,1.37,64016753,19182051
292,Swansea,2016,29610458,29956958,29928838,28120,0.09,49499748,19889290
293,Taunton,2016,87834266,89254662,89232400,22262,0.02,112858678,25024412
294,Templeton,2016,8477220,9170665,9168181,2484,0.03,13916486,5439266
295,Tewksbury,2016,66810097,75055941,75017836,38105,0.05,102440407,35630310
296,Tisbury,2016,21468599,22681423,22154859,526564,2.32,64627963,43159364
297,Tolland,2016,1308444,1494782,1334023,160759,10.75,4847466,3539022
298,Topsfield,2016,20915197,21692918,20923327,769591,3.55,31663631,10748434
299,Townsend,2016,15019395,15502184,15496462,5722,0.04,19566239,4546844
300,Truro,2016,13363548,14467660,14110037,357623,2.47,52105011,38741463
301,Tyngsborough,2016,23993663,25037153,25016025,21128,0.08,35615070,11621407
302,Tyringham,2016,1359406,1359406,1299705,59701,4.39,4820864,3461458
303,Upton,2016,16996744,18633096,18624945,8151,0.04,25087480,8090736
304,Uxbridge,2016,23751848,26241484,26240246,1238,0,37336719,13584871
305,Wakefield,2016,62859640,65277666,64965065,312601,0.48,105161136,42301496
306,Wales,2016,2983300,3004330,2906792,97538,3.25,3917510,934210
307,Walpole,2016,63110406,64805582,64779276,26306,0.04,99611511,36501105
308,Waltham,2016,188477935,188477935,167901732,20576203,10.92,248657352,60179417
309,Ware,2016,13582024,13891356,13886205,5151,0.04,17177393,3595369
310,Wareham,2016,36344277,36344277,36337188,7089,0.02,79967403,43623126
311,Warren,2016,6891487,7012576,6515606,496970,7.09,8210189,1318702
312,Warwick,2016,1579485,1677880,1490422,187458,11.17,1820252,240767
313,Washington,2016,1074402,1138323,1095526,42797,3.76,1994767,920365
314,Watertown,2016,90873906,91050506,91039165,11341,0.01,156813417,65939511
315,Wayland,2016,64104631,68512708,58374879,10137829,14.8,84162168,20057537
316,Webster,2016,19935117,22192119,22191274,845,0,35006574,15071457
317,Wellesley,2016,113559005,127562353,127462083,100270,0.08,269361968,155802963
318,Wellfleet,2016,14148585,15512114,15385408,126706,0.82,56315548,42166963
319,Wendell,2016,2240770,2249725,1786650,463075,20.58,2304760,63990
320,Wenham,2016,13192579,13985061,13406674,578387,4.14,19738920,6546341
321,West Boylston,2016,15415087,15823891,15822910,981,0.01,21440257,6025170
322,West Bridgewater,2016,20864574,23054880,22569085,485795,2.11,26145470,5280896
323,West Brookfield,2016,5161511,5313681,5310405,3276,0.06,8559646,3398135
324,West Newbury,2016,12193084,13011412,12450841,560571,4.31,21276215,9083131
325,West Springfield,2016,67898393,67898393,59461045,8437348,12.43,67898393,0
326,West Stockbridge,2016,5357302,5465565,4579109,886456,16.22,9284487,3927185
327,West Tisbury,2016,13738051,14829979,14560547,269433,1.82,60068261,46330210
328,Westborough,2016,73322434,75024797,65343189,9681608,12.9,91929079,18606645
329,Westfield,2016,68967726,68967726,68319304,648422,0.94,76826792,7859066
330,Westford,2016,67215667,70329144,70321012,8132,0.01,107854300,40638633
331,Westhampton,2016,3911888,4228125,4219170,8955,0.21,5580913,1669025
332,Westminster,2016,16304795,17288664,16237979,1050685,6.08,21616053,5311258
333,Weston,2016,68867000,76972064,71275670,5696394,7.4,146537150,77670150
334,Westport,2016,23717330,24351195,24332240,18955,0.08,76903414,53186084
335,Westwood,2016,66434213,68174837,67634840,539997,0.79,101690551,35256338
336,Weymouth,2016,94099739,94099739,94045228,54511,0.06,167092723,72992984
337,Whately,2016,4407490,4416030,3919730,496300,11.24,6550351,2142861
338,Whitman,2016,22306055,23649582,22189069,1460513,6.18,35582215,13276160
339,Wilbraham,2016,33440086,35143371,34745816,397555,1.13,40215065,6774979
340,Williamsburg,2016,5359220,5829335,5687589,141746,2.43,7583452,2224232
341,Williamstown,2016,15762342,16135166,15102302,1032864,6.4,23911181,8148839
342,Wilmington,2016,69555446,72795349,72777482,17867,0.02,95992880,26437434
343,Winchendon,2016,10710062,10719562,10715726,3836,0.04,15369658,4659596
344,Winchester,2016,70308401,76798269,76786100,12169,0.02,164797638,94489237
345,Windsor,2016,1584112,1588440,1444566,143874,9.06,2697098,1112986
346,Winthrop,2016,26396543,29426135,29416392,9743,0.03,47847091,21450548
347,Woburn,2016,108244066,110167892,95588439,14579453,13.23,162163407,53919341
348,Worcester,2016,280922031,280922031,274868950,6053081,2.15,280922031,0
349,Worthington,2016,2588871,2694916,2677424,17492,0.65,4167846,1578975
350,Wrentham,2016,28715299,29713836,29696746,17090,0.06,48951627,20236328
351,Yarmouth,2016,52530214,54603188,54589783,13405,0.02,136747953,84217739
001,Abington,2017,29874826,34260586,34249858,10728,0.03,46661933,16787107
002,Acton,2017,78807775,81622416,80632463,989953,1.21,105761363,26953588
003,Acushnet,2017,15936384,16414162,16409757,4405,0.03,27710165,11773781
004,Adams,2017,10578747,11228929,11131708,97221,0.87,12697927,2119180
005,Agawam,2017,68211393,68211393,57480552,10730841,15.73,71584588,3373195
006,Alford,2017,1539276,1539276,1405952,133324,8.66,6891924,5352648
007,Amesbury,2017,42109486,42991941,39781941,3210000,7.47,49852056,7742570
008,Amherst,2017,48750452,48827161,48805693,21468,0.04,55892915,7142463
009,Andover,2017,130709372,134306796,132983361,1323435,0.99,191632755,60923383
010,Arlington,2017,106050906,112522818,112439838,82980,0.07,223805410,117754504
011,Ashburnham,2017,11131299,13188173,13185441,2732,0.02,14350720,3219421
012,Ashby,2017,5593869,5659926,5659087,839,0.01,6791991,1198122
013,Ashfield,2017,3788628,3973822,3898997,74825,1.88,6009551,2220923
014,Ashland,2017,39960022,41629302,41610299,19003,0.05,62290866,22330844
015,Athol,2017,11520769,13431257,13413497,17760,0.13,16438109,4917340
016,Attleboro,2017,67582586,67582586,67569072,13514,0.02,108296040,40713454
017,Auburn,2017,41443605,44255153,40189751,4065402,9.19,50120376,8676771
018,Avon,2017,18349439,19985267,19444306,540961,2.71,19505095,1155656
019,Ayer,2017,21315781,23228475,21988979,1239496,5.34,27452990,6137209
020,Barnstable,2017,112771807,114754190,114248985,505205,0.44,330759846,217988039
021,Barre,2017,7457332,7741477,7702158,39319,0.51,10297003,2839671
022,Becket,2017,5586763,5701853,5285140,416713,7.31,12535912,6949149
023,Bedford,2017,63165951,66167031,62698078,3468953,5.24,85612371,22446420
024,Belchertown,2017,25210235,25579600,25515723,63877,0.25,35049070,9838835
025,Bellingham,2017,36672859,37274109,37146840,127269,0.34,57641901,20969042
026,Belmont,2017,82015337,85598579,85533440,65139,0.08,168505595,86490258
027,Berkley,2017,8689219,11585731,11581258,4473,0.04,20246955,11557736
028,Berlin,2017,10377719,11109430,10612540,496890,4.47,14787870,4410151
029,Bernardston,2017,4081615,4229765,4126574,103191,2.44,5215589,1133974
030,Beverly,2017,94850290,94850290,94790787,59503,0.06,147815460,52965170
031,Billerica,2017,123003679,124746042,114773340,9972702,7.99,150173077,27169398
032,Blackstone,2017,17202444,17202444,17092118,110326,0.64,22186031,4983587
033,Blandford,2017,2758099,2912397,2908929,3468,0.12,4292988,1534889
034,Bolton,2017,19037065,20570282,20384068,186214,0.91,24037816,5000751
035,Boston,2017,2086846743,2086846743,2086675511,171232,0.01,3598548661,1511701918
036,Bourne,2017,43356666,45061659,45056874,4785,0.01,109361344,66004678
037,Boxborough,2017,19188090,19770165,17717337,2052828,10.38,26349401,7161311
038,Boxford,2017,27863809,29052002,28009028,1042974,3.59,42932293,15068484
039,Boylston,2017,11223583,12365406,11222441,1142965,9.24,17404530,6180947
040,Braintree,2017,86299839,86299839,84572830,1727009,2,156726021,70426182
041,Brewster,2017,29589263,30503963,30364738,139225,0.46,90478957,60889694
042,Bridgewater,2017,38834293,41362019,41356939,5080,0.01,66234687,27400394
043,Brimfield,2017,6992071,7053842,6889908,163934,2.32,10345207,3353136
044,Brockton,2017,132480953,132480953,129596022,2884931,2.18,167214935,34733982
045,Brookfield,2017,4956539,5120042,5019017,101025,1.97,6395281,1438742
046,Brookline,2017,203036515,204084915,204064205,20710,0.01,541615726,338579211
047,Buckland,2017,3669388,3775484,3750434,25050,0.66,5194507,1525119
048,Burlington,2017,111067433,111067433,102863548,8203885,7.39,146158186,35090753
049,Cambridge,2017,540959800,540959800,372674087,168285713,31.11,990748705,449788905
050,Canton,2017,70349445,71908456,70946770,961686,1.34,112460122,42110677
051,Carlisle,2017,25003530,27756344,25666446,2089898,7.53,36416637,11413107
052,Carver,2017,22905353,23997121,23995669,1452,0.01,30752719,7847366
053,Charlemont,2017,2818202,2818202,2750806,67396,2.39,3404463,586261
054,Charlton,2017,18381247,20041671,19957099,84572,0.42,35384928,17003681
055,Chatham,2017,27855046,34340533,32386089,1954444,5.69,160964655,133109609
056,Chelmsford,2017,90161406,94575645,94109746,465899,0.49,131291498,41130092
057,Chelsea,2017,51980785,51980785,51974364,6421,0.01,74527545,22546760
058,Cheshire,2017,3489742,3870101,3770536,99565,2.57,7608022,4118280
059,Chester,2017,2598016,2739229,2378812,360417,13.16,2926688,328672
060,Chesterfield,2017,2952119,3027160,2810261,216899,7.17,3682208,730089
061,Chicopee,2017,85085256,85085256,78641099,6444157,7.57,93187348,8102092
062,Chilmark,2017,8049987,8771059,8467350,303709,3.46,78986473,70936486
063,Clarksburg,2017,1792235,1812453,1812371,82,0,2858629,1066394
064,Clinton,2017,22939961,23546002,23522620,23382,0.1,29446995,6507034
065,Cohasset,2017,34122743,35986113,35985114,999,0,68884215,34761472
066,Colrain,2017,3365278,3440223,3374996,65227,1.9,4282990,917712
067,Concord,2017,82116773,88382941,84050190,4332751,4.9,149342910,67226137
068,Conway,2017,4643146,4706856,4619735,87121,1.85,6506669,1863523
069,Cummington,2017,1804668,1884530,1781305,103225,5.48,3185452,1380784
070,Dalton,2017,11666382,12111905,11777160,334745,2.76,14817765,3151383
071,Danvers,2017,72783734,72783734,72654228,129506,0.18,113164267,40380533
072,Dartmouth,2017,57658785,58307666,58265189,42477,0.07,136288108,78629323
073,Dedham,2017,86097851,88964654,82110384,6854270,7.7,114560323,28462472
074,Deerfield,2017,10037006,10421130,10406338,14792,0.14,16893406,6856400
075,Dennis,2017,39684894,41786791,39861725,1925066,4.61,162039533,122354639
076,Dighton,2017,15832896,16177300,15107343,1069957,6.61,22524324,6691428
077,Douglas,2017,12769463,15282227,15279399,2828,0.02,22845992,10076529
078,Dover,2017,30727025,32166731,31535573,631158,1.96,60412976,29685951
079,Dracut,2017,43644368,46519428,46489851,29577,0.06,80154916,36510548
080,Dudley,2017,9453826,10946271,10938858,7413,0.07,22903807,13449981
081,Dunstable,2017,8038988,8639202,8488763,150439,1.74,12468806,4429818
082,Duxbury,2017,51143782,58527784,58126948,400836,0.68,93692696,42548914
083,East Bridgewater,2017,25490345,28528921,28508987,19934,0.07,38946704,13456359
084,East Brookfield,2017,3411993,3795976,3591694,204282,5.38,5515501,2103508
085,East Longmeadow,2017,39748268,40569614,38922405,1647209,4.06,46849308,7101040
086,Eastham,2017,19469543,22376318,21984418,391900,1.75,69570944,50101401
087,Easthampton,2017,21702528,23299032,23277300,21732,0.09,35899599,14197071
088,Easton,2017,50236853,52504461,52499660,4801,0.01,80918095,30681242
089,Edgartown,2017,25494740,28121123,27706749,414374,1.47,195117953,169623213
090,Egremont,2017,4075632,4075632,3641190,434442,10.66,9746225,5670593
091,Erving,2017,9444803,9444803,9437082,7721,0.08,22034780,12589977
092,Essex,2017,11476838,12611656,12521221,90435,0.72,20432803,8955965
093,Everett,2017,104642418,104642418,96907071,7735347,7.39,118804613,14162195
094,Fairhaven,2017,25653486,27362214,27341758,20456,0.07,49280196,23626710
095,Fall River,2017,93644049,93644049,93612095,31954,0.03,131379275,37735226
096,Falmouth,2017,87481370,96926921,96560351,366570,0.38,283002202,195520832
097,Fitchburg,2017,49602326,49602326,49594762,7564,0.02,54982521,5380195
098,Florida,2017,2353571,2395771,2356899,38872,1.62,3123162,769591
099,Foxborough,2017,42582722,45167409,45145587,21822,0.05,72604541,30021819
100,Framingham,2017,192958754,193307362,182403845,10903517,5.64,212299780,19341026
101,Franklin,2017,67013107,70799332,70757560,41772,0.06,121326406,54313299
102,Freetown,2017,18459630,18803029,18677517,125512,0.67,31470663,13011033
103,Gardner,2017,24781672,24781672,24519631,262041,1.06,29931190,5149518
104,Aquinnah,2017,3814195,3899425,3892733,6692,0.17,17694243,13880048
105,Georgetown,2017,17183255,19595408,19589664,5744,0.03,30212314,13029059
106,Gill,2017,2648098,2697293,2536283,161010,5.97,3824310,1176212
107,Gloucester,2017,73445650,78569866,78489679,80187,0.1,148262809,74817159
108,Goshen,2017,2183303,2237087,2231445,5642,0.25,3580625,1397322
109,Gosnold,2017,679689,679689,570461,109228,16.07,5773892,5094203
110,Grafton,2017,34426844,39117102,38365791,751311,1.92,58484437,24057593
111,Granby,2017,11215226,11215226,11214554,672,0.01,15489716,4274490
112,Granville,2017,3074796,3297809,2681755,616054,18.68,4844210,1769414
113,Great Barrington,2017,20877814,22460695,20832972,1627723,7.25,35672898,14795084
114,Greenfield,2017,31550523,32778766,30365159,2413607,7.36,34934606,3384083
115,Groton,2017,28151493,30383920,30205080,178840,0.59,41354162,13202669
116,Groveland,2017,12957902,13570418,13545981,24437,0.18,23068769,10110867
117,Hadley,2017,10157691,10975832,10973539,2293,0.02,23711191,13553500
118,Halifax,2017,15072182,15676629,15515199,161430,1.03,20932541,5860359
119,Hamilton,2017,26219976,27707052,25162290,2544762,9.18,37421610,11201634
120,Hampden,2017,10923139,12083091,11271696,811395,6.72,14608212,3685073
121,Hancock,2017,2180512,2180512,892489,1288023,59.07,7589192,5408680
122,Hanover,2017,38161303,42397089,42395351,1738,0,63656132,25494829
123,Hanson,2017,18390443,19251423,19042946,208477,1.08,29791843,11401400
124,Hardwick,2017,3677514,3677514,3605940,71574,1.95,5634282,1956768
125,Harvard,2017,18982563,20011903,19858254,153649,0.77,27428527,8445964
126,Harwich,2017,41283806,45000128,44699721,300407,0.67,124581163,83297357
127,Hatfield,2017,6816829,7013930,6989151,24779,0.35,13217003,6400174
128,Haverhill,2017,97948608,98976390,96180740,2795650,2.82,143764534,45815926
129,Hawley,2017,851138,853631,801986,51645,6.05,1293525,442387
130,Heath,2017,2269611,2276638,1905566,371072,16.3,2269611,0
131,Hingham,2017,74119692,79739464,79205926,533538,0.67,161644748,87525056
132,Hinsdale,2017,4411000,4422875,4173664,249211,5.63,7405365,2994365
133,Holbrook,2017,22714430,27327504,26781161,546343,2,28379941,5665511
134,Holden,2017,34780209,39065937,36792140,2273797,5.82,52291273,17511064
135,Holland,2017,5215742,5214617,5204720,9897,0.19,7690189,2474447
136,Holliston,2017,41868589,44780985,44406756,374229,0.84,59944326,18075737
137,Holyoke,2017,52231403,52231403,52193669,37734,0.07,52231403,0
138,Hopedale,2017,13345855,13345855,12785122,560733,4.2,17204495,3858640
139,Hopkinton,2017,57916854,60287595,58188992,2098603,3.48,86590762,28673908
140,Hubbardston,2017,6518127,6790105,6787098,3007,0.04,11141002,4622875
141,Hudson,2017,45896901,49959353,49371328,588025,1.18,61105218,15208317
142,Hull,2017,27146406,27564029,27553207,10822,0.04,50206281,23059875
143,Huntington,2017,3357459,3553562,3440811,112751,3.17,4765666,1408207
144,Ipswich,2017,36896086,38910717,38692667,218050,0.56,68168899,31272813
145,Kingston,2017,30485612,32368532,30677382,1691150,5.22,46480882,15995270
146,Lakeville,2017,20945384,21683141,21676614,6527,0.03,39099231,18153847
147,Lancaster,2017,16471398,17600600,17204541,396059,2.25,21733882,5262484
148,Lanesborough,2017,8079420,8493594,8102492,391102,4.6,9696616,1617196
149,Lawrence,2017,67210871,67210871,65288993,1921878,2.86,85037909,17827038
150,Lee,2017,14783465,15376071,13435231,1940840,12.62,22817987,8034522
151,Leicester,2017,13469075,14131247,14126571,4676,0.03,22814229,9345154
152,Lenox,2017,16072857,15738906,14822046,916860,5.83,29042851,12969994
153,Leominster,2017,71007742,71007742,65770481,5237261,7.38,83338166,12330424
154,Leverett,2017,4976972,5475321,5320205,155116,2.83,6348693,1371721
155,Lexington,2017,161960336,170290521,170196002,94519,0.06,264736415,102776079
156,Leyden,2017,1771804,1771804,1473259,298545,16.85,2156410,384606
157,Lincoln,2017,26863854,28359375,28347547,11828,0.04,51046046,24182192
158,Littleton,2017,33314865,34845775,34838451,7324,0.02,42693005,9378140
159,Longmeadow,2017,45484156,49279053,49273335,5718,0.01,52240601,6756445
160,Lowell,2017,140808634,140808634,124134134,16674500,11.84,177257131,36448497
161,Ludlow,2017,37886042,37981399,36846047,1135352,2.99,49711343,11825301
162,Lunenburg,2017,22054802,24770959,24769719,1240,0.01,30993142,8938340
163,Lynn,2017,121530630,121530630,121495243,35387,0.03,173312593,51781963
164,Lynnfield,2017,39753350,42425410,42409620,15790,0.04,74715690,34962340
165,Malden,2017,83008386,83008386,82974449,33937,0.04,164697229,81688843
166,Manchester By The Sea,2017,22866037,25919912,25896777,23135,0.09,58856311,35990274
167,Mansfield,2017,57775644,58057728,57814383,243345,0.42,89248389,31472745
168,Marblehead,2017,57779806,63988023,63948938,39085,0.06,145206490,87426684
169,Marion,2017,17050970,17838784,17576263,262521,1.47,38510656,21459686
170,Marlborough,2017,124710450,124710450,94119595,30590855,24.53,124710450,0
171,Marshfield,2017,58529796,62809657,62775349,34308,0.05,114386569,55856773
172,Mashpee,2017,44267702,45824363,45070514,753849,1.65,124092825,79825123
173,Mattapoisett,2017,20400470,21632086,21602270,29816,0.14,41320333,20919863
174,Maynard,2017,26953501,29414852,29409135,5717,0.02,31991378,5037877
175,Medfield,2017,38219322,42799286,42723595,75691,0.18,63238004,25018682
176,Medford,2017,105140200,105140200,105043572,96628,0.09,224624386,119484186
177,Medway,2017,32590819,34435952,33822517,613435,1.78,47185431,14594612
178,Melrose,2017,53426783,55300455,55285518,14937,0.03,113711053,60284270
179,Mendon,2017,13753336,15142646,15074371,68275,0.45,21231509,7478173
180,Merrimac,2017,11767675,12076700,12036794,39906,0.33,18416148,6648473
181,Methuen,2017,83578045,83578045,83215227,362818,0.43,125867962,42289917
182,Middleborough,2017,38749307,38833647,38823261,10386,0.03,60778368,22029061
183,Middlefield,2017,1341436,1387184,1167929,219255,15.81,1656167,314731
184,Middleton,2017,25455836,27889242,26109295,1779947,6.38,46790851,21335015
185,Milford,2017,65383458,65383458,62097104,3286354,5.03,78423728,13040270
186,Millbury,2017,22934431,24454051,24094102,359949,1.47,36661750,13727319
187,Millis,2017,18751220,20035705,20035403,302,0,27192458,8441238
188,Millville,2017,4521859,4742111,4543868,198243,4.18,7051317,2529458
189,Milton,2017,71043581,74020945,73993206,27739,0.04,133289068,62245487
190,Monroe,2017,613522,613522,494713,118809,19.37,645140,31618
191,Monson,2017,12622955,13013080,12941518,71562,0.55,18583456,5960501
192,Montague,2017,15274313,15949701,15946042,3659,0.02,20656526,5382213
193,Monterey,2017,3748597,3841390,3680991,160399,4.18,12606135,8857538
194,Montgomery,2017,1613435,1662276,1456322,205954,12.39,2640177,1026742
195,Mount Washington,2017,565053,565053,531846,33207,5.88,2134213,1569160
196,Nahant,2017,8037750,8729475,8729426,49,0,20843901,12806151
197,Nantucket,2017,68716742,75399121,74553682,845439,1.12,544665037,475948295
198,Natick,2017,99501597,103992635,103922288,70347,0.07,192591342,93089745
199,Needham,2017,118982082,124868944,124789790,79154,0.06,231026862,112044780
200,New Ashford,2017,463433,463433,367123,96310,20.78,1025835,562402
201,New Bedford,2017,118972217,118972217,114057018,4915199,4.13,138497399,19525182
202,New Braintree,2017,1831515,1887465,1887091,374,0.02,2612252,780737
203,New Marlborough,2017,4640268,4882158,4835177,46981,0.96,12334635,7694367
204,New Salem,2017,1859780,1952448,1930739,21709,1.11,2644686,784906
205,Newbury,2017,14866529,15519336,15123270,396066,2.55,35634471,20767942
206,Newburyport,2017,49834938,53027558,53024507,3051,0.01,98558563,48723625
207,Newton,2017,316455830,318009858,318006048,3810,0,653571658,337115828
208,Norfolk,2017,27461074,29881375,29872126,9249,0.03,40988098,13527024
209,North Adams,2017,16317472,16317472,16139226,178246,1.09,17901330,1583858
210,North Andover,2017,68769490,70623080,69757151,865929,1.23,115964172,47194682
211,North Attleborough,2017,48404137,48862025,48844433,17592,0.04,92370720,43966583
212,North Brookfield,2017,5433144,6337481,6333812,3669,0.06,9579268,4146124
213,North Reading,2017,41028916,47348590,47342229,6361,0.01,73376053,32347137
214,Northampton,2017,54433890,55527308,55525582,1726,0,83171933,28738043
215,Northborough,2017,47349942,49685931,46873992,2811939,5.66,67386417,20036475
216,Northbridge,2017,19939580,20943372,20938277,5095,0.02,38688612,18749032
217,Northfield,2017,7474155,7474155,7299033,175122,2.34,11092755,3618600
218,Norton,2017,32979406,34038478,34021580,16898,0.05,55337639,22358233
219,Norwell,2017,40086329,41578083,41573995,4088,0.01,63182363,23096034
220,Norwood,2017,68098582,70169977,70160331,9646,0.01,121829206,53730624
221,Oak Bluffs,2017,20757301,23134615,23128995,5620,0.02,70947837,50190536
222,Oakham,2017,2618702,2771002,2770161,841,0.03,4859932,2241230
223,Orange,2017,10439729,10634169,10631200,2969,0.03,12519076,2079347
224,Orleans,2017,22503567,25572343,24277917,1294426,5.06,95884348,73380781
225,Otis,2017,4858832,4930165,4919538,10627,0.22,15221342,10362510
226,Oxford,2017,21064981,21558576,21555649,2927,0.01,31981675,10916694
227,Palmer,2017,17709659,18309659,18306892,2767,0.02,22803802,5094143
228,Paxton,2017,8736134,9938319,9932239,6080,0.06,12177831,3441697
229,Peabody,2017,110787135,110787135,101767668,9019467,8.14,175949759,65162624
230,Pelham,2017,3811577,4173173,3731368,441805,10.59,4442105,630528
231,Pembroke,2017,36548599,38596777,38586004,10773,0.03,63884112,27335513
232,Pepperell,2017,18256386,18976864,18974371,2493,0.01,29852693,11596307
233,Peru,2017,1898694,1905232,1583599,321633,16.88,2251990,353296
234,Petersham,2017,2502979,2646892,2421750,225142,8.51,3739577,1236598
235,Phillipston,2017,3046699,3175863,3108987,66876,2.11,4659753,1613054
236,Pittsfield,2017,84001992,84001992,81004318,2997674,3.57,84001992,0
237,Plainfield,2017,1665945,1738081,1675126,62955,3.62,2152012,486067
238,Plainville,2017,19752217,20847681,20838146,9535,0.05,33093398,13341181
239,Plymouth,2017,155423807,161399630,157125887,4273743,2.65,236920819,81497012
240,Plympton,2017,8881419,9117893,8633916,483977,5.31,11971598,3090179
241,Princeton,2017,8498399,8904236,7957829,946407,10.63,11189299,2690900
242,Provincetown,2017,18704868,20217855,20200079,17776,0.09,67809927,49105059
243,Quincy,2017,235419728,235419728,213623431,21796297,9.26,325537479,90117751
244,Randolph,2017,58155593,58260225,58238569,21656,0.04,80057041,21901448
245,Raynham,2017,30858786,34080188,33037486,1042702,3.06,49741224,18882438
246,Reading,2017,61908675,64910608,64866796,43812,0.07,115585881,53677206
247,Rehoboth,2017,20635479,21115825,21108032,7793,0.04,42014395,21378916
248,Revere,2017,79270646,79270646,79260447,10199,0.01,125974871,46704225
249,Richmond,2017,4803408,4953733,4556988,396745,8.01,10337994,5534586
250,Rochester,2017,10953445,12285829,12281993,3836,0.03,21337723,10384278
251,Rockland,2017,31706508,35020362,35001927,18435,0.05,47351091,15644583
252,Rockport,2017,20611045,21303015,21275003,28012,0.13,47152047,26541002
253,Rowe,2017,3466267,3653596,3652620,976,0.03,7383327,3917060
254,Rowley,2017,13648353,14088293,14084650,3643,0.03,24902140,11253787
255,Royalston,2017,1566085,1716717,1716635,82,0,3022245,1456160
256,Russell,2017,3190966,3190966,2924159,266807,8.36,3277242,86276
257,Rutland,2017,12905189,14802233,14800953,1280,0.01,20197808,7292619
258,Salem,2017,90563116,90563116,85600551,4962565,5.48,117756407,27193291
259,Salisbury,2017,18562229,19386626,19124694,261932,1.35,40110517,21548288
260,Sandisfield,2017,2935167,2967803,2872035,95768,3.23,5402625,2467458
261,Sandwich,2017,56158926,58541130,58523635,17495,0.03,97996710,41837784
262,Saugus,2017,60215392,61312379,61306983,5396,0.01,104039236,43823844
263,Savoy,2017,1333838,1333838,1141712,192126,14.4,1672104,338266
264,Scituate,2017,53730738,60555296,60236440,318856,0.53,106877999,53147261
265,Seekonk,2017,36955455,38143589,38130585,13004,0.03,55719002,18763547
266,Sharon,2017,61805149,66098323,64625559,1472764,2.23,82346533,20541384
267,Sheffield,2017,9645997,9690997,8628435,1062562,10.96,14694201,5048204
268,Shelburne,2017,3803948,3830806,3512252,318554,8.32,5912881,2108933
269,Sherborn,2017,22343015,24134336,23885681,248655,1.03,29185828,6842813
270,Shirley,2017,9674258,10468206,10460960,7246,0.07,15830751,6156493
271,Shrewsbury,2017,65771491,69745014,69716101,28913,0.04,135845871,70074380
272,Shutesbury,2017,4869307,4875106,4842416,32690,0.67,5318998,449691
273,Somerset,2017,51928234,51928234,38215848,13712386,26.41,51928234,0
274,Somerville,2017,137032678,137032678,136071683,960995,0.7,316513238,179480560
275,South Hadley,2017,25167319,26480094,26474841,5253,0.02,37121201,11953882
276,Southampton,2017,10526111,11146034,11141251,4783,0.04,17066868,6540757
277,Southborough,2017,39350305,40885938,38500371,2385567,5.83,58761250,19410945
278,Southbridge,2017,19904455,20123450,19194079,929371,4.62,23327758,3423303
279,Southwick,2017,17759877,19232960,17995289,1237671,6.44,25374068,7614191
280,Spencer,2017,12806635,13587955,13578828,9127,0.07,24282596,11475961
281,Springfield,2017,191434885,191434885,191411830,23055,0.01,191448902,14017
282,Sterling,2017,17810225,19063261,17773711,1289550,6.76,24644635,6834410
283,Stockbridge,2017,7952288,9056512,8274598,781914,8.63,21326283,13373995
284,Stoneham,2017,45117658,47410168,47401415,8753,0.02,87810847,42693189
285,Stoughton,2017,61450811,61450811,61412772,38039,0.06,91077893,29627082
286,Stow,2017,24263896,26161024,25079013,1082011,4.14,30450478,6186582
287,Sturbridge,2017,22292406,23929949,22565123,1364826,5.7,29078767,6786361
288,Sudbury,2017,77283873,80027697,79892487,135210,0.17,110223842,32939969
289,Sunderland,2017,4793998,5094877,4979029,115848,2.27,8680316,3886318
290,Sutton,2017,18232317,22039935,22035181,4754,0.02,33386637,15154320
291,Swampscott,2017,46604909,49268243,48140098,1128145,2.29,65403667,18798758
292,Swansea,2017,30897451,31239051,31217885,21166,0.07,52950143,22052692
293,Taunton,2017,91918832,93276743,93258811,17932,0.02,117295778,25376946
294,Templeton,2017,8758243,9639288,9635555,3733,0.04,14943478,6185235
295,Tewksbury,2017,70189395,78610705,78550516,60189,0.08,107293723,37104328
296,Tisbury,2017,22591417,23819218,23223544,595674,2.5,67940204,45348787
297,Tolland,2017,1348065,1523995,1505142,18853,1.24,4656998,3308933
298,Topsfield,2017,21663706,22454708,21989129,465579,2.07,32470656,10806950
299,Townsend,2017,15554982,16216621,16204001,12620,0.08,20594816,5039834
300,Truro,2017,14065662,15067898,14821081,246817,1.64,53084102,39018440
301,Tyngsborough,2017,24973562,25965868,25846295,119573,0.46,37654859,12681297
302,Tyringham,2017,1395962,1395962,1348079,47883,3.43,4814567,3418605
303,Upton,2017,17841835,19461315,19361310,100005,0.51,26653786,8811951
304,Uxbridge,2017,25294922,27801037,27179989,621048,2.23,40064843,14769921
305,Wakefield,2017,65227825,67651175,67022972,628203,0.93,112995559,47767734
306,Wales,2017,3083290,3083290,2780931,302359,9.81,3993296,910006
307,Walpole,2017,65625842,66876054,66870959,5095,0.01,104420895,38795053
308,Waltham,2017,198984814,198984814,174137000,24847814,12.49,262336821,63352007
309,Ware,2017,14056255,14313434,14308258,5176,0.04,17222266,3166011
310,Wareham,2017,37654086,37654086,37637877,16209,0.04,83639727,45985641
311,Warren,2017,7131605,7249717,6427780,821937,11.34,8658109,1526504
312,Warwick,2017,1650651,1694251,1505216,189035,11.16,1871229,220578
313,Washington,2017,1119228,1167346,1141617,25729,2.2,2032795,913567
314,Watertown,2017,95657980,95783184,95714048,69136,0.07,165378117,69720137
315,Wayland,2017,66509532,70744962,62712500,8032462,11.35,86428473,19918941
316,Webster,2017,20679290,22875081,22872608,2473,0.01,36510274,15830984
317,Wellesley,2017,118647573,131572128,131504839,67289,0.05,278848260,160200687
318,Wellfleet,2017,14621490,16231059,15733013,498046,3.07,58012585,43391095
319,Wendell,2017,2319652,2397330,1791896,605434,25.25,2319906,254
320,Wenham,2017,13612730,14420140,14343675,76465,0.53,19563114,5950384
321,West Boylston,2017,15893760,16542872,16294732,248140,1.5,21668526,5774766
322,West Bridgewater,2017,21964632,24232706,23224272,1008434,4.16,27333015,5368383
323,West Brookfield,2017,5398247,5546462,5544584,1878,0.03,8631045,3232798
324,West Newbury,2017,12784193,13495053,12748667,746386,5.53,21904926,9120733
325,West Springfield,2017,69010238,69010238,60384295,8625943,12.5,69010238,0
326,West Stockbridge,2017,5526501,5659152,4643819,1015333,17.94,9302523,3776022
327,West Tisbury,2017,14204676,15310683,15115269,195414,1.28,63296772,49092096
328,Westborough,2017,77632120,79178158,67778270,11399888,14.4,95194199,17562079
329,Westfield,2017,71768059,71768059,69383729,2384330,3.32,77656148,5888089
330,Westford,2017,69603481,72495076,72459010,36066,0.05,110388324,40784843
331,Westhampton,2017,4055842,4369936,4336437,33499,0.77,5614237,1558395
332,Westminster,2017,17183221,18141613,16611894,1529719,8.43,22831080,5647859
333,Weston,2017,71780679,79865282,73668584,6196698,7.76,148525370,76744691
334,Westport,2017,24649812,25259810,25234255,25555,0.1,79153874,54504062
335,Westwood,2017,70367740,72010446,70500803,1509643,2.1,106245157,35877417
336,Weymouth,2017,97511090,97511090,97510214,876,0,174973665,77462575
337,Whately,2017,4582800,4701290,4008831,692459,14.73,6424409,1841609
338,Whitman,2017,23125376,23608422,22894922,713500,3.02,37955772,14830396
339,Wilbraham,2017,34626361,36359413,35912758,446655,1.23,40809953,6183592
340,Williamsburg,2017,5550877,6011039,5856244,154795,2.58,7633269,2082392
341,Williamstown,2017,16339836,17449540,16416220,1033320,5.92,24084830,7744994
342,Wilmington,2017,73267482,76436385,76408119,28266,0.04,102993280,29725798
343,Winchendon,2017,11085469,11447119,11409745,37374,0.33,15873324,4787855
344,Winchester,2017,73005041,84462689,84404536,58153,0.07,172281872,99276831
345,Windsor,2017,1633254,1636876,1418613,218263,13.33,2611585,978331
346,Winthrop,2017,27275836,30314261,30300616,13645,0.05,52568730,25292894
347,Woburn,2017,113058815,114898408,97573195,17325213,15.08,170975725,57916910
348,Worcester,2017,293408601,293408601,282319616,11088985,3.78,306636578,13227977
349,Worthington,2017,2670613,2773013,2772548,465,0.02,4178041,1507428
350,Wrentham,2017,29957601,30764754,30745913,18841,0.06,50653113,20695512
351,Yarmouth,2017,54234176,56255441,56230733,24708,0.04,140296240,86062064
001,Abington,2018,31083749,35256674,35242835,13839,0.04,49442810,18359061
002,Acton,2018,81644435,84404513,83492684,911829,1.08,107704700,26060265
003,Acushnet,2018,16601843,17062891,17062788,103,0,28815982,12214139
004,Adams,2018,10984702,11637584,11547478,90106,0.77,12671033,1686331
005,Agawam,2018,70533487,70533487,59676680,10856807,15.39,73487823,2954336
006,Alford,2018,1593842,1593842,1425164,168678,10.58,6931734,5337892
007,Amesbury,2018,44116384,44925920,40827595,4098325,9.12,53748809,9632425
008,Amherst,2018,50700146,50732396,50712795,19601,0.04,59972558,9272412
009,Andover,2018,136417582,140458434,139352561,1105873,0.79,194980746,58563164
010,Arlington,2018,109965991,117340167,117255201,84966,0.07,241663647,131697656
011,Ashburnham,2018,12029260,13993783,13991753,2030,0.01,14948454,2919194
012,Ashby,2018,5780183,6028794,6027718,1076,0.02,7471143,1690960
013,Ashfield,2018,3939855,4161928,4161467,461,0.01,6055685,2115830
014,Ashland,2018,42081316,43889646,43878471,11175,0.03,66042250,23960934
015,Athol,2018,11932928,13824961,13824764,197,0,17660659,5727731
016,Attleboro,2018,70764061,70764061,70762692,1369,0,111985632,41221571
017,Auburn,2018,43089839,46042784,41465456,4577328,9.94,51717405,8627566
018,Avon,2018,19268191,20847040,20841533,5507,0.03,20231111,962920
019,Ayer,2018,22809032,24874932,23223467,1651465,6.64,28839407,6030375
020,Barnstable,2018,116900171,118825435,118531665,293770,0.25,340307869,223407698
021,Barre,2018,7805228,8128984,8080710,48274,0.59,10745625,2940397
022,Becket,2018,5781022,5886608,5482721,403887,6.86,12609755,6828733
023,Bedford,2018,66660425,69548930,63981481,5567449,8.01,92145988,25485563
024,Belchertown,2018,26333465,26608755,26461188,147567,0.55,36367768,10034303
025,Bellingham,2018,37954471,38555721,38542632,13089,0.03,59510201,21555730
026,Belmont,2018,86086128,89668855,88542898,1125957,1.26,182187032,96100904
027,Berkley,2018,9049927,11994164,11984094,10070,0.08,21369640,12319713
028,Berlin,2018,11033857,11791408,10165566,1625842,13.79,15088958,4055101
029,Bernardston,2018,4202185,4262689,4259943,2746,0.06,5202666,1000481
030,Beverly,2018,99407098,99407098,99371140,35958,0.04,162772480,63365382
031,Billerica,2018,128919297,135331795,122638194,12693601,9.38,159466071,30546774
032,Blackstone,2018,17959202,17959202,17861517,97685,0.54,22911130,4951928
033,Blandford,2018,2858934,3000514,2965544,34970,1.17,4219613,1360679
034,Bolton,2018,19891622,21359773,21063608,296165,1.39,25488393,5596771
035,Boston,2018,2216600850,2216600850,2216490728,110122,0,3848148955,1631548105
036,Bourne,2018,45011685,47152372,47111304,41068,0.09,111744081,66732396
037,Boxborough,2018,20320009,20858238,18193250,2664988,12.78,27666135,7346126
038,Boxford,2018,29022765,29941664,28571205,1370459,4.58,44091366,15068601
039,Boylston,2018,11802490,13062010,11924610,1137400,8.71,17819203,6016713
040,Braintree,2018,89528431,89528431,88354226,1174205,1.31,166192023,76663592
041,Brewster,2018,30648080,32267368,31552570,714798,2.22,95498093,64850013
042,Bridgewater,2018,40588392,43169502,43155133,14369,0.03,71025564,30437172
043,Brimfield,2018,7237714,7261355,7144682,116673,1.61,10445441,3207727
044,Brockton,2018,137859951,137859951,137784783,75168,0.05,179324520,41464569
045,Brookfield,2018,5191955,5312854,5220593,92261,1.74,6818957,1627002
046,Brookline,2018,210376535,211397335,211374488,22847,0.01,583375695,372999160
047,Buckland,2018,3781466,3931496,3900240,31256,0.8,5172732,1391266
048,Burlington,2018,117266931,117266931,106921270,10345661,8.82,156013551,38746620
049,Cambridge,2018,570550306,570550306,389080359,181469947,31.81,1090478426,519928120
050,Canton,2018,73481199,75085796,73975682,1110114,1.48,118726617,45245418
051,Carlisle,2018,25902026,28649806,26906572,1743234,6.08,37020600,11118574
052,Carver,2018,23905837,24998137,24988866,9271,0.04,32200332,8294495
053,Charlemont,2018,2977962,2977962,2839824,138138,4.64,3476767,498805
054,Charlton,2018,19275350,20911466,20901050,10416,0.05,38705648,19430298
055,Chatham,2018,29050068,35105995,32955918,2150077,6.12,169178226,140128158
056,Chelmsford,2018,93668498,98001055,97968735,32320,0.03,136370734,42702236
057,Chelsea,2018,54878173,54878173,54860722,17451,0.03,80709004,25830831
058,Cheshire,2018,3605741,4094278,3992287,101991,2.49,7642203,4036462
059,Chester,2018,2686252,2816123,2276807,539316,19.15,2934029,247777
060,Chesterfield,2018,3055865,3104690,2952038,152652,4.92,3757686,701821
061,Chicopee,2018,88297903,88297903,84803700,3494203,3.96,94848959,6551056
062,Chilmark,2018,8337828,9046463,8966144,80319,0.89,81510400,73172572
063,Clarksburg,2018,1868756,1889162,1888116,1046,0.06,3083142,1214386
064,Clinton,2018,25235019,26019738,25511277,508461,1.95,32791412,7556393
065,Cohasset,2018,35688027,37463504,37446745,16760,0.04,73195357,37507330
066,Colrain,2018,3473748,3561494,3452435,109059,3.06,4264371,790623
067,Concord,2018,85491022,91875014,87807057,4067957,4.43,153616265,68125243
068,Conway,2018,4781522,4875978,4779729,96249,1.97,6459094,1677572
069,Cummington,2018,1869307,1947775,1801751,146024,7.5,3160967,1291660
070,Dalton,2018,12035249,12355802,11848477,507325,4.11,14877545,2842296
071,Danvers,2018,75516164,75516164,75354881,161283,0.21,122649928,47133764
072,Dartmouth,2018,59926087,60486615,60434080,52535,0.09,140725652,80799565
073,Dedham,2018,89441008,92232501,84537212,7695289,8.34,120531990,31090982
074,Deerfield,2018,10459810,10950082,10876985,73097,0.67,17048567,6588757
075,Dennis,2018,40989617,43087368,42286054,801314,1.86,166743117,125753500
076,Dighton,2018,16682131,16965381,16132364,833017,4.91,24297390,7615259
077,Douglas,2018,13288266,15781712,15781478,234,0,24551148,11262882
078,Dover,2018,32012170,33680431,32079980,1600451,4.75,62461021,30448851
079,Dracut,2018,45512281,48377471,48350103,27368,0.06,85484623,39972342
080,Dudley,2018,9793930,11317759,11313814,3945,0.03,24112987,14319057
081,Dunstable,2018,8392642,8979088,8977380,1708,0.02,12795581,4402939
082,Duxbury,2018,53293997,61039829,60609952,429877,0.7,99950449,46656452
083,East Bridgewater,2018,26351353,29360162,29348886,11276,0.04,40853127,14501774
084,East Brookfield,2018,3561821,3950526,3719893,230633,5.84,6015351,2453530
085,East Longmeadow,2018,41170794,41923285,40095902,1827383,4.36,47869989,6699195
086,Eastham,2018,20101081,23729518,23725433,4085,0.02,71034231,50933150
087,Easthampton,2018,22484346,23889536,23868644,20892,0.09,37294756,14810410
088,Easton,2018,52493985,54775193,54744790,30403,0.06,84430584,31936599
089,Edgartown,2018,26570454,32351682,31936229,415454,1.28,206306386,179735932
090,Egremont,2018,4209885,4209885,3798567,411318,9.77,9871536,5661651
091,Erving,2018,9689539,9689539,9683544,5995,0.06,22000562,12311023
092,Essex,2018,11850598,12957062,12837035,120027,0.93,20467211,8616613
093,Everett,2018,110457822,110457822,102566340,7891482,7.14,133010702,22552880
094,Fairhaven,2018,26676342,27832214,27795589,36625,0.13,51177932,24501590
095,Fall River,2018,97454740,97454740,97406075,48665,0.05,133024607,35569867
096,Falmouth,2018,90621629,101421304,99918168,1503136,1.48,290459790,199838161
097,Fitchburg,2018,51485090,51485090,51472066,13024,0.03,59144610,7659520
098,Florida,2018,2421013,2456713,2418801,37913,1.54,3037825,616812
099,Foxborough,2018,45237199,47707270,47669414,37856,0.08,77497520,32260321
100,Framingham,2018,200985321,201322903,188453913,12868990,6.39,226333709,25348388
101,Franklin,2018,70168037,74056611,74049105,7506,0.01,126363660,56195623
102,Freetown,2018,19501997,19845337,19751881,93456,0.47,32968903,13466906
103,Gardner,2018,25888215,25888215,25253998,634217,2.45,31147013,5258798
104,Aquinnah,2018,4048826,4143601,4109155,34446,0.83,18746147,14697321
105,Georgetown,2018,17932673,20354016,20343063,10953,0.05,32026232,14093559
106,Gill,2018,2747123,2806231,2646792,159439,5.68,3851560,1104437
107,Gloucester,2018,76265313,81312561,81310484,2077,0,156685004,80419691
108,Goshen,2018,2282872,2311714,2268491,43223,1.87,3630747,1347875
109,Gosnold,2018,699602,699602,639535,60067,8.59,5792886,5093284
110,Grafton,2018,36005923,40674343,40359490,314853,0.77,60819003,24813080
111,Granby,2018,11619470,12424578,12420766,3812,0.03,15580489,3961019
112,Granville,2018,3167565,3376079,2920847,455233,13.48,4887628,1720063
113,Great Barrington,2018,21717815,23097867,21574492,1523375,6.6,36005494,14287679
114,Greenfield,2018,33175019,34368920,31972688,2396232,6.97,35636076,2461057
115,Groton,2018,29360224,31533119,31144058,389061,1.23,41703345,12343121
116,Groveland,2018,13441118,14108655,14055000,53655,0.38,23919333,10478215
117,Hadley,2018,10576297,11680243,11671854,8389,0.07,24135347,13559050
118,Halifax,2018,15617995,16206007,15604891,601116,3.71,22103245,6485250
119,Hamilton,2018,27198556,28529660,25600839,2928821,10.27,39458752,12260196
120,Hampden,2018,11649278,12788847,12113173,675674,5.28,15141466,3492188
121,Hancock,2018,2281410,2281410,1369694,911716,39.96,7643383,5361973
122,Hanover,2018,39600831,43875901,43261291,614610,1.4,65962371,26361540
123,Hanson,2018,19240837,20061546,20017037,44509,0.22,31612503,12371666
124,Hardwick,2018,3811640,3811640,3792020,19620,0.51,5663112,1851472
125,Harvard,2018,19615932,20897900,20870089,27811,0.13,30422870,10806938
126,Harwich,2018,42683458,46810774,46761271,49503,0.11,132844521,90161063
127,Hatfield,2018,7075286,7271431,7270167,1264,0.02,13383959,6308673
128,Haverhill,2018,101846990,102530747,99426646,3104101,3.03,156922535,55075545
129,Hawley,2018,883598,888151,805117,83034,9.35,1298576,414978
130,Heath,2018,2252102,2278462,1964734,313728,13.77,2252102,0
131,Hingham,2018,76509213,81775108,81213239,561869,0.69,172500507,95991294
132,Hinsdale,2018,4600942,4605057,4171696,433361,9.41,7476158,2875216
133,Holbrook,2018,23647854,28387450,27831012,556438,1.96,30059956,6412102
134,Holden,2018,36468157,41245087,38896227,2348860,5.69,55218948,18750791
135,Holland,2018,5391798,5363791,5321924,41867,0.78,7826360,2434562
136,Holliston,2018,43871193,46751255,46474802,276453,0.59,62231926,18360733
137,Holyoke,2018,52427035,52427035,52411512,15523,0.03,52427035,0
138,Hopedale,2018,13802052,13802052,13631868,170184,1.23,18102081,4300029
139,Hopkinton,2018,60654433,65029216,62918642,2110574,3.25,93074914,32420481
140,Hubbardston,2018,6774154,6774154,6772982,1172,0.02,11191311,4417157
141,Hudson,2018,47803174,51813513,51793300,20213,0.04,64412933,16609759
142,Hull,2018,28040403,28441353,28420132,21221,0.07,52943615,24903212
143,Huntington,2018,3456309,3682341,3644515,37826,1.03,4775308,1318999
144,Ipswich,2018,38120352,40115438,39994765,120673,0.3,70215529,32095177
145,Kingston,2018,32374414,34235602,32338169,1897433,5.54,49146154,16771740
146,Lakeville,2018,21785037,22461234,22373547,87687,0.39,41158108,19373071
147,Lancaster,2018,17054549,18132531,17903672,228859,1.26,22401992,5347443
148,Lanesborough,2018,8343686,8949591,8383059,566532,6.33,9793293,1449607
149,Lawrence,2018,70661377,70661377,67050606,3610771,5.11,95192366,24530989
150,Lee,2018,15362384,15949115,13538543,2410572,15.11,23134899,7772515
151,Leicester,2018,14001857,14876614,14872501,4113,0.03,23108299,9106442
152,Lenox,2018,16892223,16892223,15248742,1643481,9.73,30007314,13115091
153,Leominster,2018,74049153,74049153,68813061,5236092,7.07,88997751,14948598
154,Leverett,2018,5162859,5646740,5315332,331408,5.87,6312745,1149886
155,Lexington,2018,169366479,177659169,177624815,34354,0.02,280682514,111316035
156,Leyden,2018,1820724,1820724,1469243,351481,19.3,2161923,341199
157,Lincoln,2018,27696403,29119783,29099955,19828,0.07,52911449,25215046
158,Littleton,2018,35349968,36759272,36759269,3,0,45175919,9825951
159,Longmeadow,2018,46851176,50748170,50739115,9055,0.02,52114950,5263774
160,Lowell,2018,146747545,146747545,128507951,18239594,12.43,191605030,44857485
161,Ludlow,2018,39450650,39911911,38585108,1326803,3.32,50743173,11292523
162,Lunenburg,2018,23087668,25848476,25847547,929,0,32801456,9713788
163,Lynn,2018,126245456,126245456,126215796,29660,0.02,187516787,61271331
164,Lynnfield,2018,41182957,43806324,43778411,27913,0.06,76915473,35732516
165,Malden,2018,86826081,86826081,86793086,32995,0.04,173855946,87029865
166,Manchester By The Sea,2018,23714112,26443161,26438954,4207,0.02,59925100,36210988
167,Mansfield,2018,60178592,61791565,61768484,23081,0.04,91550702,31372110
168,Marblehead,2018,59592925,66318935,66315447,3488,0.01,150443392,90850467
169,Marion,2018,17691386,18504595,18063136,441459,2.39,39439162,21747776
170,Marlborough,2018,131259954,131259954,97680293,33579661,25.58,134766478,3506524
171,Marshfield,2018,60683624,64870335,64848601,21734,0.03,121257669,60574045
172,Mashpee,2018,46068055,47075619,46268620,806999,1.71,129676625,83608570
173,Mattapoisett,2018,21161059,22382669,22369646,13023,0.06,42952470,21791411
174,Maynard,2018,28058307,30444193,30376658,67535,0.22,32227815,4169508
175,Medfield,2018,39559733,44013868,43982483,31385,0.07,64566181,25006448
176,Medford,2018,109528185,109528185,109447978,80207,0.07,242334021,132805836
177,Medway,2018,34087272,35889855,35154289,735566,2.05,49765414,15678142
178,Melrose,2018,55368833,57247286,57236181,11105,0.02,121947644,66578811
179,Mendon,2018,14477901,15534303,15366701,167602,1.08,22651387,8173486
180,Merrimac,2018,12282175,12576000,12491445,84555,0.67,19815109,7532934
181,Methuen,2018,86698275,86698275,86562062,136213,0.16,133238109,46539834
182,Middleborough,2018,40482738,40546902,40517230,29672,0.07,64168792,23686054
183,Middlefield,2018,1378983,1419385,1200239,219146,15.44,1668853,289870
184,Middleton,2018,26764835,28491325,27647509,843816,2.96,49512015,22747180
185,Milford,2018,67893461,67893461,64603228,3290233,4.85,82156678,14263217
186,Millbury,2018,24012723,25456010,25436359,19651,0.08,38917318,14904595
187,Millis,2018,19685399,20922883,20917243,5640,0.03,29019483,9334084
188,Millville,2018,4659119,4878972,4877369,1603,0.03,7363178,2704059
189,Milton,2018,76769831,79599010,79551918,47092,0.06,140751111,63981280
190,Monroe,2018,622379,622379,528966,93413,15.01,622379,0
191,Monson,2018,13144423,13726651,13615981,110670,0.81,19340883,6196460
192,Montague,2018,16267561,17014885,16939664,75221,0.44,21241036,4973475
193,Monterey,2018,3875505,4218128,3756539,461589,10.94,12725403,8849898
194,Montgomery,2018,1659121,1705971,1444023,261948,15.35,2698101,1038980
195,Mount Washington,2018,583238,583238,537683,45555,7.81,2200012,1616774
196,Nahant,2018,8283908,8925313,8916933,8380,0.09,21748618,13464710
197,Nantucket,2018,71686428,79723200,78168480,1554720,1.95,556397790,484711362
198,Natick,2018,103160981,107394818,107388479,6339,0.01,205725056,102564075
199,Needham,2018,126800315,133819401,132537888,1281513,0.96,247141391,120341076
200,New Ashford,2018,478811,478811,420023,58788,12.28,980446,501635
201,New Bedford,2018,123961220,123961220,119955144,4006076,3.23,147216901,23255681
202,New Braintree,2018,1916946,1966946,1966267,679,0.03,2799355,882409
203,New Marlborough,2018,4797459,5112755,5091709,21046,0.41,12181121,7383662
204,New Salem,2018,1919191,1991794,1988780,3014,0.15,2742388,823197
205,Newbury,2018,15439734,16049056,16036106,12950,0.08,36780061,21340327
206,Newburyport,2018,52014405,55181014,54794916,386098,0.7,103308665,51294260
207,Newton,2018,329940249,331900529,331872472,28057,0.01,702618113,372677864
208,Norfolk,2018,28658330,31012014,31009997,2017,0.01,41635335,12977005
209,North Adams,2018,16996148,16996148,16904531,91617,0.54,18136070,1139922
210,North Andover,2018,71355993,73198674,72805771,392903,0.54,118560419,47204426
211,North Attleborough,2018,50026771,50470221,50440247,29974,0.06,94528946,44502175
212,North Brookfield,2018,5665509,6548854,6546454,2400,0.04,9817718,4152209
213,North Reading,2018,42647910,49007070,49006144,926,0,74978801,32330891
214,Northampton,2018,56758366,57763022,57747167,15855,0.03,84722956,27964590
215,Northborough,2018,49116899,51487715,48585577,2902138,5.64,69847005,20730106
216,Northbridge,2018,20770441,21109561,21094395,15166,0.07,40754241,19983800
217,Northfield,2018,7872147,7872147,7708911,163236,2.07,10790748,2918601
218,Norton,2018,34510608,35594488,35571945,22543,0.06,58660859,24150251
219,Norwell,2018,41632142,43045429,43045162,267,0,65858572,24226430
220,Norwood,2018,71002135,72947027,72941710,5318,0.01,127396768,56394633
221,Oak Bluffs,2018,21494560,23813388,23789876,23512,0.1,75957459,54462899
222,Oakham,2018,2776589,2963417,2962927,490,0.02,4873236,2096647
223,Orange,2018,10767772,10972496,10967981,4515,0.04,12497699,1729927
224,Orleans,2018,23310953,27731039,26276656,1454383,5.24,99082415,75771462
225,Otis,2018,5021909,5148113,5050082,98031,1.9,15247831,10225922
226,Oxford,2018,22237627,22731572,22508910,222662,0.98,32583830,10346203
227,Palmer,2018,18468917,19057667,19056664,1003,0.01,23082199,4613282
228,Paxton,2018,9102893,10377896,10377330,566,0.01,12698642,3595749
229,Peabody,2018,114596472,114596472,104157619,10438853,9.11,184690460,70093988
230,Pelham,2018,3928492,4224796,3764203,460593,10.9,4509108,580616
231,Pembroke,2018,38138715,40073430,40050430,23000,0.06,67243839,29105124
232,Pepperell,2018,19062903,20503082,20497458,5624,0.03,31265190,12202287
233,Peru,2018,1956346,1966569,1662201,304368,15.48,2222194,265848
234,Petersham,2018,2588773,2713087,2429528,283559,10.45,3710336,1121563
235,Phillipston,2018,3202862,3340648,3190309,150339,4.5,4839668,1636806
236,Pittsfield,2018,86959318,86959318,85421617,1537701,1.77,86959318,0
237,Plainfield,2018,1746914,1843510,1675633,167877,9.11,2195536,448622
238,Plainville,2018,20840343,21865973,21855502,10471,0.05,34674647,13834304
239,Plymouth,2018,162811487,170788437,166379503,4408934,2.58,252702769,89891282
240,Plympton,2018,9404890,9651958,8946756,705202,7.31,12766490,3361600
241,Princeton,2018,8809942,9319687,8490076,829611,8.9,12283095,3473153
242,Provincetown,2018,19400233,20662836,20471898,190938,0.92,71153770,51753537
243,Quincy,2018,248073180,248073180,225931703,22141477,8.93,365553897,117480717
244,Randolph,2018,60184676,60256176,60218218,37958,0.06,85215376,25030700
245,Raynham,2018,32311873,35335529,34429563,905966,2.56,52635801,20323928
246,Reading,2018,64298364,67267860,67262268,5592,0.01,121858785,57560421
247,Rehoboth,2018,21427940,21864879,21817610,47269,0.22,45567272,24139332
248,Revere,2018,82685765,82685765,82651350,34415,0.04,142582081,59896316
249,Richmond,2018,4961053,5112003,4852387,259616,5.08,10324228,5363175
250,Rochester,2018,11543522,12849318,12842482,6836,0.05,22754220,11210698
251,Rockland,2018,32806457,36116200,36086644,29556,0.08,49515154,16708697
252,Rockport,2018,21332185,22000301,21780827,219474,1,53859611,32527426
253,Rowe,2018,3574066,3766078,3763392,2686,0.07,7090206,3516140
254,Rowley,2018,14134907,14657656,14644025,13631,0.09,25109782,10974875
255,Royalston,2018,1626301,1772366,1743571,28795,1.62,3018648,1392347
256,Russell,2018,3319384,3319384,3138213,181171,5.46,3404765,85381
257,Rutland,2018,13793222,15508539,15421578,86961,0.56,21265276,7472054
258,Salem,2018,95321556,95321556,89868125,5453431,5.72,126689577,31368021
259,Salisbury,2018,19427399,20557566,20440855,116711,0.57,43380423,23953024
260,Sandisfield,2018,3018886,3045484,2878644,166840,5.48,5415057,2396171
261,Sandwich,2018,58584945,59592101,58848643,743458,1.25,102954240,44369295
262,Saugus,2018,62519141,63472842,63465827,7015,0.01,112966072,50446931
263,Savoy,2018,1383657,1383657,1046099,337558,24.4,1688346,304689
264,Scituate,2018,55646272,62337379,61989867,347512,0.56,111092952,55446680
265,Seekonk,2018,38770631,40062509,40040531,21978,0.05,58768791,19998160
266,Sharon,2018,64067988,68353488,66277498,2075990,3.04,85541428,21473440
267,Sheffield,2018,10015988,10230563,8724297,1506266,14.72,14796976,4780988
268,Shelburne,2018,3938515,4009849,3723327,286522,7.15,5906293,1967778
269,Sherborn,2018,23214236,24937364,24096969,840395,3.37,31213691,7999455
270,Shirley,2018,10077928,10878408,10873196,5212,0.05,16554805,6476877
271,Shrewsbury,2018,68715634,73720021,73634372,85649,0.12,145407528,76691894
272,Shutesbury,2018,5023702,5046245,4901983,144262,2.86,5314379,290677
273,Somerset,2018,53534572,53534572,38678284,14856288,27.75,53800810,266238
274,Somerville,2018,145062349,145062349,143491095,1571254,1.08,344768923,199706574
275,South Hadley,2018,26151095,27213778,27205039,8739,0.03,38555894,12404799
276,Southampton,2018,10913245,11519311,11515304,4007,0.03,17217859,6304614
277,Southborough,2018,40989148,42147738,39401901,2745837,6.51,61031445,20042297
278,Southbridge,2018,20829980,21048531,20237501,811030,3.85,24382531,3552551
279,Southwick,2018,18404978,19713645,18748742,964903,4.89,26783917,8378939
280,Spencer,2018,13667826,14137299,14128789,8510,0.06,26320398,12652572
281,Springfield,2018,198331396,198331396,198322897,8499,0,198331396,0
282,Sterling,2018,18591961,19797232,18554456,1242776,6.28,26445918,7853957
283,Stockbridge,2018,8201797,9619027,8619281,999746,10.39,22078076,13876279
284,Stoneham,2018,46848986,49082528,49080874,1654,0,96067897,49218911
285,Stoughton,2018,63668616,64668616,64633020,35596,0.06,94562776,30894160
286,Stow,2018,25229447,27156892,26151939,1004953,3.7,31162940,5933493
287,Sturbridge,2018,23216055,24805754,23819921,985833,3.97,30632615,7416560
288,Sudbury,2018,81276640,83524281,83323444,200837,0.24,114016880,32740240
289,Sunderland,2018,4954148,5250918,5247510,3408,0.06,8745850,3791702
290,Sutton,2018,19148070,23018352,23005487,12865,0.06,34751490,15603420
291,Swampscott,2018,48386446,50181092,48031755,2149337,4.28,71176988,22790542
292,Swansea,2018,32161401,32498101,32485132,12969,0.04,53089554,20928153
293,Taunton,2018,96427124,97727693,97708630,19063,0.02,124153147,27726023
294,Templeton,2018,9062662,10418970,10413952,5018,0.05,15571100,6508438
295,Tewksbury,2018,74376362,82405566,82392297,13269,0.02,113617518,39241156
296,Tisbury,2018,23553556,24687710,24420077,267633,1.08,68473118,44919562
297,Tolland,2018,1404096,1603748,1593190,10558,0.66,4653007,3248911
298,Topsfield,2018,22285113,23670622,23649153,21469,0.09,34056960,11771847
299,Townsend,2018,16074515,17282847,17262525,20322,0.12,21301240,5226725
300,Truro,2018,15007937,15867998,15648890,219108,1.38,54156895,39148958
301,Tyngsborough,2018,26010114,27075325,26999012,76313,0.28,39449170,13439056
302,Tyringham,2018,1441623,1441623,1358068,83555,5.8,4878117,3436494
303,Upton,2018,18653622,19785345,19782231,3114,0.02,28703179,10049557
304,Uxbridge,2018,26317114,28719208,28611480,107728,0.38,41659115,15342001
305,Wakefield,2018,68260862,70669534,70040599,628935,0.89,119670149,51409287
306,Wales,2018,3175954,3175954,2852319,323635,10.19,3997084,821130
307,Walpole,2018,68200516,69418472,69379922,38550,0.06,108790084,40589568
308,Waltham,2018,209933737,209933737,179334620,30599117,14.58,280452667,70518930
309,Ware,2018,14537902,14754821,14750724,4097,0.03,17806282,3268380
310,Wareham,2018,38990064,38990064,38984182,5882,0.02,86401113,47411049
311,Warren,2018,7717299,7833264,6608298,1224967,15.64,9538536,1821237
312,Warwick,2018,1694498,1738098,1615169,122929,7.07,1865954,171456
313,Washington,2018,1171706,1214920,1204504,10416,0.86,2030519,858813
314,Watertown,2018,101193510,101265990,101262066,3924,0,179846073,78652563
315,Wayland,2018,68894520,73038547,65042037,7996510,10.95,90185853,21291333
316,Webster,2018,21524002,23716717,23714503,2214,0.01,38130002,16606000
317,Wellesley,2018,123786901,135989982,135961598,28384,0.02,284438490,160651589
318,Wellfleet,2018,15274813,17377649,16908412,469237,2.7,58873300,43598487
319,Wendell,2018,2332852,2410605,1955863,454742,18.86,2332852,0
320,Wenham,2018,14161731,14887309,14886491,818,0.01,19806402,5644671
321,West Boylston,2018,16621968,17255468,17011993,243475,1.41,22719007,6097039
322,West Bridgewater,2018,23282211,25605845,24076362,1529483,5.97,29065647,5783436
323,West Brookfield,2018,5688495,5831918,5830737,1181,0.02,9070841,3382346
324,West Newbury,2018,13212301,13908718,13023887,884831,6.36,22362444,9150143
325,West Springfield,2018,70020189,70020189,61426661,8593528,12.27,70020189,0
326,West Stockbridge,2018,5716812,5823488,4590289,1233199,21.18,9460613,3743801
327,West Tisbury,2018,14784144,15921694,15852907,68787,0.43,65399781,50615637
328,Westborough,2018,81268153,82660441,69959013,12701428,15.37,94744059,13475906
329,Westfield,2018,74937129,74937129,71485049,3452080,4.61,80085058,5147929
330,Westford,2018,73355974,76097343,75011644,1085699,1.43,115899145,42543171
331,Westhampton,2018,4210753,4524824,4475006,49818,1.1,5757857,1547104
332,Westminster,2018,18400963,19371787,17543852,1827935,9.44,23644005,5243042
333,Weston,2018,74821418,82916189,75261597,7654592,9.23,150402873,75581455
334,Westport,2018,25669860,26230401,26209221,21180,0.08,80199575,54529715
335,Westwood,2018,73553156,75076846,74005711,1071135,1.43,107335544,33782388
336,Weymouth,2018,102157306,102157306,102142423,14883,0.01,188277034,86119728
337,Whately,2018,4829464,4915700,4062478,853222,17.36,6620727,1791263
338,Whitman,2018,24281008,24759611,24428971,330640,1.34,38146426,13865418
339,Wilbraham,2018,35912060,37902392,37252592,649800,1.71,41135813,5223753
340,Williamsburg,2018,5750062,6209002,6193586,15416,0.25,7672926,1922864
341,Williamstown,2018,16931168,18383853,17375050,1008803,5.49,24212724,7281556
342,Wilmington,2018,76668444,79766347,79736908,29439,0.04,107469173,30800729
343,Winchendon,2018,11441972,11748137,11742650,5487,0.05,16920245,5478273
344,Winchester,2018,75734260,88782731,88711581,71150,0.08,182398636,106664376
345,Windsor,2018,1714037,1715468,1527580,187888,10.95,2837258,1123221
346,Winthrop,2018,28144519,32237324,32234813,2511,0.01,56911747,28767228
347,Woburn,2018,120318593,122101919,105020018,17081901,13.99,184183670,63865077
348,Worcester,2018,307195432,307195432,293545316,13650116,4.44,319116225,11920793
349,Worthington,2018,2748521,2848635,2713451,135184,4.75,4288008,1539487
350,Wrentham,2018,31144397,31912857,31912611,246,0,53031881,21887484
351,Yarmouth,2018,56580241,58537885,58499650,38235,0.07,142127431,85547190
001,Abington,2019,32404381,36442806,36436283,6523,0.02,52381085,19976704
002,Acton,2019,84340154,86861856,86225586,636270,0.73,111287539,26947385
003,Acushnet,2019,17237500,17690998,17681012,9986,0.06,30364804,13127304
004,Adams,2019,11356251,12007247,11356451,650796,5.42,12854673,1498422
005,Agawam,2019,73038831,73038831,62398736,10640095,14.57,76712052,3673221
006,Alford,2019,1641470,1698470,1392395,306075,18.02,6865851,5224381
007,Amesbury,2019,45766634,46276416,41985922,4290494,9.27,57139252,11372618
008,Amherst,2019,52787635,52787635,52765104,22531,0.04,60510440,7722805
009,Andover,2019,142600951,146503847,145370283,1133564,0.77,208033436,65432485
010,Arlington,2019,113696347,124062061,124010977,51084,0.04,275335205,161638858
011,Ashburnham,2019,12516653,14367206,14363690,3516,0.02,15924268,3407615
012,Ashby,2019,5985962,7210506,7210330,176,0,8219710,2233748
013,Ashfield,2019,4063967,4201029,4196407,4622,0.11,6113646,2049679
014,Ashland,2019,44426174,46151019,46128325,22694,0.05,70835880,26409706
015,Athol,2019,12593058,13725797,13547395,178402,1.3,19408876,6815818
016,Attleboro,2019,73464173,73613553,73582070,31483,0.04,121111741,47647568
017,Auburn,2019,44823850,47867587,42531347,5336240,11.15,53879355,9055505
018,Avon,2019,20137740,21634646,20462445,1172201,5.42,20414414,276674
019,Ayer,2019,24119751,25570754,23036173,2534581,9.91,30793777,6674026
020,Barnstable,2019,121259225,123150262,122755924,394338,0.32,356395403,235136178
021,Barre,2019,8087275,8403341,8384059,19282,0.23,11567411,3480136
022,Becket,2019,5970071,6073938,5577792,496146,8.17,12596641,6626570
023,Bedford,2019,69820484,72596036,64262462,8333574,11.48,98918899,29098415
024,Belchertown,2019,27507359,27693234,27678028,15206,0.05,37770235,10262876
025,Bellingham,2019,39837833,40577833,40560371,17462,0.04,63508455,23670622
026,Belmont,2019,89250197,92741736,92737732,4004,0,198666950,109416753
027,Berkley,2019,9457290,13166649,13160228,6421,0.05,22473067,13015777
028,Berlin,2019,11569324,12398920,11358710,1040211,8.39,16004243,4434919
029,Bernardston,2019,4355366,4355366,4312494,42872,0.98,5489427,1134061
030,Beverly,2019,103596037,103596037,103575222,20815,0.02,174530948,70934911
031,Billerica,2019,134931118,141586650,125027326,16559324,11.7,174152488,39221370
032,Blackstone,2019,18738701,18738701,18646316,92385,0.49,24651396,5912695
033,Blandford,2019,2962546,3047217,2961973,85244,2.8,4302692,1340146
034,Bolton,2019,20694442,22029155,21634041,395114,1.79,26421643,5727201
035,Boston,2019,2350783055,2350783055,2349909104,873951,0.04,4112853018,1762069963
036,Bourne,2019,46738964,50082025,50038981,43044,0.09,119027071,72288107
037,Boxborough,2019,21219522,21677708,19176486,2501222,11.54,29196842,7977320
038,Boxford,2019,29975880,31207512,29687019,1520493,4.87,45588174,15612294
039,Boylston,2019,13005293,14509775,12600485,1909290,13.16,19639160,6633867
040,Braintree,2019,92686291,92686291,91061619,1624672,1.75,180183143,87496852
041,Brewster,2019,31769031,33861473,33843958,17515,0.05,98612932,66843901
042,Bridgewater,2019,42480624,45141630,45124432,17198,0.04,76069508,33588884
043,Brimfield,2019,7485472,7554683,7456187,98496,1.3,10483952,2998480
044,Brockton,2019,143674763,143674763,143612504,62259,0.04,196087387,52412624
045,Brookfield,2019,5449013,5552276,5286463,265813,4.79,6974226,1525213
046,Brookline,2019,224812701,228220790,224490477,3730313,1.63,628010210,403197509
047,Buckland,2019,3900190,4055072,3966616,88456,2.18,5322888,1422698
048,Burlington,2019,123645873,123645873,112128115,11517758,9.32,165319752,41673879
049,Cambridge,2019,599170668,599170668,409809861,189360807,31.6,1224428502,625257834
050,Canton,2019,76233465,77555884,77438400,117484,0.15,124726827,48493362
051,Carlisle,2019,26812579,29523373,27584898,1938475,6.57,37704890,10892311
052,Carver,2019,24824537,25917337,25903696,13641,0.05,34408267,9583730
053,Charlemont,2019,3086335,3166139,2757035,409104,12.92,3493456,407121
054,Charlton,2019,21786248,23422781,23417084,5697,0.02,39636229,17849981
055,Chatham,2019,30220430,36201437,34323400,1878037,5.19,176924743,146704313
056,Chelmsford,2019,97520293,101790999,101760457,30542,0.03,146436252,48915959
057,Chelsea,2019,57906281,57906281,57889033,17248,0.03,86918628,29012347
058,Cheshire,2019,3726319,4204245,4140881,63364,1.51,7902444,4176125
059,Chester,2019,2763212,2905581,2442493,463088,15.94,2907729,144517
060,Chesterfield,2019,3165362,3211275,3036053,175222,5.46,3796965,631603
061,Chicopee,2019,91689322,91689322,87362085,4327237,4.72,99149314,7459992
062,Chilmark,2019,8804100,9468099,9435672,32427,0.34,81906876,73102776
063,Clarksburg,2019,1924899,1946059,1923561,22498,1.16,3009326,1084427
064,Clinton,2019,27143889,27812114,26177723,1634391,5.88,35743616,8599727
065,Cohasset,2019,37380305,38770530,38742774,27756,0.07,75082896,37702591
066,Colrain,2019,3594737,3688757,3535371,153386,4.16,4296757,702020
067,Concord,2019,88864251,95307264,91291587,4015677,4.21,161175838,72311587
068,Conway,2019,5043351,5075837,4916080,159757,3.15,6589919,1546568
069,Cummington,2019,1933059,2010634,1857629,153005,7.61,3216117,1283058
070,Dalton,2019,12481313,12756414,11924176,832238,6.52,15303100,2821787
071,Danvers,2019,78198964,78198964,78154410,44554,0.06,129101693,50902729
072,Dartmouth,2019,61996342,63430367,63383306,47061,0.07,145067538,83071196
073,Dedham,2019,93000263,95720618,86602476,9118142,9.53,127188241,34187978
074,Deerfield,2019,10913346,11389540,11386517,3023,0.03,17892076,6978730
075,Dennis,2019,42279714,44332606,43708280,624326,1.41,177100001,134820287
076,Dighton,2019,17533123,18248264,17654793,593471,3.25,26466159,8933036
077,Douglas,2019,15368085,17860992,17851265,9727,0.05,25501807,10133722
078,Dover,2019,33319777,34750851,34396594,354257,1.02,66505402,33185625
079,Dracut,2019,47461299,50394541,50121349,273192,0.54,91129725,43668426
080,Dudley,2019,11820540,13807638,13801195,6443,0.05,25557768,13737228
081,Dunstable,2019,8773072,9334209,9323100,11109,0.12,13662222,4889150
082,Duxbury,2019,55206582,62745201,62596769,148432,0.24,106602127,51395545
083,East Bridgewater,2019,27320944,30330391,30324429,5962,0.02,43172593,15851649
084,East Brookfield,2019,3706310,4095735,3977327,118408,2.89,6037231,2330921
085,East Longmeadow,2019,42778627,43470933,40996992,2473941,5.69,49874686,7096059
086,Eastham,2019,21114663,24719440,24309988,409452,1.66,73666629,52551966
087,Easthampton,2019,23306382,24747682,24744516,3166,0.01,40013771,16707389
088,Easton,2019,54672072,56576910,56575356,1554,0,88620545,33948473
089,Edgartown,2019,27655464,34981155,34388082,593073,1.7,222145231,194489767
090,Egremont,2019,4349391,4349391,3928119,421272,9.69,10261544,5912153
091,Erving,2019,10620755,10620755,10617841,2914,0.03,23477253,12856498
092,Essex,2019,12240486,13325940,13308720,17220,0.13,21647234,9406748
093,Everett,2019,136743488,136743488,132567524,4175964,3.05,164013039,27269551
094,Fairhaven,2019,27566372,28693914,28658494,35420,0.12,53421027,25854655
095,Fall River,2019,102122896,102122896,102066135,56761,0.06,139947903,37825007
096,Falmouth,2019,93670897,104340044,103152301,1187743,1.14,301262560,207591663
097,Fitchburg,2019,53682908,53682908,53673594,9314,0.02,64389824,10706916
098,Florida,2019,2668353,2704053,2667201,36852,1.36,4460408,1792055
099,Foxborough,2019,47576229,49980329,49950809,29520,0.06,80192124,32615895
100,Framingham,2019,209234446,209561002,191224338,18336664,8.75,244695406,35460960
101,Franklin,2019,73437716,77342451,77313626,28825,0.04,131844518,58406802
102,Freetown,2019,20288107,20547941,20536071,11870,0.06,34827782,14539675
103,Gardner,2019,27018062,27018062,26935192,82870,0.31,33434945,6416883
104,Aquinnah,2019,4504499,4625628,4564318,61310,1.33,18645091,14140592
105,Georgetown,2019,18646207,20823156,20817493,5663,0.03,32980819,14334612
106,Gill,2019,2864737,2919806,2732407,187399,6.42,3957716,1092979
107,Gloucester,2019,79051706,84206254,84202727,3527,0,165351430,86299724
108,Goshen,2019,2361373,2389869,2378435,11434,0.48,4047711,1686338
109,Gosnold,2019,720581,720581,574675,145906,20.25,5723852,5003271
110,Grafton,2019,37515491,42263532,42186231,77301,0.18,63304668,25789177
111,Granby,2019,12113372,12920701,12917408,3293,0.03,16680538,4567166
112,Granville,2019,3261763,3469155,2999762,469394,13.53,4933818,1672055
113,Great Barrington,2019,22803152,24230886,23500999,729887,3.01,37374362,14571210
114,Greenfield,2019,34278055,35433608,33023197,2410411,6.8,36922180,2644125
115,Groton,2019,30650535,32425872,32348930,76942,0.24,44656171,14005636
116,Groveland,2019,13917495,14567620,14543327,24293,0.17,25336806,11419311
117,Hadley,2019,11032660,12137245,12133702,3543,0.03,24542277,13509617
118,Halifax,2019,16171864,17173197,16461554,711643,4.14,23556889,7385025
119,Hamilton,2019,28024238,29470625,27516935,1953690,6.63,41742923,13718685
120,Hampden,2019,12082323,13499597,12294517,1205080,8.93,15610102,3527779
121,Hancock,2019,2348777,2348777,1009205,1339572,57.03,7576616,5227839
122,Hanover,2019,41275798,45529907,45476555,53352,0.12,68678364,27402566
123,Hanson,2019,20151661,20952039,20703084,248955,1.19,33327567,13175906
124,Hardwick,2019,3945989,3984276,3893205,91071,2.29,6067963,2121974
125,Harvard,2019,20287886,21349852,21343838,6014,0.03,30631225,10343339
126,Harwich,2019,44144163,49667977,49275896,392081,0.79,142087360,97943197
127,Hatfield,2019,7317964,7464559,7459988,4571,0.06,13426903,6108939
128,Haverhill,2019,105856629,107136960,103470107,3666853,3.42,166548517,60691888
129,Hawley,2019,916486,921647,824729,96918,10.52,1251106,334620
130,Heath,2019,2253128,2280670,1946703,333967,14.64,2253128,0
131,Hingham,2019,79426526,84389990,83822478,567512,0.67,177439624,98013098
132,Hinsdale,2019,4765580,4765580,4084177,681403,14.3,7741047,2975467
133,Holbrook,2019,24558695,29214760,28022442,1192318,4.08,32331527,7772832
134,Holden,2019,38179514,42517536,41203265,1314271,3.09,59030466,20850952
135,Holland,2019,5575254,5532301,5496135,36166,0.65,8227747,2652493
136,Holliston,2019,45930896,48761272,47863098,898174,1.84,63546333,17615437
137,Holyoke,2019,53918766,53918766,53903617,15149,0.03,53918766,0
138,Hopedale,2019,14339924,14339924,14334885,5039,0.04,19002023,4662099
139,Hopkinton,2019,64394378,70317560,68365275,1952285,2.78,99541752,35147374
140,Hubbardston,2019,7032910,7132910,7129136,3774,0.05,11710145,4677235
141,Hudson,2019,49897596,54002419,53485250,517169,0.96,68613088,18715492
142,Hull,2019,28951146,29343596,29321833,21763,0.07,56172093,27220947
143,Huntington,2019,3556682,3736439,3702026,34413,0.92,4646117,1089435
144,Ipswich,2019,39429985,41755393,41595267,160126,0.38,73802816,34372831
145,Kingston,2019,33554184,35405669,34551288,854381,2.41,52477655,18923471
146,Lakeville,2019,22656022,23278937,23270424,8513,0.04,43741399,21085377
147,Lancaster,2019,17729094,19056792,18752512,304280,1.6,23737357,6008263
148,Lanesborough,2019,8618973,9236231,8904875,331356,3.59,9837467,1218494
149,Lawrence,2019,74107308,74107308,70120085,3987223,5.38,105500804,31393496
150,Lee,2019,15986619,16574255,13868046,2706209,16.33,23457452,7470833
151,Leicester,2019,14615965,15526242,15521763,4479,0.03,25732365,11116400
152,Lenox,2019,17783155,17783155,15613955,2169200,12.2,31215412,13432257
153,Leominster,2019,77287086,77287086,72055828,5231258,6.77,97162659,19875573
154,Leverett,2019,5377732,5866253,5399665,466588,7.95,6462022,1084290
155,Lexington,2019,176907122,186267122,186201054,66068,0.04,298060000,121152878
156,Leyden,2019,1878027,1878027,1512758,365269,19.45,2171007,292980
157,Lincoln,2019,28418354,30012588,30005729,6859,0.02,52890154,24471800
158,Littleton,2019,38069647,39413902,39385788,28114,0.07,48138205,10068558
159,Longmeadow,2019,48289342,52669027,52566536,102491,0.19,54552238,6262896
160,Lowell,2019,152560490,152560490,133785808,18774682,12.31,204695360,52134870
161,Ludlow,2019,41088672,41970717,41195060,775657,1.85,51961479,10872807
162,Lunenburg,2019,24137396,26994911,26941205,53706,0.2,36056217,11918821
163,Lynn,2019,131247559,131247559,131221639,25920,0.02,207964425,76716866
164,Lynnfield,2019,42596102,45164584,45163050,1534,0,77986427,35390325
165,Malden,2019,90263355,90263355,90248085,15270,0.02,192336403,102073048
166,Manchester By The Sea,2019,24583099,27485052,27440129,44923,0.16,61086664,36503565
167,Mansfield,2019,62753738,63412343,63410918,1425,0,96582530,33828792
168,Marblehead,2019,61400179,67841293,67829212,12081,0.02,157889226,96489047
169,Marion,2019,18306189,19140169,19043579,96590,0.5,43163144,24856955
170,Marlborough,2019,138028167,138028167,104012867,34015300,24.64,149027078,10998911
171,Marshfield,2019,62903647,66943654,66907360,36294,0.05,125013752,62110105
172,Mashpee,2019,48001741,49201536,48043923,1157613,2.35,134652250,86650509
173,Mattapoisett,2019,22005954,23287404,23270036,17368,0.07,44038675,22032721
174,Maynard,2019,29049744,31360695,31359563,1132,0,35864451,6814707
175,Medfield,2019,42835123,48446451,47928863,517588,1.07,67052130,24217007
176,Medford,2019,113940518,113940518,113770130,170388,0.15,270047293,156106775
177,Medway,2019,39782447,41537903,39481964,2055939,4.95,58164355,18381908
178,Melrose,2019,57521943,59397799,59375238,22561,0.04,132583791,75061848
179,Mendon,2019,15201586,16250947,16194407,56540,0.35,24185196,8983610
180,Merrimac,2019,12817276,13106001,13062328,43673,0.33,20655168,7837892
181,Methuen,2019,90014577,90014577,89846256,168321,0.19,139280668,49266091
182,Middleborough,2019,42271292,42804501,42782688,21813,0.05,68329135,26057843
183,Middlefield,2019,1423245,1464415,1211425,252990,17.28,1680668,257423
184,Middleton,2019,28006842,29710800,28714222,996578,3.35,52436491,24429649
185,Milford,2019,70897896,70897896,67169907,3727989,5.26,85930178,15032282
186,Millbury,2019,25332451,26434369,26424859,9510,0.04,41679589,16347138
187,Millis,2019,20829764,22450898,22440653,10245,0.05,30000873,9171109
188,Millville,2019,4850197,5043619,5040656,2963,0.06,7798044,2947847
189,Milton,2019,79587098,82351965,82348069,3896,0,152949470,73362372
190,Monroe,2019,639015,710638,546839,163799,23.05,650306,11291
191,Monson,2019,13611944,14196559,14108833,87726,0.62,19232324,5620380
192,Montague,2019,17194323,17936501,17933112,3389,0.02,22256185,5061862
193,Monterey,2019,3999223,4265405,3886675,378730,8.88,13130660,9131437
194,Montgomery,2019,1708335,1708335,1461964,246371,14.42,2764683,1056348
195,Mount Washington,2019,602916,602916,402591,200325,33.23,2202357,1599441
196,Nahant,2019,8552061,9803694,9797711,5983,0.06,22451216,13899155
197,Nantucket,2019,74761587,82666738,80158835,2507903,3.03,596784828,522023241
198,Natick,2019,107285191,111530486,111381876,148610,0.13,219083154,111797963
199,Needham,2019,134365725,143422754,141893986,1528768,1.07,254220430,119854705
200,New Ashford,2019,564635,564635,557155,7480,1.32,984373,419738
201,New Bedford,2019,129211894,129211894,125286159,3925735,3.04,156410187,27198293
202,New Braintree,2019,1986818,2038268,1998090,40178,1.97,2938367,951549
203,New Marlborough,2019,4972733,5189451,5102912,86539,1.67,12337795,7365062
204,New Salem,2019,1995078,2072793,2035187,37606,1.81,2895827,900749
205,Newbury,2019,16361470,16922725,16914568,8157,0.05,39117873,22756403
206,Newburyport,2019,54300695,57479431,57152900,326531,0.57,109237194,54936499
207,Newton,2019,343951137,346951632,346936565,15067,0,760621190,416670053
208,Norfolk,2019,30047297,32824489,32809539,14950,0.05,44846280,14798983
209,North Adams,2019,17777170,17777170,17652040,125130,0.7,18133108,355938
210,North Andover,2019,74267520,74858153,73619628,1238525,1.65,130455811,56188291
211,North Attleborough,2019,58295294,58723869,58702980,20889,0.04,99224857,40929563
212,North Brookfield,2019,5879516,6767576,6721770,45806,0.68,9896599,4017083
213,North Reading,2019,44467836,50771348,50754796,16552,0.03,81442226,36974390
214,Northampton,2019,59108954,59892686,59864406,28280,0.05,86160631,27051677
215,Northborough,2019,50983446,53236796,50434582,2802214,5.26,73519799,22536353
216,Northbridge,2019,21564417,22193374,22189641,3733,0.02,42771089,21206672
217,Northfield,2019,8690698,8690698,8075235,615463,7.08,11602349,2911651
218,Norton,2019,36577459,37636863,37635536,1327,0,63146873,26569414
219,Norwell,2019,43199612,44537383,44519863,17520,0.04,67865644,24666032
220,Norwood,2019,73656770,75550066,75285576,264490,0.35,132780743,59123973
221,Oak Bluffs,2019,22592311,24751126,24721196,29930,0.12,80367997,57775686
222,Oakham,2019,2893048,3087247,3086291,956,0.03,5317525,2424477
223,Orange,2019,11152441,11349253,11347120,2133,0.02,12596714,1444273
224,Orleans,2019,24881343,31814608,30308367,1506241,4.73,102393132,77511789
225,Otis,2019,5180195,5171774,5084141,87633,1.69,15350668,10170473
226,Oxford,2019,23278922,23781292,23421794,359498,1.51,34383138,11104216
227,Palmer,2019,19116646,19688971,19673783,15188,0.08,23760608,4643962
228,Paxton,2019,9884908,11030580,11026624,3956,0.04,13964823,4079915
229,Peabody,2019,118533936,118533936,108110342,10423594,8.79,199296428,80762492
230,Pelham,2019,4037770,4327754,3875986,451768,10.44,4488173,450403
231,Pembroke,2019,39529263,41353207,41336268,16939,0.04,70781280,31252017
232,Pepperell,2019,19793092,21949833,21948789,1044,0,33075330,13282238
233,Peru,2019,2037506,2037506,1673406,364100,17.87,2263807,226301
234,Petersham,2019,2673214,2814748,2583545,231203,8.21,3815040,1141826
235,Phillipston,2019,3328454,3450758,3418281,32477,0.94,5132555,1804101
236,Pittsfield,2019,89534132,89534132,86381077,3153055,3.52,89534132,0
237,Plainfield,2019,1800147,1896976,1720190,176786,9.32,2214456,414309
238,Plainville,2019,21817477,22853216,22842348,10868,0.05,36400574,14583097
239,Plymouth,2019,170642498,178628158,174757495,3870663,2.17,264143734,93501236
240,Plympton,2019,9718362,9988238,9320715,667523,6.68,13179744,3461382
241,Princeton,2019,9157587,9662939,8674647,988292,10.23,13537214,4379627
242,Provincetown,2019,20380555,21503905,21478531,25374,0.12,79590853,59210298
243,Quincy,2019,260842479,260842479,229392431,31450048,12.06,398527175,137684696
244,Randolph,2019,62443799,62394626,62390392,4234,0.01,93562029,31118230
245,Raynham,2019,33717292,36944284,35699911,1244373,3.37,57422659,23705367
246,Reading,2019,70895487,73827465,73730299,97166,0.13,129822467,58926980
247,Rehoboth,2019,24421910,24761189,24704882,56307,0.23,47110759,22688849
248,Revere,2019,86416689,86416689,86350244,66445,0.08,159565023,73148334
249,Richmond,2019,5131596,5277996,5020762,257234,4.87,10407881,5276285
250,Rochester,2019,12010430,13298979,13291443,7536,0.06,23734720,11724290
251,Rockland,2019,34043239,37960388,37958988,1400,0,52956178,18912939
252,Rockport,2019,22030340,22676132,22183462,492670,2.17,56246101,34215761
253,Rowe,2019,4248259,4445071,3961054,484017,10.89,12841829,8593570
254,Rowley,2019,14613302,15625994,15622353,3641,0.02,26604824,11991522
255,Royalston,2019,1685125,1825169,1823461,1708,0.09,3506657,1821532
256,Russell,2019,3427807,3427807,3348606,79201,2.31,3615276,187469
257,Rutland,2019,14633853,16327248,16320312,6936,0.04,22806473,8172620
258,Salem,2019,99208798,99208798,95083826,4124972,4.16,136761707,37552909
259,Salisbury,2019,20232635,21781344,21647874,133470,0.61,45632112,25399477
260,Sandisfield,2019,3125227,3125227,2963834,161393,5.16,6159255,3034028
261,Sandwich,2019,60644643,61950629,61814223,136406,0.22,107915892,47271249
262,Saugus,2019,64944694,69508093,69462880,45213,0.07,117887725,52943031
263,Savoy,2019,1434665,1434665,1007324,427341,29.79,1660060,225395
264,Scituate,2019,57874204,64202037,63900669,301368,0.47,116267594,58393390
265,Seekonk,2019,40656429,41913694,41835124,78570,0.19,62261428,21604999
266,Sharon,2019,66157427,69583588,67566101,2017487,2.9,87024860,20867433
267,Sheffield,2019,10393389,10536072,9266771,1269301,12.05,14946405,4553016
268,Shelburne,2019,4160116,4234751,3786868,447883,10.58,6578993,2418877
269,Sherborn,2019,24052971,25840386,24981177,859209,3.33,31831265,7778294
270,Shirley,2019,10453055,11192488,11187586,4902,0.04,17393634,6940579
271,Shrewsbury,2019,72040793,76669960,76610941,59019,0.08,152368618,80327825
272,Shutesbury,2019,5228300,5256070,5090495,165575,3.15,5471297,242997
273,Somerset,2019,54438515,54438515,41101568,13336947,24.5,54438515,0
274,Somerville,2019,155996513,155996513,155031240,965273,0.62,391412800,235416287
275,South Hadley,2019,27040090,28304539,28290100,14439,0.05,39845211,12805121
276,Southampton,2019,11821433,12272659,12268705,3954,0.03,18805495,6984062
277,Southborough,2019,42637552,43958885,42143793,1815092,4.13,62938758,20301206
278,Southbridge,2019,21603094,21823043,21124553,698490,3.2,25913337,4310243
279,Southwick,2019,19183577,20485179,19006137,1479042,7.22,27198250,8014673
280,Spencer,2019,14244789,15212441,15211070,1371,0.01,27436994,13192205
281,Springfield,2019,205316171,205316171,205285710,30461,0.01,205316171,0
282,Sterling,2019,19254900,20350139,19311046,1039093,5.11,27954612,8699712
283,Stockbridge,2019,8500747,9967975,9024013,943962,9.47,22270515,13769768
284,Stoneham,2019,48775845,50908007,50905964,2043,0,104422369,55646524
285,Stoughton,2019,66125345,70743370,70733230,10140,0.01,100538525,34413180
286,Stow,2019,26431265,28650008,26439763,2210245,7.71,32836268,6405003
287,Sturbridge,2019,24101513,25634022,24749858,884164,3.45,32310520,8209007
288,Sudbury,2019,84710256,86600617,86384635,215982,0.25,118209090,33498834
289,Sunderland,2019,5317673,5610134,5581240,28894,0.52,9101826,3784153
290,Sutton,2019,19985519,24161029,24160438,591,0,36562406,16576887
291,Swampscott,2019,50034671,51800782,48420103,3380679,6.53,75400181,25365510
292,Swansea,2019,33646940,33978434,33810011,168423,0.5,54657100,21010160
293,Taunton,2019,101092103,102315979,102294445,21534,0.02,130348312,29256209
294,Templeton,2019,9863059,11351618,11348621,2997,0.03,16456817,6593758
295,Tewksbury,2019,78416959,87476325,87419780,56545,0.06,122588532,44171573
296,Tisbury,2019,24554479,25810325,25800845,9480,0.04,74919773,50365294
297,Tolland,2019,1456031,1649584,1627447,22137,1.34,4803563,3347532
298,Topsfield,2019,22917282,24143461,23946009,197452,0.82,35214719,12297437
299,Townsend,2019,16660837,18216715,18201924,14791,0.08,23541029,6880192
300,Truro,2019,15496934,16474476,16296614,177862,1.08,56570351,41073417
301,Tyngsborough,2019,27040694,27807599,27686619,120980,0.44,40883963,13843269
302,Tyringham,2019,1489774,1489774,1355482,134292,9.01,5050230,3560456
303,Upton,2019,19498443,20583466,20335626,247840,1.2,29369767,9871324
304,Uxbridge,2019,27508002,30310702,30106323,204379,0.67,43380869,15872867
305,Wakefield,2019,71370427,73778770,73184707,594063,0.81,127298669,55928242
306,Wales,2019,3282099,3282099,3127959,154140,4.7,4275505,993406
307,Walpole,2019,71197868,72383125,72347467,35658,0.05,114820685,43622817
308,Waltham,2019,219284328,219284328,184954321,34330007,15.66,305916986,86632658
309,Ware,2019,15006396,15178135,15175923,2212,0.01,18772789,3766393
310,Wareham,2019,40402319,40402319,40367111,35208,0.09,92246598,51844279
311,Warren,2019,8001578,8111636,6973598,1138038,14.03,9605507,1603929
312,Warwick,2019,1745377,1788977,1600054,188923,10.56,1883303,137926
313,Washington,2019,1221475,1255623,1216917,38706,3.08,2051445,829970
314,Watertown,2019,109523765,109523765,109457122,66643,0.06,199973041,90449276
315,Wayland,2019,71052943,74891150,68936097,5955053,7.95,94278033,23225090
316,Webster,2019,22355582,24691278,24686492,4786,0.02,40258467,17902885
317,Wellesley,2019,128981693,141089203,141050299,38904,0.03,304775927,175794234
318,Wellfleet,2019,15788086,17726122,17715320,10802,0.06,59826462,44038376
319,Wendell,2019,2373737,2483625,2146808,336817,13.56,2373737,0
320,Wenham,2019,15134589,15877035,15874411,2624,0.02,22023323,6888734
321,West Boylston,2019,17321101,17939662,17935094,4568,0.03,23786597,6465496
322,West Bridgewater,2019,24308721,27035525,25078218,1957307,7.24,31290363,6981642
323,West Brookfield,2019,5907603,5947117,5906798,40319,0.68,9423736,3516133
324,West Newbury,2019,13653481,14278029,13789329,488700,3.42,23660482,10007001
325,West Springfield,2019,70938030,70938030,62066301,8871729,12.51,70938030,0
326,West Stockbridge,2019,5926880,6050852,4646137,1404715,23.22,9575715,3648835
327,West Tisbury,2019,15687937,16814853,16742220,72633,0.43,67727426,52039489
328,Westborough,2019,84338470,85587458,75137883,10449575,12.21,102479382,18140912
329,Westfield,2019,78163668,78163668,74578971,3584697,4.59,81584315,3420647
330,Westford,2019,75930116,78817525,78279346,538179,0.68,118175342,42245226
331,Westhampton,2019,4373441,4688277,4687238,1039,0.02,5775305,1401864
332,Westminster,2019,19185353,20182791,17813714,2369077,11.74,24402348,5216995
333,Weston,2019,78090817,86007282,76876659,9130623,10.62,152654208,74563391
334,Westport,2019,26800675,28360187,28304190,55997,0.2,85562848,58762173
335,Westwood,2019,76623854,78053359,76955697,1097662,1.41,114427069,37803215
336,Weymouth,2019,106743622,106743622,106718655,24967,0.02,203070184,96326562
337,Whately,2019,5031168,5115595,4191348,924247,18.07,6751528,1720360
338,Whitman,2019,25238380,25704438,25343365,361073,1.4,41195326,15956946
339,Wilbraham,2019,37335012,39139628,38040976,1098652,2.81,43624973,6289961
340,Williamsburg,2019,5946442,6482510,6292110,190400,2.94,7944583,1998141
341,Williamstown,2019,17541121,19115296,17530519,1584777,8.29,24280497,6739376
342,Wilmington,2019,80382294,83386447,83374775,11672,0.01,117909392,37527098
343,Winchendon,2019,11873546,12207424,12204033,3391,0.03,18258577,6385031
344,Winchester,2019,78484100,92351404,92316450,34954,0.04,191045485,112561385
345,Windsor,2019,1781674,1781674,1628878,152796,8.58,3059501,1277827
346,Winthrop,2019,29138110,33237785,33217990,19795,0.06,63008327,33870217
347,Woburn,2019,126832137,128542850,107594512,20948338,16.3,198452638,71620501
348,Worcester,2019,321080317,321080317,303062642,18017675,5.61,338145373,17065056
349,Worthington,2019,2845446,2944188,2811574,132614,4.5,4312231,1466785
350,Wrentham,2019,32444086,33154435,33144236,10199,0.03,55533083,23088997
351,Yarmouth,2019,59032330,60711981,60707215,4766,0.01,150265383,91233053
001,Abington,2020,33620233,37571458,37567952,3507,0.01,55246988,21626755
002,Acton,2020,87238384,89744614,89564159,180455,0.2,116377545,29139161
003,Acushnet,2020,18027438,18474936,18472648,2288,0.01,32234112,14206674
004,Adams,2020,11708307,12360287,11681365,678922,5.49,12919081,1210774
005,Agawam,2020,76081914,76081914,64531212,11550702,15.18,79112355,3030441
006,Alford,2020,1689068,1805970,1513397,292573,16.2,6879077,5190009
007,Amesbury,2020,47359518,47901718,43113242,4788476,10,62737546,15378028
008,Amherst,2020,54963386,54963386,54939382,24004,0.04,64422353,9458967
009,Andover,2020,150531622,154314611,151611876,2702735,1.75,219975234,69443612
010,Arlington,2020,122855373,133376594,133350155,26439,0.02,301424402,178569029
011,Ashburnham,2020,12955141,14754687,14724927,29760,0.2,18314586,5359445
012,Ashby,2020,6209856,6567618,6565103,2515,0.04,8716281,2506425
013,Ashfield,2020,4215661,4349931,4346580,3351,0.08,6522479,2306818
014,Ashland,2020,46224897,48304463,48261537,42926,0.09,74662031,28437134
015,Athol,2020,13168847,14284108,14237095,47013,0.33,20717543,7548696
016,Attleboro,2020,76079548,78322660,78275325,47335,0.06,125255433,49175885
017,Auburn,2020,46875534,49810815,43863283,5947532,11.94,57164635,10289101
018,Avon,2020,21007325,22283592,21150006,1133586,5.09,21703149,695824
019,Ayer,2020,25370001,27681452,24985750,2695702,9.74,32526005,7156004
020,Barnstable,2020,125537222,128509846,128392357,117489,0.09,377139395,251602173
021,Barre,2020,8401060,8676967,8676869,98,0,12138877,3737817
022,Becket,2020,6230618,6340231,5878559,461672,7.28,13263897,7033279
023,Bedford,2020,72855273,75512582,67257679,8254903,10.93,101654252,28798979
024,Belchertown,2020,28624718,28735818,28678307,57511,0.2,39458320,10833602
025,Bellingham,2020,41820156,42560156,42559472,684,0,66601326,24781170
026,Belmont,2020,92590154,101336561,101308400,28161,0.03,230246363,137656209
027,Berkley,2020,9873799,13665045,13660036,5009,0.04,23503158,13629359
028,Berlin,2020,12072601,13064003,12314017,749986,5.74,16464575,4391974
029,Bernardston,2020,4570462,4570462,4423353,147109,3.22,5948566,1378104
030,Beverly,2020,108035190,108035190,108024248,10942,0.01,187055866,79020676
031,Billerica,2020,141531357,147544514,129626232,17918282,12.14,188854796,47323439
032,Blackstone,2020,19444909,19444909,19434589,10320,0.05,25761651,6316742
033,Blandford,2020,3084017,3166253,3060848,105405,3.33,4308627,1224610
034,Bolton,2020,21577386,22857033,22727311,129722,0.57,27865757,6288371
035,Boston,2020,2509114748,2509114748,2508767050,347698,0.01,4404972619,1895857871
036,Bourne,2020,48442777,52849104,52829049,20055,0.04,122972648,74529871
037,Boxborough,2020,21990284,22423181,19757683,2665498,11.89,29541990,7551706
038,Boxford,2020,30917038,32046570,30610700,1435870,4.48,47326376,16409338
039,Boylston,2020,13748143,15267965,13854873,1413092,9.26,20941464,7193321
040,Braintree,2020,96036025,96036025,96033471,2554,0,193352554,97316529
041,Brewster,2020,33179671,35736822,35530848,205974,0.58,103047703,69868032
042,Bridgewater,2020,44339285,46771902,46770428,1474,0,79379545,35040260
043,Brimfield,2020,7716005,7795332,7787218,8114,0.1,11017569,3301564
044,Brockton,2020,149036481,149036481,148960737,75744,0.05,210657050,61620569
045,Brookfield,2020,5668022,5751422,5353698,397724,6.92,7431564,1763542
046,Brookline,2020,233198737,238898909,238487743,411166,0.17,662288678,429089941
047,Buckland,2020,4020485,4170147,4156372,13775,0.33,5610654,1590169
048,Burlington,2020,130007610,130007610,117292076,12715534,9.78,186154906,56147296
049,Cambridge,2020,628478895,628478895,438128694,190350201,30.29,1373697731,745218836
050,Canton,2020,79874050,81080169,80166862,913307,1.13,130903867,51029817
051,Carlisle,2020,27929053,30437811,28573389,1864422,6.13,38907120,10978067
052,Carver,2020,25987764,27079814,27076294,3520,0.01,35587540,9599776
053,Charlemont,2020,3207212,3287012,2764298,522714,15.9,3542155,334943
054,Charlton,2020,23014009,24215284,24205068,10216,0.04,40503795,17489786
055,Chatham,2020,31457177,37547725,35699116,1848609,4.92,185161388,153704211
056,Chelmsford,2020,101789687,105976214,105916601,59613,0.06,153522765,51733078
057,Chelsea,2020,61485089,61485089,61452521,32568,0.05,98993388,37508299
058,Cheshire,2020,3834858,4316224,4284629,31595,0.73,7969921,4135063
059,Chester,2020,2848306,2961196,2518509,442687,14.95,3041678,193372
060,Chesterfield,2020,3301345,3344592,3148470,196122,5.86,3914060,612715
061,Chicopee,2020,95030164,95030164,88916755,6113409,6.43,103517361,8487197
062,Chilmark,2020,9191547,9716166,9643980,72186,0.74,84300521,75108974
063,Clarksburg,2020,2018524,2243888,2217418,26470,1.18,3098683,1080159
064,Clinton,2020,28336642,28996745,27222257,1774488,6.12,38533037,10196395
065,Cohasset,2020,38824230,40084443,40054820,29623,0.07,77206669,38382439
066,Colrain,2020,3722805,3814897,3575073,239824,6.29,4484537,761732
067,Concord,2020,92281116,99149414,95040945,4108469,4.14,167131278,74850162
068,Conway,2020,5251273,5284714,4987327,297387,5.63,6646225,1394952
069,Cummington,2020,2015091,2127236,1926881,200355,9.42,3279240,1264149
070,Dalton,2020,12984294,14089021,12843990,1245031,8.84,15825517,2841223
071,Danvers,2020,80994021,80994021,80988716,5305,0.01,136469042,55475021
072,Dartmouth,2020,64280466,65573898,65545081,28817,0.04,148948649,84668183
073,Dedham,2020,96531276,99057022,89836926,9220096,9.31,136957146,40425870
074,Deerfield,2020,11323488,11794288,11789055,5233,0.04,18784346,7460858
075,Dennis,2020,43636887,46416165,45347111,1069054,2.3,185848816,142211929
076,Dighton,2020,18525532,19219438,18569438,650000,3.38,27786575,9261043
077,Douglas,2020,16153458,18542644,18520769,21875,0.12,27268505,11115047
078,Dover,2020,34457446,35639691,34454414,1185277,3.33,67084140,32626694
079,Dracut,2020,49198678,52139806,51977891,161915,0.31,97336875,48138197
080,Dudley,2020,12225929,13778819,13767721,11098,0.08,26354750,14128821
081,Dunstable,2020,9137869,9668145,9650954,17191,0.18,14327426,5189557
082,Duxbury,2020,57123110,64459922,64176449,283473,0.44,109441421,52318311
083,East Bridgewater,2020,28364047,31373932,31367484,6448,0.02,45354951,16990904
084,East Brookfield,2020,3870757,4000157,3870248,129909,3.25,6528758,2658001
085,East Longmeadow,2020,44321187,44947312,42832763,2114549,4.7,51382873,7061686
086,Eastham,2020,21761925,26515390,26500139,15251,0.06,75975170,54213245
087,Easthampton,2020,24164725,29990893,29944731,46162,0.15,42151930,17987205
088,Easton,2020,56974422,58861860,58836548,25312,0.04,95638082,38663660
089,Edgartown,2020,29200902,32101059,31489932,611127,1.9,234999494,205798592
090,Egremont,2020,4485945,4485945,4086625,399320,8.9,10765608,6279663
091,Erving,2020,10909997,10909997,10907743,2254,0.02,23497470,12587473
092,Essex,2020,12665904,14540291,14516930,23361,0.16,22278899,9612995
093,Everett,2020,144152596,144152596,93125938,51026658,35.4,164807003,20654407
094,Fairhaven,2020,28484856,29443431,29352673,90758,0.31,58244671,29759815
095,Fall River,2020,106816456,106816456,106766089,50367,0.05,149103463,42287007
096,Falmouth,2020,97107511,108135311,106710554,1424757,1.32,310566221,213458710
097,Fitchburg,2020,55682046,55682046,55676853,5193,0.01,70620057,14938011
098,Florida,2020,2754955,2754955,2712143,42812,1.55,4496528,1741573
099,Foxborough,2020,49768722,52110329,52067410,42919,0.08,84266424,34497702
100,Framingham,2020,217710963,218024024,196153144,21870880,10.03,261112924,43401961
101,Franklin,2020,77138077,81040818,80996801,44017,0.05,139553413,62415336
102,Freetown,2020,21671372,22131624,22075913,55711,0.25,37522723,15851351
103,Gardner,2020,28240124,28240124,27884208,355916,1.26,35314347,7074223
104,Aquinnah,2020,5016990,5133486,5105195,28291,0.55,18741537,13724547
105,Georgetown,2020,19324411,21786726,21778050,8676,0.04,34199198,14874787
106,Gill,2020,2946234,3000318,2813909,186409,6.21,4078129,1131895
107,Gloucester,2020,82035573,87135099,87107363,27736,0.03,176065198,94029625
108,Goshen,2020,2443882,2472906,2467144,5762,0.23,4081973,1638091
109,Gosnold,2020,738605,738605,592534,146071,19.78,5719445,4980840
110,Grafton,2020,39346671,45003603,44891761,111842,0.25,68017820,28671149
111,Granby,2020,12520195,13244750,13239687,5063,0.04,16742143,4221948
112,Granville,2020,3402034,3623186,3095829,527357,14.56,5025696,1623662
113,Great Barrington,2020,23576289,24973637,23993431,980206,3.92,38084811,14508522
114,Greenfield,2020,35435096,36808271,34852691,1955580,5.31,37999009,2563913
115,Groton,2020,31932418,34002838,33723200,279638,0.82,48508630,16576212
116,Groveland,2020,14450497,15092905,15052352,40553,0.27,26783544,12333047
117,Hadley,2020,11621843,12825464,12819834,5630,0.04,25077923,13456080
118,Halifax,2020,16711720,17530028,17043656,486372,2.77,24431846,7720126
119,Hamilton,2020,28911424,29868166,28985808,882358,2.95,42676395,13764971
120,Hampden,2020,12454681,13359519,12688941,670578,5.02,15743103,3288422
121,Hancock,2020,2410484,2410484,874066,1536418,63.74,7860304,5449820
122,Hanover,2020,42832524,47513009,47320007,193002,0.41,72054006,29221482
123,Hanson,2020,20981462,21762908,21752893,10015,0.05,35613774,14632312
124,Hardwick,2020,4101377,4132852,4110597,22255,0.54,6430846,2329469
125,Harvard,2020,20906887,22737152,22733888,3264,0.01,30824318,9917431
126,Harwich,2020,45589303,52165221,52145765,19456,0.04,149329225,103739922
127,Hatfield,2020,7666428,7830399,7826056,4343,0.06,14460562,6794134
128,Haverhill,2020,110211975,111425746,107514654,3911092,3.51,178210750,67998775
129,Hawley,2020,949471,954522,830528,123994,12.99,1280098,330627
130,Heath,2020,2267068,2273608,2017691,255917,11.26,2267068,0
131,Hingham,2020,82762765,86593736,86044011,549725,0.63,186565506,103802741
132,Hinsdale,2020,4983986,4983986,4085654,898332,18.02,7732123,2748137
133,Holbrook,2020,25464571,29945676,28330849,1614827,5.39,34627219,9162648
134,Holden,2020,39897093,44097553,42681771,1415782,3.21,62767310,22870217
135,Holland,2020,5773739,5715576,5711358,4218,0.07,8591091,2817352
136,Holliston,2020,47769719,50567135,50174519,392616,0.78,66544455,18774736
137,Holyoke,2020,56039874,56039874,55493875,545999,0.97,56039874,0
138,Hopedale,2020,15361867,15361867,15332377,29490,0.19,20440081,5078214
139,Hopkinton,2020,67165545,72415607,72022621,392986,0.54,107168468,40002923
140,Hubbardston,2020,7273006,7273006,7269379,3627,0.05,12262785,4989779
141,Hudson,2020,51902188,55933458,55142532,790926,1.41,72840923,20938735
142,Hull,2020,29976106,30405106,30386276,18830,0.06,59255608,29279502
143,Huntington,2020,3698567,3863013,3860172,2841,0.07,4702939,1004372
144,Ipswich,2020,40693414,42973678,42931265,42413,0.1,76553611,35860197
145,Kingston,2020,34825119,36685939,35499020,1186919,3.24,54513237,19688118
146,Lakeville,2020,23627168,24872333,24865976,6357,0.03,47599494,23972326
147,Lancaster,2020,18774299,20277759,20255838,21921,0.11,25511131,6736832
148,Lanesborough,2020,9002151,9597909,8384993,1212916,12.64,10136597,1134446
149,Lawrence,2020,80249851,80249851,74116191,6133660,7.64,121000938,40751087
150,Lee,2020,16672089,17270998,13908470,3362528,19.47,23686086,7013997
151,Leicester,2020,15292785,16470077,16465283,4794,0.03,27607786,12315001
152,Lenox,2020,18419626,18419626,16015739,2403887,13.05,31691120,13271494
153,Leominster,2020,80298856,80298856,75076958,5221898,6.5,104389541,24090685
154,Leverett,2020,5597916,6065754,5561785,503969,8.31,6785975,1188059
155,Lexington,2020,184938303,196066558,195949768,116790,0.06,314958702,130020399
156,Leyden,2020,1932264,1932264,1546588,385676,19.96,2273057,340793
157,Lincoln,2020,29211523,33853864,33846176,7688,0.02,54504586,25293063
158,Littleton,2020,40158316,41494275,41490620,3655,0.01,51521465,11363149
159,Longmeadow,2020,49857396,54746076,54504292,241784,0.44,56282829,6425433
160,Lowell,2020,158905239,158905239,138331643,20573596,12.95,226083087,67177848
161,Ludlow,2020,42772547,44260652,44249314,11338,0.03,53648538,10875991
162,Lunenburg,2020,25107062,28054410,28054407,3,0,38706411,13599349
163,Lynn,2020,136429137,136429137,136399466,29671,0.02,230662992,94233855
164,Lynnfield,2020,44273401,46781262,46770157,11105,0.02,79965769,35692368
165,Malden,2020,94569307,94569307,94519948,49359,0.05,211189918,116620611
166,Manchester By The Sea,2020,25363947,29903187,29355144,548043,1.83,62724666,37360719
167,Mansfield,2020,65023962,67107342,67098802,8540,0.01,100194655,35170693
168,Marblehead,2020,63238414,69859220,69813033,46187,0.07,167981310,104742896
169,Marion,2020,19362682,20542674,20440702,101972,0.5,43676713,24314031
170,Marlborough,2020,144113359,144113359,109040205,35073154,24.34,154550088,10436729
171,Marshfield,2020,65059735,69087497,69065616,21881,0.03,129530413,64470678
172,Mashpee,2020,49968699,51798265,50224018,1574247,3.04,140133979,90165280
173,Mattapoisett,2020,22855216,24100309,24086156,14153,0.06,44637057,21781841
174,Maynard,2020,30432490,32678639,32663840,14799,0.05,38360336,7927846
175,Medfield,2020,44458802,49624076,49598590,25486,0.05,69543732,25084930
176,Medford,2020,118138663,118138663,118044927,93736,0.08,293809165,175670502
177,Medway,2020,41294017,43002025,41530368,1471657,3.42,59329097,18035080
178,Melrose,2020,64738724,66629218,66627306,1912,0,146069870,81331146
179,Mendon,2020,15840333,16905914,16900460,5454,0.03,25224568,9384235
180,Merrimac,2020,13230691,13625854,13614041,11813,0.09,22873052,9642361
181,Methuen,2020,93348857,93348857,93318921,29936,0.03,153538553,60189696
182,Middleborough,2020,44431811,46056813,46043657,13156,0.03,71698740,27266929
183,Middlefield,2020,1463886,1486407,1231887,254520,17.12,1679235,215349
184,Middleton,2020,29471490,31164578,30428877,735701,2.36,55853298,26381808
185,Milford,2020,73699324,73699324,69879951,3819373,5.18,93120412,19421088
186,Millbury,2020,26788885,27898269,27888243,10026,0.04,45479849,18690964
187,Millis,2020,22032205,25863297,25859987,3310,0.01,32100282,10068077
188,Millville,2020,5015056,5167024,5163023,4001,0.08,8032083,3017027
189,Milton,2020,82374502,85139369,85137614,1755,0,158810367,76435865
190,Monroe,2020,655693,712397,701816,10581,1.49,703326,47633
191,Monson,2020,14206908,14793883,14791997,1886,0.01,20240828,6033920
192,Montague,2020,18178839,19104210,18803395,300815,1.57,22683025,4504186
193,Monterey,2020,4138621,4532621,3941434,591187,13.04,13261893,9123272
194,Montgomery,2020,1775205,1775205,1524681,250524,14.11,2798607,1023402
195,Mount Washington,2020,624449,624449,553708,70741,11.33,2207767,1583318
196,Nahant,2020,9422554,10630472,10620981,9491,0.09,24204605,14782051
197,Nantucket,2020,77688262,87400494,84281637,3118857,3.57,611165051,533476789
198,Natick,2020,111851327,121635689,121562585,73104,0.06,223296447,111445120
199,Needham,2020,142426994,154549338,151549737,2999601,1.94,270094087,127667093
200,New Ashford,2020,582156,582156,491791,90365,15.52,985158,403002
201,New Bedford,2020,134165825,134165825,129553230,4612595,3.44,166818438,32652613
202,New Braintree,2020,2068476,2115726,2056140,59586,2.82,2967870,899394
203,New Marlborough,2020,5159395,5400716,5339826,60890,1.13,12948171,7788776
204,New Salem,2020,2058173,2193854,2088607,105247,4.8,2894412,836239
205,Newbury,2020,16951777,17566662,17560525,6137,0.03,39946599,22994822
206,Newburyport,2020,56390995,59556459,59511142,45317,0.08,115870604,59479609
207,Newton,2020,358155776,361492171,361460789,31382,0.01,793502415,435346639
208,Norfolk,2020,31381469,34473470,34471929,1541,0,46233810,14852341
209,North Adams,2020,18814731,18814731,18264782,549949,2.92,19200352,385621
210,North Andover,2020,77464858,77810407,76941902,868505,1.12,133857368,56392510
211,North Attleborough,2020,60377329,60791029,60772302,18727,0.03,102193920,41816591
212,North Brookfield,2020,6092243,6973469,6861393,112076,1.61,11124178,5031935
213,North Reading,2020,46656776,53213804,53193751,20053,0.04,85246396,38589620
214,Northampton,2020,61649762,62251770,61837364,414406,0.67,92019887,30370125
215,Northborough,2020,52997340,55186532,53019704,2166828,3.93,76840151,23842811
216,Northbridge,2020,22340990,24624853,24624038,815,0,44479837,22138847
217,Northfield,2020,9054916,9054916,8011970,1042946,11.52,12058955,3004039
218,Norton,2020,38391163,39423120,39397467,25653,0.07,66549775,28158612
219,Norwell,2020,44672846,45934111,45924694,9417,0.02,69038926,24366080
220,Norwood,2020,83324094,85168205,84250570,917635,1.08,142571752,59247658
221,Oak Bluffs,2020,23379875,25458423,25426345,32078,0.13,85437988,62058113
222,Oakham,2020,2993573,3084276,2993287,90989,2.95,5522669,2529096
223,Orange,2020,11511097,11681094,11676251,4843,0.04,14358400,2847303
224,Orleans,2020,25734238,32882926,31827519,1055407,3.21,105249732,79515494
225,Otis,2020,5344437,5346513,5141572,204941,3.83,15412387,10067950
226,Oxford,2020,24126631,24626182,24621359,4823,0.02,36946817,12820186
227,Palmer,2020,19780028,20341103,20337320,3783,0.02,23960085,4180057
228,Paxton,2020,10252760,11358272,11351869,6403,0.06,14384021,4131261
229,Peabody,2020,122866207,122866207,110753621,12112586,9.86,211703828,88837621
230,Pelham,2020,4157387,4459978,3939480,520498,11.67,4499178,341791
231,Pembroke,2020,40934294,42843771,42837516,6255,0.01,73908757,32974463
232,Pepperell,2020,21984081,24174155,24166605,7550,0.03,35580985,13596904
233,Peru,2020,2168834,2168834,1780846,387988,17.89,2373196,204362
234,Petersham,2020,2756054,2902091,2767225,134866,4.65,3982765,1226711
235,Phillipston,2020,3552966,3671106,3602897,68209,1.86,5317144,1764178
236,Pittsfield,2020,92117152,92117152,89799224,2317928,2.52,92117152,0
237,Plainfield,2020,1930793,2029962,1901825,128137,6.31,2363102,432309
238,Plainville,2020,22913366,23959206,23957336,1870,0.01,38558932,15645566
239,Plymouth,2020,179332150,187398358,183463298,3935060,2.1,280524920,101192770
240,Plympton,2020,10053825,10310684,9569119,741565,7.19,13577071,3523246
241,Princeton,2020,9554494,9948916,8865276,1083640,10.89,13983085,4428591
242,Provincetown,2020,21180140,22275000,21517176,757824,3.4,85113514,63933374
243,Quincy,2020,272751243,272751243,241950668,30800575,11.29,426078372,153327129
244,Randolph,2020,64856564,65614064,65597314,16750,0.03,98662084,33805520
245,Raynham,2020,35163339,38110659,37385102,725557,1.9,59461569,24298230
246,Reading,2020,73289696,76181657,76110687,70970,0.09,136684325,63394629
247,Rehoboth,2020,25501040,26284711,26278486,6225,0.02,50073334,24572294
248,Revere,2020,90539665,90539665,90462324,77341,0.09,180895886,90356221
249,Richmond,2020,5318609,5464809,5205812,258997,4.74,10512545,5193936
250,Rochester,2020,12695527,13966441,13957475,8966,0.06,25885524,13189997
251,Rockland,2020,35171558,39078587,39009943,68644,0.18,55728490,20556932
252,Rockport,2020,22784123,23316236,23305372,10864,0.05,57686565,34902442
253,Rowe,2020,4369678,4585360,4222612,362748,7.91,12885677,8515999
254,Rowley,2020,15281089,17599476,17581024,18452,0.1,28210886,12929797
255,Royalston,2020,1742078,1908129,1907386,743,0.04,3526970,1784892
256,Russell,2020,3550260,3550260,3481730,68530,1.93,3832816,282556
257,Rutland,2020,15363231,16902396,16898343,4053,0.02,23989698,8626467
258,Salem,2020,107591472,107591472,103616867,3974605,3.69,153129622,45538150
259,Salisbury,2020,21513215,22591269,22579704,11565,0.05,49257644,27744429
260,Sandisfield,2020,3227269,3227269,3193861,33408,1.04,6003497,2776228
261,Sandwich,2020,66281547,68684725,68472184,212541,0.31,119622964,53341417
262,Saugus,2020,68007835,72411311,72368811,42500,0.06,126141173,58133338
263,Savoy,2020,1513503,1513503,1036767,476736,31.5,1732565,219062
264,Scituate,2020,60306984,66145470,65813198,332272,0.5,121876292,61569308
265,Seekonk,2020,42777102,44211933,44198408,13525,0.03,65320379,22543277
266,Sharon,2020,68238204,71548278,69523326,2024952,2.83,91478060,23239856
267,Sheffield,2020,10920888,11114210,9387886,1726324,15.53,16764082,5843194
268,Shelburne,2020,4333542,4406653,3883197,523456,11.88,6944200,2610658
269,Sherborn,2020,24900338,26550385,25527914,1022471,3.85,32795367,7895029
270,Shirley,2020,10898446,11660742,11652422,8320,0.07,18082591,7184145
271,Shrewsbury,2020,74964859,80249384,80193336,56048,0.07,160772527,85807668
272,Shutesbury,2020,5431885,5460059,5289040,171019,3.13,5500249,68364
273,Somerset,2020,56581414,56581414,39811730,16769684,29.64,57785557,1204143
274,Somerville,2020,168272052,168272052,167812263,459789,0.27,449911515,281639463
275,South Hadley,2020,27987337,29181095,29172330,8765,0.03,41485111,13497774
276,Southampton,2020,12318764,12750243,12749908,335,0,20148400,7829636
277,Southborough,2020,44598742,46625829,43739989,2885840,6.19,65636238,21037496
278,Southbridge,2020,22413899,22630908,21935343,695565,3.07,28151108,5737209
279,Southwick,2020,20110144,21502564,20126224,1376340,6.4,28768188,8658044
280,Spencer,2020,14758796,16156264,16153975,2289,0.01,28601231,13842435
281,Springfield,2020,216375301,216375301,216358653,16648,0.01,218252539,1877238
282,Sterling,2020,19909046,20904474,19848429,1056045,5.05,29518781,9609735
283,Stockbridge,2020,8788113,10342999,9045507,1297492,12.54,22911618,14123505
284,Stoneham,2020,50503191,52528922,52521660,7262,0.01,112085592,61582401
285,Stoughton,2020,68706812,73327837,73296776,31061,0.04,107410442,38703630
286,Stow,2020,27908186,30137083,27991820,2145263,7.12,33954173,6045987
287,Sturbridge,2020,25017150,26511992,26043483,468509,1.77,34231707,9214557
288,Sudbury,2020,87791953,89741650,89733894,7756,0.01,119326829,31534876
289,Sunderland,2020,5710552,5998573,5825016,173557,2.89,9431697,3721145
290,Sutton,2020,20947652,24976048,24964191,11857,0.05,39350869,18403217
291,Swampscott,2020,51665474,53410468,48813196,4597272,8.61,80794146,29128672
292,Swansea,2020,35127161,35452836,35443121,9715,0.03,57434751,22307590
293,Taunton,2020,106324574,107510887,107491032,19855,0.02,141322925,34998351
294,Templeton,2020,10243270,11966481,11961642,4839,0.04,17768333,7525063
295,Tewksbury,2020,81546456,94499798,94484460,15338,0.02,131592926,50046470
296,Tisbury,2020,25454675,26543538,26404187,139351,0.52,75584407,50129732
297,Tolland,2020,1505631,1710770,1697568,13202,0.77,4768449,3262818
298,Topsfield,2020,24422084,25885205,25137392,747813,2.89,36075477,11653393
299,Townsend,2020,17227050,18928270,18919557,8713,0.05,24230990,7003940
300,Truro,2020,16038083,16941324,16397503,543821,3.21,57963067,41924984
301,Tyngsborough,2020,28178290,28937014,28895175,41839,0.14,44454115,16275825
302,Tyringham,2020,1533632,1533632,1421398,112234,7.32,5083686,3550054
303,Upton,2020,20349068,21289880,21280653,9227,0.04,30895258,10546190
304,Uxbridge,2020,29252849,31639454,30897800,741654,2.34,46143667,16890818
305,Wakefield,2020,74317122,76801981,76421123,380858,0.5,134163967,59846845
306,Wales,2020,3419431,3419431,3355469,63962,1.87,4337473,918042
307,Walpole,2020,74507681,75660094,75639376,20718,0.03,120936823,46429142
308,Waltham,2020,231970809,231970809,191667486,40303323,17.37,344056545,112085736
309,Ware,2020,15473335,15503735,15501517,2218,0.01,18785164,3311829
310,Wareham,2020,42001479,42661865,42660325,1540,0,97131889,55130410
311,Warren,2020,8333966,8380571,7023746,1356825,16.19,10232730,1898764
312,Warwick,2020,1799561,1847561,1608022,239539,12.97,1973518,173957
313,Washington,2020,1257612,1303960,1282326,21634,1.66,2096674,839062
314,Watertown,2020,117181127,117181127,117123396,57731,0.05,227465113,110283986
315,Wayland,2020,73386611,76877032,70949998,5927034,7.71,99873308,26486697
316,Webster,2020,23233170,25823344,25811419,11925,0.05,42847641,19614471
317,Wellesley,2020,134009065,144897473,144896906,567,0,313358360,179349295
318,Wellfleet,2020,16481342,18388402,18376951,11451,0.06,61447534,44966192
319,Wendell,2020,2474931,2596208,2362074,234134,9.02,2474931,0
320,Wenham,2020,16237543,16775348,16774940,408,0,22142213,5904670
321,West Boylston,2020,17966588,18827630,18823251,4379,0.02,25327302,7360714
322,West Bridgewater,2020,25356591,28078903,25946991,2131912,7.59,32133842,6777251
323,West Brookfield,2020,6218609,6218061,6214949,3112,0.05,10569641,4351032
324,West Newbury,2020,14138156,14766020,14099088,666932,4.52,24443633,10305477
325,West Springfield,2020,71673901,71673901,62950804,8723097,12.17,71673901,0
326,West Stockbridge,2020,6121927,6232540,5010052,1222488,19.61,9546593,3424666
327,West Tisbury,2020,16231803,17321797,17145542,176255,1.02,70615906,54384103
328,Westborough,2020,87805268,88890756,77819258,11071498,12.46,106194403,18389135
329,Westfield,2020,81172571,81172571,76484434,4688137,5.78,85549612,4377041
330,Westford,2020,78898206,81862615,81832084,30531,0.04,125278757,46380551
331,Westhampton,2020,4551749,4858795,4833169,25626,0.53,5946320,1394571
332,Westminster,2020,19879914,20758792,18420750,2338042,11.26,26240384,6360470
333,Weston,2020,81078696,89735725,80345829,9389896,10.46,156558513,75479817
334,Westport,2020,27980872,29510901,29494856,16045,0.05,87469918,59489046
335,Westwood,2020,79703916,81024902,80224068,800834,0.99,120816700,41112784
336,Weymouth,2020,111575293,111575293,111548116,27177,0.02,216203287,104627994
337,Whately,2020,5261279,5343898,4365662,978236,18.31,6965000,1703721
338,Whitman,2020,26106341,27244682,27223524,21158,0.08,42939312,16832971
339,Wilbraham,2020,38691959,40483462,39428023,1055439,2.61,44043815,5351856
340,Williamsburg,2020,6170616,6708895,6618739,90156,1.34,8024659,1854043
341,Williamstown,2020,18254133,19845769,17949653,1896116,9.55,25496666,7242533
342,Wilmington,2020,84206856,87117509,87073371,44138,0.05,124530662,40323806
343,Winchendon,2020,12322980,12650957,12646617,4340,0.03,19420480,7097500
344,Winchester,2020,91268201,104768232,101011909,3756323,3.59,204240776,112972575
345,Windsor,2020,1844702,1862702,1656632,206070,11.06,2941463,1096761
346,Winthrop,2020,30098548,34194898,34187854,7044,0.02,67725564,37627016
347,Woburn,2020,133532009,135210372,113007096,22203277,16.42,213092582,79560573
348,Worcester,2020,335601504,335601504,316125865,19475639,5.8,366154126,30552622
349,Worthington,2020,2945205,3036009,2941636,94373,3.11,4273150,1327945
350,Wrentham,2020,34103831,34839523,34808693,30830,0.09,57826516,23722685
351,Yarmouth,2020,61548557,64320705,64265946,54759,0.09,160664865,99116308
001,Abington,2021,34918807,38770275,38747758,22517,0.06,58779973,23861166
002,Acton,2021,90212126,96004630,95962704,41926,0.04,118589599,28377473
003,Acushnet,2021,19212514,19658581,19267147,391435,1.99,33718207,14505693
004,Adams,2021,12079770,12706665,12243861,462804,3.64,13092459,1012689
005,Agawam,2021,78771989,78771989,65425577,13346412,16.94,80577484,1805495
006,Alford,2021,1747803,1862477,1536933,325544,17.48,6923123,5175320
007,Amesbury,2021,49055688,51407719,47829288,3578431,6.96,65519572,16463884
008,Amherst,2021,57085281,57085281,56793242,292039,0.51,65070167,7984886
009,Andover,2021,157043311,160573421,159488649,1084772,0.68,225691764,68648453
010,Arlington,2021,126776920,138212969,138199500,13469,0.01,304672618,177895698
011,Ashburnham,2021,13451662,15210341,15203493,6848,0.05,18495734,5044072
012,Ashby,2021,6409634,6777512,6776958,554,0.01,9133367,2723733
013,Ashfield,2021,4364909,4530327,4333253,197074,4.35,6545700,2180791
014,Ashland,2021,48016326,50044185,50022033,22152,0.04,78502876,30486550
015,Athol,2021,13825452,15603872,15246333,357539,2.29,21583144,7757692
016,Attleboro,2021,79090593,82578668,82563631,15037,0.02,130370504,51279911
017,Auburn,2021,48736792,51618778,44372063,7246715,14.04,57691973,8955181
018,Avon,2021,21834086,23037567,21779613,1257954,5.46,23286394,1452308
019,Ayer,2021,26504411,28247184,25605877,2641307,9.35,33794241,7289830
020,Barnstable,2021,129764768,132365183,132058458,306725,0.23,399462505,269697737
021,Barre,2021,8731448,9008293,8957597,50696,0.56,12441108,3709660
022,Becket,2021,6409223,6615102,6170203,444899,6.73,13274964,6865741
023,Bedford,2021,76269604,78772901,70418177,8354724,10.61,103657342,27387738
024,Belchertown,2021,29791509,29827808,29807204,20604,0.07,41102046,11310537
025,Bellingham,2021,45936316,46676316,46648739,27577,0.06,72028996,26092680
026,Belmont,2021,96008913,109647207,109492914,154293,0.14,237203021,141194108
027,Berkley,2021,10328889,13973149,13962698,10451,0.07,24444500,14115611
028,Berlin,2021,12672100,13562040,12489563,1072477,7.91,17293384,4621284
029,Bernardston,2021,4712279,4712279,4403833,308446,6.55,5928692,1216413
030,Beverly,2021,112164090,112164090,112093155,70935,0.06,195683571,83519481
031,Billerica,2021,149035612,154690957,133106464,21584493,13.95,194842749,45807137
032,Blackstone,2021,20140168,20140168,20127566,12602,0.06,26879762,6739594
033,Blandford,2021,3184498,3269203,3132574,136629,4.18,4409592,1225094
034,Bolton,2021,22421921,23640002,23500255,139747,0.59,28164255,5742334
035,Boston,2021,2675124276,2675124276,2674859663,264613,0.01,4766323249,2091198973
036,Bourne,2021,50126269,54785108,54749620,35488,0.06,127088255,76961986
037,Boxborough,2021,22718755,23686171,20730057,2956114,12.48,30183542,7464787
038,Boxford,2021,31909186,32763757,31025505,1738252,5.31,48447072,16537886
039,Boylston,2021,14553421,16084990,14754214,1330776,8.27,21722930,7169509
040,Braintree,2021,99317719,99317719,99259484,58235,0.06,199564445,100246726
041,Brewster,2021,34389776,36549472,36506645,42827,0.12,106371343,71981567
042,Bridgewater,2021,46306480,48330869,48322177,8692,0.02,83429173,37122693
043,Brimfield,2021,7964524,8084401,8066624,17777,0.22,11490918,3526394
044,Brockton,2021,155093482,155093482,155013636,79846,0.05,228831793,73738311
045,Brookfield,2021,5878653,5907392,5477389,430003,7.28,7611714,1733061
046,Brookline,2021,242349097,255719011,255693301,25710,0.01,685258862,442909765
047,Buckland,2021,4171654,4294581,4249165,45416,1.06,5954548,1782894
048,Burlington,2021,136366074,136366074,123791810,12574264,9.22,191806582,55440508
049,Cambridge,2021,659696719,659696719,472520148,187176571,28.37,1505872323,846175604
050,Canton,2021,83420671,85006775,84941942,64833,0.08,139875036,56454365
051,Carlisle,2021,28906776,31243452,28229671,3013781,9.65,43350232,14443456
052,Carver,2021,26919980,27919036,27905225,13811,0.05,37481732,10561752
053,Charlemont,2021,3327953,3407753,3066471,341282,10.01,3743251,415298
054,Charlton,2021,24225217,25093645,25084497,9148,0.04,41779642,17554425
055,Chatham,2021,32614681,39424854,37248445,2176409,5.52,186990187,154375506
056,Chelmsford,2021,106109294,109713726,106800917,2912809,2.65,161979720,55870426
057,Chelsea,2021,64806742,64806742,64792549,14193,0.02,106405045,41598303
058,Cheshire,2021,3994490,4451643,4420578,31065,0.7,8265853,4271363
059,Chester,2021,2973275,3086165,2762210,323955,10.5,3370192,396917
060,Chesterfield,2021,3430970,3443328,3251333,191995,5.58,4023927,592957
061,Chicopee,2021,98391481,98391481,92281717,6109764,6.21,106555986,8164505
062,Chilmark,2021,9519036,10211178,10070814,140364,1.37,86519019,76999983
063,Clarksburg,2021,2071056,2295467,2089808,205659,8.96,3302479,1231423
064,Clinton,2021,29710546,30489578,28398517,2091061,6.86,39303384,9592838
065,Cohasset,2021,40255015,41408350,41390368,17982,0.04,79352699,39097684
066,Colrain,2021,3841422,3973650,3831932,141718,3.57,4527329,685907
067,Concord,2021,95545971,102580714,98128300,4452414,4.34,166762691,71216720
068,Conway,2021,5463331,5581606,5185834,395772,7.09,6921829,1458498
069,Cummington,2021,2079521,2378611,2007642,370969,15.6,3293376,1213855
070,Dalton,2021,13395802,15183757,14146451,1037306,6.83,16441715,3045913
071,Danvers,2021,83988511,83988511,83946463,42048,0.05,138108209,54119698
072,Dartmouth,2021,66518146,67569717,67528089,41628,0.06,152440288,85922142
073,Dedham,2021,100171350,102619325,93353589,9265736,9.03,141514586,41343236
074,Deerfield,2021,11779917,12300299,12296974,3325,0.03,19395857,7615940
075,Dennis,2021,45061995,47812216,46852279,959937,2.01,194246597,149184602
076,Dighton,2021,19221820,19903065,18717290,1185775,5.96,28401768,9179948
077,Douglas,2021,16886182,19292106,19259856,32250,0.17,28797632,11911450
078,Dover,2021,35548527,36651904,34836802,1815102,4.95,67565558,32017031
079,Dracut,2021,50832350,53749576,53715134,34442,0.06,103218935,52386585
080,Dudley,2021,12651554,13861980,13857968,4012,0.03,28166601,15515047
081,Dunstable,2021,9682432,10171720,9993493,178227,1.75,15224700,5542268
082,Duxbury,2021,59197321,66354610,66315193,39417,0.06,114494462,55297141
083,East Bridgewater,2021,29350328,32315255,32311747,3508,0.01,47377928,18027600
084,East Brookfield,2021,4005110,4134910,4053611,81299,1.97,6833464,2828354
085,East Longmeadow,2021,46127811,46682759,44736486,1946273,4.17,53105990,6978179
086,Eastham,2021,23383408,28370229,28366748,3481,0.01,77251491,53868083
087,Easthampton,2021,25055743,30570627,30462859,107768,0.35,43419127,18363384
088,Easton,2021,59106048,61036961,60998714,38247,0.06,98512135,39406087
089,Edgartown,2021,30302455,33617178,32321664,1295514,3.85,246354144,216051689
090,Egremont,2021,4677285,4677285,4328388,348897,7.46,11573230,6895945
091,Erving,2021,11328446,11328446,11325513,2933,0.03,24248962,12920516
092,Essex,2021,13110707,15565118,15238769,326349,2.1,24111977,11001270
093,Everett,2021,150181831,150181831,91966655,58215176,38.76,173411214,23229383
094,Fairhaven,2021,29530590,30466886,30465633,1253,0,59157993,29627403
095,Fall River,2021,111666654,111666654,111623454,43200,0.04,164447878,52781224
096,Falmouth,2021,101543131,113266737,111443733,1823004,1.61,327775684,226232553
097,Fitchburg,2021,58053016,58053016,58029045,23971,0.04,76233638,18180622
098,Florida,2021,2846684,2846684,2823819,22865,0.8,4518633,1671949
099,Foxborough,2021,51761247,53941471,53903095,38376,0.07,86325074,34563827
100,Framingham,2021,226513702,226935776,195618399,31317377,13.8,279490151,52976449
101,Franklin,2021,80734921,84606297,84590319,15978,0.02,144352080,63617159
102,Freetown,2021,22447943,22809972,22752873,57099,0.25,39425141,16977198
103,Gardner,2021,29313983,29313983,29182991,130992,0.45,36405927,7091944
104,Aquinnah,2021,5153754,5261744,5146128,115616,2.2,20133523,14979769
105,Georgetown,2021,19999591,22307112,22294828,12284,0.06,35076822,15077231
106,Gill,2021,3056434,3092670,2917731,174939,5.66,4218813,1162379
107,Gloucester,2021,85170596,90182882,90137377,45505,0.05,180567764,95397168
108,Goshen,2021,2704456,2776266,2728677,47589,1.71,4106980,1402524
109,Gosnold,2021,757070,757070,599463,157607,20.82,5509772,4752702
110,Grafton,2021,44448075,50656497,48373708,2282789,4.51,70392474,25944399
111,Granby,2021,12965843,13758265,13756229,2036,0.01,17325226,4359383
112,Granville,2021,3576327,3796799,3235347,561452,14.79,5151826,1575499
113,Great Barrington,2021,24555636,25932998,24636380,1296618,5,38518417,13962781
114,Greenfield,2021,36586281,38012131,36374400,1637731,4.31,39162791,2576510
115,Groton,2021,32985370,35130315,34849318,280997,0.8,49501872,16516502
116,Groveland,2021,14971380,16527815,16526481,1334,0.01,28068073,13096693
117,Hadley,2021,12077192,13104323,12608046,496277,3.79,26266764,14189572
118,Halifax,2021,17375167,18265471,17840797,424674,2.33,25648069,8272902
119,Hamilton,2021,29991463,30723673,30399200,324473,1.06,43402628,13411165
120,Hampden,2021,12999662,13891238,13243916,647322,4.66,16832634,3832972
121,Hancock,2021,2476708,2476708,944380,1532328,61.87,7922651,5445943
122,Hanover,2021,44422348,49106241,48591082,515159,1.05,73901880,29479532
123,Hanson,2021,21773197,22498485,22410174,88311,0.39,37102938,15329741
124,Hardwick,2021,4229285,4255179,4226042,29137,0.68,6716533,2487248
125,Harvard,2021,21588904,24530705,24322073,208632,0.85,32425989,10837085
126,Harwich,2021,47225978,53357522,53299729,57793,0.11,154941074,107715096
127,Hatfield,2021,7920756,8323309,8248639,74670,0.9,14532487,6611731
128,Haverhill,2021,114936210,116137103,111431210,4705893,4.05,186441293,71505083
129,Hawley,2021,981328,986279,914099,72180,7.32,1278103,296775
130,Heath,2021,2352464,2374190,2131867,242323,10.21,2366638,14174
131,Hingham,2021,86508690,90687687,90173019,514668,0.57,191044531,104535841
132,Hinsdale,2021,5185781,5185781,4520306,665475,12.83,7886089,2700308
133,Holbrook,2021,26906038,31164824,28429504,2735320,8.78,36740605,9834567
134,Holden,2021,41342633,45000885,44856449,144436,0.32,64448921,23106288
135,Holland,2021,5975020,5881912,5840920,40992,0.7,8785981,2810961
136,Holliston,2021,49800433,51618999,51063020,555979,1.08,71516835,21716402
137,Holyoke,2021,57528165,57528165,56906966,621199,1.08,57528165,0
138,Hopedale,2021,15935502,15935502,15929669,5833,0.04,20742190,4806688
139,Hopkinton,2021,70990676,76980566,76889411,91155,0.12,112611303,41620627
140,Hubbardston,2021,7473369,7473369,7472728,641,0.01,12614329,5140960
141,Hudson,2021,54221196,58193837,57441901,751936,1.29,75790749,21569553
142,Hull,2021,31093592,32139904,32134082,5822,0.02,63355840,32262248
143,Huntington,2021,3835638,4015217,4015125,92,0,5021417,1185779
144,Ipswich,2021,42002648,42984178,42900214,83964,0.2,81127485,39124837
145,Kingston,2021,36318594,37310389,36300351,1010038,2.71,56437112,20118518
146,Lakeville,2021,24667773,25893680,25873710,19970,0.08,50653308,25985535
147,Lancaster,2021,19503493,20984853,20901321,83532,0.4,26152804,6649311
148,Lanesborough,2021,9381201,9967793,8493069,1474724,14.79,10469759,1088558
149,Lawrence,2021,85338536,85338536,79203028,6135508,7.19,131275998,45937462
150,Lee,2021,17242283,17672417,14130995,3541422,20.04,24065047,6822764
151,Leicester,2021,15878879,17027913,17018796,9117,0.05,28120945,12242066
152,Lenox,2021,19395615,19395615,16007398,3388217,17.47,32898991,13503376
153,Leominster,2021,83446290,83446290,78238128,5208162,6.24,107884897,24438607
154,Leverett,2021,5917184,6388148,5646879,741269,11.6,7155194,1238010
155,Lexington,2021,194415314,207100144,207014709,85435,0.04,323819221,129403907
156,Leyden,2021,2006275,2006275,1620448,385827,19.23,2427274,420999
157,Lincoln,2021,30272310,34712485,34711404,1081,0,55293147,25020837
158,Littleton,2021,42041245,43336067,43301920,34147,0.08,54441912,12400667
159,Longmeadow,2021,51362992,56808320,56494943,313377,0.55,57088665,5725673
160,Lowell,2021,165213230,165213230,144933397,20279834,12.27,236340374,71127144
161,Ludlow,2021,44380722,46382681,46359866,22815,0.05,54980866,10600144
162,Lunenburg,2021,26043471,28896250,28892137,4113,0.01,40716090,14672619
163,Lynn,2021,141804316,141804316,141786610,17706,0.01,247966726,106162410
164,Lynnfield,2021,45783643,48190557,48171686,18871,0.04,85510584,39726941
165,Malden,2021,98301115,98301115,98255538,45577,0.05,224606384,126305269
166,Manchester By The Sea,2021,26178066,30807538,29571298,1236240,4.01,67268649,41090583
167,Mansfield,2021,67724944,69795112,69789675,5437,0.01,103547419,35822475
168,Marblehead,2021,65122516,72412972,72377500,35472,0.05,173650431,108527915
169,Marion,2021,20050404,20849594,20792995,56599,0.27,45920924,25870520
170,Marlborough,2021,150058642,150058642,111504473,38554169,25.69,162883196,12824554
171,Marshfield,2021,67531947,72366229,72324878,41351,0.06,137082785,69550838
172,Mashpee,2021,51762724,53573423,51845110,1728313,3.23,145468884,93706160
173,Mattapoisett,2021,23600254,25039825,25032066,7759,0.03,48287164,24686910
174,Maynard,2021,32083704,34252991,34064371,188621,0.55,40990532,8906828
175,Medfield,2021,46047741,50773031,50756430,16601,0.03,71447678,25399937
176,Medford,2021,122959539,122959539,122937746,21793,0.02,297911269,174951730
177,Medway,2021,43047199,44706571,43068793,1637778,3.66,61667802,18620603
178,Melrose,2021,66981117,68878709,68877944,765,0,151924481,84943364
179,Mendon,2021,16819641,17949180,17947018,2162,0.01,26722778,9903137
180,Merrimac,2021,13792584,15276995,15257332,19663,0.13,23400816,9608232
181,Methuen,2021,97238148,97238148,95790483,1447665,1.49,161109610,63871462
182,Middleborough,2021,46577372,48942174,48938081,4093,0.01,74411162,27833790
183,Middlefield,2021,1504465,1524728,1250187,274541,18.01,1765801,261336
184,Middleton,2021,30670471,32067895,31196361,871534,2.72,56844682,26174211
185,Milford,2021,76555191,76555191,72037895,4517296,5.9,95871910,19316719
186,Millbury,2021,28143416,29312251,29160327,151924,0.52,47246155,19102739
187,Millis,2021,23833992,27155069,27135581,19488,0.07,34576429,10742437
188,Millville,2021,5174824,5326198,5323833,2365,0.04,8355043,3180219
189,Milton,2021,85396758,88225937,88217613,8324,0.01,164324770,78928012
190,Monroe,2021,683838,740198,637454,102744,13.88,721532,37694
191,Monson,2021,14762752,15354840,14819258,535582,3.49,20445996,5683244
192,Montague,2021,19037452,20202645,19701827,500818,2.48,23908977,4871525
193,Monterey,2021,4282162,4642711,3896204,746507,16.08,13398227,9116065
194,Montgomery,2021,1922003,1922003,1658194,263809,13.73,2982363,1060360
195,Mount Washington,2021,651478,651478,588014,63464,9.74,2244328,1592850
196,Nahant,2021,9715905,10892769,10892253,516,0,25909260,16193355
197,Nantucket,2021,81091677,89864322,88899100,965222,1.07,609726995,528635318
198,Natick,2021,116908229,126170609,126123699,46910,0.04,231674686,114766457
199,Needham,2021,150539475,164196568,162438801,1757767,1.07,276143262,125603787
200,New Ashford,2021,607443,607443,466905,140538,23.14,991728,384285
201,New Bedford,2021,139232805,139232805,134253752,4979053,3.58,177262232,38029427
202,New Braintree,2021,2151701,2216701,2096520,120181,5.42,3000171,848470
203,New Marlborough,2021,5329113,5503302,5311985,191317,3.48,13360124,8031011
204,New Salem,2021,2134938,2314535,2290666,23869,1.03,2917303,782365
205,Newbury,2021,17575360,18002878,17997868,5010,0.03,42208884,24633524
206,Newburyport,2021,58726600,61898145,61029116,869029,1.4,120706321,61979721
207,Newton,2021,373675762,376815528,376720819,94709,0.03,804829020,431153258
208,Norfolk,2021,32894876,35622059,35607230,14829,0.04,49481976,16587100
209,North Adams,2021,19460894,19460894,19214135,246759,1.27,20171818,710924
210,North Andover,2021,80370687,80705586,80582310,123276,0.15,135787504,55416817
211,North Attleborough,2021,62508011,62905961,62859229,46732,0.07,106500850,43992839
212,North Brookfield,2021,6333313,7198375,7133636,64739,0.9,11330425,4997112
213,North Reading,2021,48765572,55034028,54979987,54041,0.1,87939838,39174266
214,Northampton,2021,66730590,67364033,64854760,2509273,3.72,93343062,26612472
215,Northborough,2021,55450240,57646969,54247746,3399223,5.9,79216918,23766678
216,Northbridge,2021,23216701,26780830,26763900,16930,0.06,46176501,22959800
217,Northfield,2021,9312053,9312053,7830302,1481751,15.91,12143768,2831715
218,Norton,2021,40225841,41238552,41222080,16472,0.04,69025587,28799746
219,Norwell,2021,46571075,48312655,48293943,18712,0.04,71272053,24700978
220,Norwood,2021,86514615,88292761,88117993,174768,0.2,146745749,60231134
221,Oak Bluffs,2021,24276340,26973121,26947881,25240,0.09,91410722,67134382
222,Oakham,2021,3133746,3187892,3116017,71875,2.25,5983136,2849390
223,Orange,2021,12073047,12240440,12236728,3712,0.03,15257765,3184718
224,Orleans,2021,26621552,33536436,33487118,49318,0.15,106782901,80161349
225,Otis,2021,5506920,5499169,5296863,202306,3.68,15634188,10127268
226,Oxford,2021,25030860,25453286,25438041,15245,0.06,38472537,13441677
227,Palmer,2021,20350802,20900627,20843491,57136,0.27,24672694,4321892
228,Paxton,2021,10600352,11679879,11678078,1801,0.02,14797362,4197010
229,Peabody,2021,127332468,127332468,111296694,16035774,12.59,219364651,92032183
230,Pelham,2021,4284010,4589920,3917043,672877,14.66,4571713,287703
231,Pembroke,2021,42490498,44326589,44320166,6423,0.01,75994797,33504299
232,Pepperell,2021,22779823,25489169,25487525,1644,0.01,35557373,12777550
233,Peru,2021,2236086,2236086,1915047,321039,14.36,2492252,256166
234,Petersham,2021,2855932,3023015,2667195,355820,11.77,4355315,1499383
235,Phillipston,2021,3677209,3791143,3626201,164942,4.35,5627252,1950043
236,Pittsfield,2021,96013146,96013146,91757214,4255932,4.43,96013146,0
237,Plainfield,2021,2156534,2270184,2013054,257130,11.33,2615715,459181
238,Plainville,2021,24231962,25038370,25031099,7271,0.03,40187960,15955998
239,Plymouth,2021,188298109,196139952,190395743,5744209,2.93,294547870,106249761
240,Plympton,2021,10361540,10617366,9996740,620626,5.85,14289222,3927682
241,Princeton,2021,9895271,10277124,9237591,1039533,10.12,14326289,4431018
242,Provincetown,2021,22048493,23763511,23745347,18164,0.08,87676535,65628042
243,Quincy,2021,285580015,285580015,248130464,37449551,13.11,448234839,162654824
244,Randolph,2021,66920456,66920456,66870163,50293,0.08,101911760,34991304
245,Raynham,2021,36574904,39532765,39099232,433533,1.1,61091305,24516401
246,Reading,2021,76089241,78928683,78840928,87755,0.11,143025908,66936667
247,Rehoboth,2021,26561340,27310380,27305700,4680,0.02,51559102,24997762
248,Revere,2021,95665289,95665289,95597669,67620,0.07,191611762,95946473
249,Richmond,2021,5471586,5622386,5372430,249956,4.45,10559021,5087435
250,Rochester,2021,13172714,14429017,14420966,8051,0.06,26965157,13792443
251,Rockland,2021,36298680,40205765,40193390,12375,0.03,58150160,21851480
252,Rockport,2021,23623593,24135144,24030594,104550,0.43,61680170,38056577
253,Rowe,2021,4661748,5075713,4278786,796927,15.7,12903238,8241490
254,Rowley,2021,15880249,17905909,17885636,20273,0.11,28699673,12819424
255,Royalston,2021,1825448,1989507,1987970,1537,0.08,3864638,2039190
256,Russell,2021,3745886,3745886,3517576,228310,6.09,4050640,304754
257,Rutland,2021,16204745,17561368,17557616,3752,0.02,26283857,10079112
258,Salem,2021,111930861,111930861,107301006,4629855,4.14,165220960,53290099
259,Salisbury,2021,22475272,23500992,23402774,98218,0.42,51959978,29484706
260,Sandisfield,2021,3328346,3328346,3215216,113130,3.4,6021005,2692659
261,Sandwich,2021,68530415,70822496,66734192,4088304,5.77,121158663,52628248
262,Saugus,2021,70854683,77332065,77310482,21583,0.03,131400387,60545704
263,Savoy,2021,1562267,1562267,1063719,498548,31.91,1876709,314442
264,Scituate,2021,63035327,68850210,68600566,249644,0.36,128658226,65622899
265,Seekonk,2021,44390184,46080469,46045617,34852,0.08,66611283,22221099
266,Sharon,2021,70884940,77743617,75279363,2464254,3.17,92118653,21233713
267,Sheffield,2021,11315939,11471413,9486986,1984427,17.3,17087510,5771571
268,Shelburne,2021,4477248,4572349,4100893,471456,10.31,7085165,2607917
269,Sherborn,2021,25808183,27374959,26234209,1140750,4.17,33410862,7602679
270,Shirley,2021,11314964,12166804,12160817,5987,0.05,18392040,7077076
271,Shrewsbury,2021,77695673,85762115,85717710,44405,0.05,162467230,84771557
272,Shutesbury,2021,5649760,5681824,5109643,572181,10.07,5649760,0
273,Somerset,2021,60290346,60290346,42097634,18192712,30.18,62270105,1979759
274,Somerville,2021,182757870,184093709,184014988,78721,0.04,482447295,299689425
275,South Hadley,2021,28954479,30161230,30151797,9433,0.03,43774386,14819907
276,Southampton,2021,12799413,13020543,13019553,990,0.01,20381267,7581854
277,Southborough,2021,46502554,48856973,44609884,4247089,8.69,68799944,22297390
278,Southbridge,2021,23419283,23635621,23196905,438716,1.86,29831411,6412128
279,Southwick,2021,20817839,22205978,20413815,1792163,8.07,29013381,8195542
280,Spencer,2021,15352342,17211717,17208889,2828,0.02,30642609,15290267
281,Springfield,2021,228522820,228522820,227490720,1032100,0.45,235905338,7382518
282,Sterling,2021,20691991,21540966,20331571,1209395,5.61,30768117,10076126
283,Stockbridge,2021,9069900,10604430,9150061,1454369,13.71,23389726,14319826
284,Stoneham,2021,52362187,54276312,53893181,383131,0.71,115009795,62647608
285,Stoughton,2021,71357804,75976329,75944397,31932,0.04,110254435,38896631
286,Stow,2021,28945474,31343718,28924173,2419545,7.72,36191408,7245934
287,Sturbridge,2021,25903627,27352896,26237691,1115205,4.08,34486976,8583349
288,Sudbury,2021,90842088,93076677,92444615,632062,0.68,120307643,29465555
289,Sunderland,2021,5997413,6400762,5967216,433546,6.77,9630756,3633343
290,Sutton,2021,21869979,25766690,25764044,2646,0.01,40256319,18386340
291,Swampscott,2021,53587582,55311185,49731152,5580033,10.09,85241593,31654011
292,Swansea,2021,36723823,37043373,35642424,1400949,3.78,57795276,21071453
293,Taunton,2021,111223321,112372297,112358199,14098,0.01,158989617,47766296
294,Templeton,2021,10681125,12282686,12276184,6502,0.05,19050566,8369441
295,Tewksbury,2021,85074472,97389029,97381555,7474,0.01,137602906,52528434
296,Tisbury,2021,26385317,27459244,26798977,660267,2.4,78091045,51705728
297,Tolland,2021,1553376,1844807,1837843,6964,0.38,4972520,3419144
298,Topsfield,2021,25256908,26525646,26231311,294335,1.11,36595021,11338113
299,Townsend,2021,17807325,19587746,19559858,27888,0.14,26677385,8870060
300,Truro,2021,16597422,17481627,16848463,633164,3.62,59192960,42595538
301,Tyngsborough,2021,29429241,29807942,29776293,31649,0.11,46322795,16893554
302,Tyringham,2021,1577691,1577691,1432401,145290,9.21,5189859,3612168
303,Upton,2021,21315215,21857426,21855417,2009,0.01,32914784,11599569
304,Uxbridge,2021,31371477,33516926,32225362,1291564,3.85,50925035,19553558
305,Wakefield,2021,77387411,79873109,79827180,45929,0.06,141565848,64178437
306,Wales,2021,3518108,3518108,3511127,6981,0.2,4326179,808071
307,Walpole,2021,78212188,79321819,79315130,6689,0.01,128207692,49995504
308,Waltham,2021,245720542,245720542,195869943,49850599,20.29,371202482,125481940
309,Ware,2021,16080570,16110470,15913609,196861,1.22,19714579,3634009
310,Wareham,2021,43624089,45071301,45070058,1243,0,100963391,57339302
311,Warren,2021,8602186,8642815,6948510,1694305,19.6,10884257,2282071
312,Warwick,2021,1856728,1876728,1571360,305368,16.27,2001222,144494
313,Washington,2021,1298775,1402689,1399767,2922,0.21,2096715,797940
314,Watertown,2021,123391323,123391323,123336497,54826,0.04,234959259,111567936
315,Wayland,2021,75548618,79628236,74069812,5558424,6.98,99986248,24437630
316,Webster,2021,24102092,26620097,26603730,16367,0.06,44045910,19943818
317,Wellesley,2021,139112513,149522473,149412383,110090,0.07,317898688,178786175
318,Wellfleet,2021,17177914,18869739,18854686,15053,0.08,62129252,44951338
319,Wendell,2021,2583763,2721700,2536222,185478,6.81,2583763,0
320,Wenham,2021,17879600,18338802,18214087,124715,0.68,23137814,5258214
321,West Boylston,2021,18723755,19607500,19599527,7973,0.04,26543239,7819484
322,West Bridgewater,2021,26412538,29061118,26286298,2774820,9.55,32528791,6116253
323,West Brookfield,2021,6413228,6413228,6411716,1512,0.02,11425011,5011783
324,West Newbury,2021,14732479,16000520,14905654,1094866,6.84,25043101,10310622
325,West Springfield,2021,72606200,72606200,63434131,9172069,12.63,72606200,0
326,West Stockbridge,2021,6310078,6400874,5335081,1065793,16.65,9588571,3278493
327,West Tisbury,2021,16771372,17833216,17406415,426801,2.39,71337766,54566394
328,Westborough,2021,92289938,93202676,81001006,12201670,13.09,109224658,16934720
329,Westfield,2021,85946506,85946506,79105994,6840512,7.96,89882080,3935574
330,Westford,2021,82208606,85205917,85181353,24564,0.03,127976793,45768187
331,Westhampton,2021,4717089,5031318,4993952,37366,0.74,6048877,1331788
332,Westminster,2021,20697368,21550937,19149488,2401449,11.14,28564272,7866904
333,Weston,2021,84137267,94118556,82920377,11198179,11.9,159707968,75570701
334,Westport,2021,29163246,31594494,31580770,13724,0.04,91591561,62428315
335,Westwood,2021,83076625,84294041,83468800,825241,0.98,124101130,41024505
336,Weymouth,2021,116020265,116845792,116763551,82241,0.07,230125720,114105455
337,Whately,2021,5483508,5483508,4333735,1149773,20.97,7261620,1778112
338,Whitman,2021,27156448,28265846,28254895,10951,0.04,45572412,18415964
339,Wilbraham,2021,40099245,41914839,40826191,1088648,2.6,44453605,4354360
340,Williamsburg,2021,6354536,6806845,6804794,2051,0.03,8112534,1757998
341,Williamstown,2021,19135788,20666097,17980859,2685238,12.99,25983901,6848113
342,Wilmington,2021,87640834,90463137,90433884,29253,0.03,125889994,38249160
343,Winchendon,2021,12974050,13296092,13116969,179123,1.35,20860319,7886269
344,Winchester,2021,94572189,108194346,106477801,1716545,1.59,207895742,113323553
345,Windsor,2021,1959829,1969454,1697818,271636,13.79,3252525,1292696
346,Winthrop,2021,31043462,35134712,35131196,3516,0.01,69264976,38221514
347,Woburn,2021,140963591,142780304,116657348,26122956,18.3,223258079,82294488
348,Worcester,2021,351294265,351294265,330817261,20477005,5.83,395618919,44324654
349,Worthington,2021,3069614,3160709,2834338,326372,10.33,4318004,1248390
350,Wrentham,2021,36202237,36903941,36513295,390646,1.06,61942712,25740475
351,Yarmouth,2021,63503534,66115868,66088686,27182,0.04,172826062,109322528
001,Abington,2022,36073209,39807420,39792894,14526,0.04,65362835,29289626
002,Acton,2022,93507823,99685764,99256117,429647,0.43,127578557,34070734
003,Acushnet,2022,20137013,20575073,20464838,110235,0.54,37225387,17088374
004,Adams,2022,12513878,13181304,12451743,729561,5.53,14277355,1763477
005,Agawam,2022,81709365,81709365,67313488,14395877,17.62,86958522,5249157
006,Alford,2022,1796681,1918206,1575716,342490,17.85,7503411,5706730
007,Amesbury,2022,50731043,53061799,49791611,3270188,6.16,70366889,19635846
008,Amherst,2022,59363267,59363267,59206034,157233,0.26,69588662,10225395
009,Andover,2022,162894022,165894596,165459877,434719,0.26,241464134,78570112
010,Arlington,2022,130879853,143002372,142948226,54146,0.04,312933946,182054093
011,Ashburnham,2022,14035473,15746475,15743689,2786,0.02,20847046,6811573
012,Ashby,2022,6667900,7095718,7093430,2288,0.03,10024633,3356733
013,Ashfield,2022,4623745,4783043,4780789,2254,0.05,6876854,2253109
014,Ashland,2022,49856612,53022976,53019660,3316,0.01,83469237,33612625
015,Athol,2022,14377253,16105086,15860863,244223,1.52,24705394,10328141
016,Attleboro,2022,82416915,88623297,88623247,50,0,142591810,60174895
017,Auburn,2022,50724825,53556610,45679722,7876888,14.71,64327397,13602572
018,Avon,2022,22632233,24668430,22076540,2591890,10.51,25490652,2858419
019,Ayer,2022,27927845,29426878,26338442,3088436,10.5,36549782,8621937
020,Barnstable,2022,134028054,136353414,136243968,109446,0.08,434112432,300084378
021,Barre,2022,9037794,9310164,9252206,57958,0.62,13735460,4697666
022,Becket,2022,6634346,6943864,6381956,561908,8.09,14773046,8138700
023,Bedford,2022,79355810,81690647,73491669,8198978,10.04,107415976,28060166
024,Belchertown,2022,30990807,30947466,30937000,10466,0.03,43795300,12804493
025,Bellingham,2022,48045320,48885320,48668543,216777,0.44,76918433,28873113
026,Belmont,2022,99443942,111732037,111719938,12099,0.01,241608863,142164921
027,Berkley,2022,10781343,14461966,14454100,7866,0.05,26280182,15498839
028,Berlin,2022,13393194,14205616,12906972,1298644,9.14,17795531,4402337
029,Bernardston,2022,4858478,4858478,4730079,128399,2.64,6875115,2016637
030,Beverly,2022,116335974,116335974,115210687,1125287,0.97,210879936,94543962
031,Billerica,2022,157666834,163256724,137589958,25666766,15.72,209149501,51482667
032,Blackstone,2022,20913160,20913160,20851082,62078,0.3,29121623,8208463
033,Blandford,2022,3819963,3897741,3333690,564052,14.47,5635040,1815077
034,Bolton,2022,23233405,24229420,24131878,97542,0.4,30362202,7128797
035,Boston,2022,2823728724,2823728724,2823323376,405348,0.01,4945672898,2121944174
036,Bourne,2022,52038832,56502655,56464100,38555,0.07,139901141,87862309
037,Boxborough,2022,23615104,24588520,21887645,2700875,10.98,31411660,7796556
038,Boxford,2022,33017615,33706751,31971752,1734999,5.15,52516018,19498403
039,Boylston,2022,15369036,16794860,15296784,1498076,8.92,24142651,8773615
040,Braintree,2022,102673152,105333106,105311540,21566,0.02,213759774,111086622
041,Brewster,2022,35726951,38011698,37992076,19622,0.05,120993874,85266923
042,Bridgewater,2022,49092987,53606691,53585662,21029,0.04,93550387,44457400
043,Brimfield,2022,8257247,8433200,8281754,151446,1.8,12601573,4344326
044,Brockton,2022,160629125,160629125,160520425,108700,0.07,249214913,88585788
045,Brookfield,2022,6123080,6209828,5872134,337694,5.44,8935080,2812000
046,Brookline,2022,251866661,272124854,272124393,461,0,702933969,451067308
047,Buckland,2022,4303082,4521588,4501336,20252,0.45,6706400,2403318
048,Burlington,2022,141619356,141619356,129801144,11818212,8.35,198754073,57134717
049,Cambridge,2022,691327733,691327733,494731992,196595741,28.44,1598823843,907496110
050,Canton,2022,87873937,89356166,87628310,1727856,1.93,153119345,65245408
051,Carlisle,2022,29799860,32030776,28880326,3150450,9.84,43758070,13958210
052,Carver,2022,27951662,28969958,28956721,13237,0.05,41306233,13354571
053,Charlemont,2022,3465178,3465178,3199193,265985,7.68,3858168,392990
054,Charlton,2022,27363585,27811791,27800829,10962,0.04,52296518,24932933
055,Chatham,2022,33877502,40715889,38045718,2670171,6.56,205875098,171997596
056,Chelmsford,2022,110234601,113379438,111899279,1480159,1.31,170351749,60117148
057,Chelsea,2022,70353975,70353975,70345828,8147,0.01,119665188,49311213
058,Cheshire,2022,4154233,4568831,4526126,42705,0.93,8867802,4713569
059,Chester,2022,3056268,3123657,2795618,328039,10.5,3643924,587656
060,Chesterfield,2022,3561791,3578560,3358150,220410,6.16,4600206,1038415
061,Chicopee,2022,102166800,102166800,95204383,6962417,6.81,111370272,9203472
062,Chilmark,2022,10272571,10776648,10405064,371584,3.45,92243475,81970904
063,Clarksburg,2022,2125207,2343438,2340972,2466,0.11,3551232,1426025
064,Clinton,2022,31109613,31811361,29855808,1955553,6.15,44674454,13564841
065,Cohasset,2022,41862408,42708471,42674497,33974,0.08,84941276,43078868
066,Colrain,2022,3989886,4099667,3934981,164686,4.02,4803444,813558
067,Concord,2022,98905503,105774848,100764774,5010074,4.74,170672043,71766540
068,Conway,2022,5755096,5872168,5307714,564454,9.61,7392360,1637264
069,Cummington,2022,2149059,2401366,2048597,352769,14.69,3544285,1395226
070,Dalton,2022,13782749,15559814,14181356,1378458,8.86,17094209,3311460
071,Danvers,2022,86921395,86921395,86909437,11958,0.01,150441816,63520421
072,Dartmouth,2022,68928146,69890584,69887478,3106,0,163559864,94631718
073,Dedham,2022,104010191,106379064,97098374,9280690,8.72,152115005,48104814
074,Deerfield,2022,12295374,12750691,12750403,288,0,21012529,8717155
075,Dennis,2022,46565326,49309135,48081848,1227287,2.49,214651106,168085780
076,Dighton,2022,19995203,20652215,19634107,1018108,4.93,31130519,11135316
077,Douglas,2022,17653758,20071546,20058686,12860,0.06,30689544,13035786
078,Dover,2022,36675391,37808329,34509180,3299149,8.73,69462923,32787532
079,Dracut,2022,52482060,55568696,55524147,44549,0.08,112945783,60463723
080,Dudley,2022,13114072,14557882,14550650,7232,0.05,31091133,17977061
081,Dunstable,2022,10300200,10665320,10518575,146745,1.38,17243566,6943366
082,Duxbury,2022,61275267,67446508,67220113,226395,0.34,130880283,69605016
083,East Bridgewater,2022,30546777,33119045,33106076,12969,0.04,53054608,22507831
084,East Brookfield,2022,4166659,4296659,4179513,117146,2.73,7722677,3556018
085,East Longmeadow,2022,47811490,48094394,45380748,2713646,5.64,55915165,8103675
086,Eastham,2022,24107335,29201654,29174589,27065,0.09,85007544,60900209
087,Easthampton,2022,25946961,30873854,30763400,110454,0.36,46526618,20579657
088,Easton,2022,61304269,63747398,63740149,7249,0.01,103541503,42237234
089,Edgartown,2022,31536771,33953286,32135853,1817433,5.35,265147300,233610529
090,Egremont,2022,4843768,4925354,4449338,476017,9.66,14026915,9183147
091,Erving,2022,11707406,11707406,11698389,9017,0.08,24055652,12348246
092,Essex,2022,13560783,16023289,15836963,186326,1.16,25218094,11657311
093,Everett,2022,156357515,156357515,100040824,56316691,36.02,182075469,25717954
094,Fairhaven,2022,30732262,31550122,31496394,53728,0.17,67573128,36840866
095,Fall River,2022,117835118,122324207,117800287,4523920,3.7,190658734,72823616
096,Falmouth,2022,105746100,117045004,115710256,1334748,1.14,359348621,253602521
097,Fitchburg,2022,60262734,60262734,60258235,4499,0.01,85545479,25282745
098,Florida,2022,2928489,2928489,2928452,37,0,4548266,1619777
099,Foxborough,2022,53876279,55988059,55962449,25610,0.05,90585248,36708969
100,Framingham,2022,235742790,237226036,200061161,37164875,15.67,294975509,59232719
101,Franklin,2022,83859338,87707269,87652999,54270,0.06,155966191,72106853
102,Freetown,2022,23855377,24672948,24540527,132421,0.54,43877828,20022451
103,Gardner,2022,30509065,30509065,30048336,460729,1.51,40409274,9900209
104,Aquinnah,2022,5289017,5390115,5380974,9141,0.17,21455240,16166223
105,Georgetown,2022,20731581,22982622,22979887,2735,0.01,40802357,20070776
106,Gill,2022,3151943,3190340,2988042,202298,6.34,4483857,1331914
107,Gloucester,2022,88952909,93590160,93514953,75207,0.08,198688727,109735818
108,Goshen,2022,2814532,2878075,2856878,21197,0.74,4427895,1613363
109,Gosnold,2022,788035,788035,720182,67853,8.61,5961772,5173737
110,Grafton,2022,46431929,52295694,50535913,1759781,3.37,74845842,28413913
111,Granby,2022,13420019,14211538,14207138,4400,0.03,18634757,5214738
112,Granville,2022,3760540,3982095,3455508,526587,13.22,5653646,1893106
113,Great Barrington,2022,25753823,27128315,25134939,1993376,7.35,42286237,16532414
114,Greenfield,2022,37880949,39302299,37211171,2091128,5.32,41679179,3798230
115,Groton,2022,34157624,36298084,36277152,20933,0.06,52759092,18601468
116,Groveland,2022,15549999,17874009,17776351,97658,0.55,30712425,15162426
117,Hadley,2022,12515223,13542429,13248723,293706,2.17,26350837,13835614
118,Halifax,2022,17987117,18851412,18619482,231930,1.23,29074769,11087652
119,Hamilton,2022,31148104,31929071,31830101,98970,0.31,44505175,13357071
120,Hampden,2022,13512811,14417789,13517967,899822,6.24,18052840,4540029
121,Hancock,2022,2546482,2546482,973218,1573264,61.78,8110149,5563667
122,Hanover,2022,46137903,49935680,49021701,913979,1.83,79875685,33737782
123,Hanson,2022,24538424,25118346,25104104,14242,0.06,41590630,17052206
124,Hardwick,2022,4391799,4422981,4415813,7168,0.16,7509886,3118087
125,Harvard,2022,22301670,25218987,24993047,225940,0.9,34921079,12619409
126,Harwich,2022,48882553,54677406,54633102,44304,0.08,168412769,119530216
127,Hatfield,2022,8180379,8519607,8454198,65409,0.77,15461225,7280846
128,Haverhill,2022,118846898,120035191,115387595,4647596,3.87,204321759,85474861
129,Hawley,2022,1015054,1019376,911300,108076,10.6,1300372,285318
130,Heath,2022,2434992,2473082,2175502,297580,12.03,2528478,93486
131,Hingham,2022,89363478,93170255,92987535,182720,0.2,201097611,111734133
132,Hinsdale,2022,5355597,5355597,4621578,734019,13.71,8458232,3102635
133,Holbrook,2022,27927827,32131071,29302514,2828557,8.8,39224685,11296858
134,Holden,2022,42995432,47020434,46316744,703690,1.5,69922621,26927189
135,Holland,2022,6193659,6193659,6096269,97390,1.57,9807383,3613724
136,Holliston,2022,51710888,53148676,52827444,321232,0.6,75988843,24277955
137,Holyoke,2022,59911749,59911749,58990114,921635,1.54,60579953,668204
138,Hopedale,2022,16514911,16807467,16804517,2950,0.02,22771871,6256960
139,Hopkinton,2022,76183842,82666144,82597623,68521,0.08,121325358,45141516
140,Hubbardston,2022,7705978,7708280,7705647,2633,0.03,13760084,6054106
141,Hudson,2022,56642572,60545912,59464138,1081774,1.79,82318522,25675950
142,Hull,2022,32289848,33605640,33601235,4405,0.01,66988108,34698260
143,Huntington,2022,3964139,4136634,4135243,1391,0.03,5887305,1923166
144,Ipswich,2022,43511747,44321384,44274641,46743,0.11,86070453,42558706
145,Kingston,2022,37771783,38745709,37463205,1282504,3.31,64237320,26465537
146,Lakeville,2022,25918179,27097337,27082452,14885,0.05,56094558,30176379
147,Lancaster,2022,20305497,21898926,21662400,236526,1.08,27843702,7538205
148,Lanesborough,2022,9762454,10264624,8666567,1598057,15.57,11343673,1581219
149,Lawrence,2022,89698755,89698755,81255538,8443217,9.41,146861341,57162586
150,Lee,2022,18064616,18376361,14614258,3762103,20.47,26766040,8701424
151,Leicester,2022,16424773,17556084,17548801,7283,0.04,31359545,14934772
152,Lenox,2022,20300666,20300666,16412035,3888631,19.16,35956186,15655520
153,Leominster,2022,86926833,86926833,80751420,6175413,7.1,121907337,34980504
154,Leverett,2022,6117461,6520649,5739313,781336,11.98,7615862,1498401
155,Lexington,2022,204256773,218204764,218176732,28032,0.01,351123374,146866601
156,Leyden,2022,2078631,2078631,1650830,427801,20.58,2557048,478417
157,Lincoln,2022,31120030,35483049,35481857,1192,0,58558332,27438302
158,Littleton,2022,43986244,45240803,45161561,79242,0.18,56957699,12971455
159,Longmeadow,2022,52902505,58880030,58490233,389797,0.66,59344798,6442293
160,Lowell,2022,171723047,171723047,153566291,18156756,10.57,266844066,95121019
161,Ludlow,2022,46068433,47859958,46706486,1153472,2.41,58412314,12343881
162,Lunenburg,2022,27131063,29959876,29956477,3399,0.01,43566721,16435658
163,Lynn,2022,147954540,147954540,147910098,44442,0.03,273058841,125104301
164,Lynnfield,2022,47340833,50701843,50697287,4556,0.01,98348895,51008062
165,Malden,2022,101685688,101685688,101672643,13045,0.01,232078214,130392526
166,Manchester By The Sea,2022,27036627,30820167,30055926,764241,2.48,70886617,43849990
167,Mansfield,2022,70370223,72435128,72420492,14636,0.02,113139252,42769029
168,Marblehead,2022,67106065,76318627,76282235,36392,0.05,181279077,114173012
169,Marion,2022,20711514,21493000,21326550,166450,0.77,49139517,28428003
170,Marlborough,2022,155802418,155802418,110773696,45028722,28.9,174916520,19114102
171,Marshfield,2022,70206984,76202166,76082481,119685,0.16,146877377,76670393
172,Mashpee,2022,53872786,55619221,53012263,2606958,4.69,165044406,111171620
173,Mattapoisett,2022,24543518,25991484,25835478,156006,0.6,52087658,27544140
174,Maynard,2022,33668813,36429084,36295197,133887,0.37,42794894,9126081
175,Medfield,2022,47717256,52099181,52070601,28580,0.05,74728187,27010931
176,Medford,2022,128409819,128409819,128205269,204550,0.16,325453866,197044047
177,Medway,2022,45032443,46639233,45032488,1606745,3.45,66498063,21465620
178,Melrose,2022,69288556,71196790,71171656,25134,0.04,162714131,93425575
179,Mendon,2022,17527266,18657968,18657126,842,0,30267888,12740622
180,Merrimac,2022,14466667,16638946,16434827,204119,1.23,25145084,10678417
181,Methuen,2022,100813580,100813580,100767169,46411,0.05,172050769,71237189
182,Middleborough,2022,48650625,51566528,51537292,29236,0.06,82836579,34185954
183,Middlefield,2022,1549793,1566510,1290628,275882,17.61,1813699,263906
184,Middleton,2022,31863977,33221453,32504382,717071,2.16,61329022,29465045
185,Milford,2022,79290090,79290090,74691925,4598165,5.8,103740671,24450581
186,Millbury,2022,29386314,30989282,30159609,829673,2.68,50266014,20879700
187,Millis,2022,25877750,29041137,29030890,10247,0.04,38441326,12563576
188,Millville,2022,5332243,5479935,5479320,615,0.01,9065718,3733475
189,Milton,2022,88481913,91311093,91292668,18425,0.02,179025046,90543133
190,Monroe,2022,704227,760135,605060,155075,20.4,781736,77509
191,Monson,2022,15368138,15961864,15789315,172549,1.08,22138691,6770553
192,Montague,2022,19683180,20840128,20207539,632589,3.04,25622356,5939176
193,Monterey,2022,4435576,4726538,3953348,773190,16.36,13576057,9140481
194,Montgomery,2022,1985411,1985411,1715623,269788,13.59,3074594,1089183
195,Mount Washington,2022,673437,673437,593140,80297,11.92,2426922,1753485
196,Nahant,2022,10034595,11182002,11181061,941,0.01,28552249,18517654
197,Nantucket,2022,89231193,99157029,95470203,3686826,3.72,634011529,544780336
198,Natick,2022,121689407,130852886,130811595,41291,0.03,245149167,123459760
199,Needham,2022,159034818,171437717,170833899,603818,0.35,282791974,123757156
200,New Ashford,2022,627507,627507,460451,167056,26.62,1052218,424711
201,New Bedford,2022,144944059,144944059,141474557,3469502,2.39,184709115,39765056
202,New Braintree,2022,2287520,2332520,2132432,200088,8.58,3280665,993145
203,New Marlborough,2022,5547556,5705869,5463497,242372,4.25,14686820,9139264
204,New Salem,2022,2212915,2434731,2433778,953,0.04,3215880,1002965
205,Newbury,2022,18225023,18618942,18615050,3892,0.02,47829008,29603985
206,Newburyport,2022,61029959,64201694,63562057,639637,1,132310694,71280735
207,Newton,2022,389181547,392310892,392295695,15197,0,858859388,469677841
208,Norfolk,2022,34447051,37130533,37092572,37961,0.1,50951335,16504284
209,North Adams,2022,20111402,20111402,20065871,45531,0.23,21464281,1352879
210,North Andover,2022,83255469,83564943,83507618,57325,0.07,147141021,63885552
211,North Attleborough,2022,65190045,65572245,65551409,20836,0.03,113493467,48303422
212,North Brookfield,2022,6857276,7690752,7687806,2946,0.04,12933726,6076450
213,North Reading,2022,51082126,57221719,57210008,11711,0.02,95350014,44267888
214,Northampton,2022,69508933,70129409,70106847,22562,0.03,97969322,28460389
215,Northborough,2022,57890129,60091997,55729216,4362781,7.26,84489412,26599283
216,Northbridge,2022,24383206,28301058,28298980,2078,0.01,51377960,26994754
217,Northfield,2022,9638154,9638154,8346001,1292153,13.41,15064983,5426829
218,Norton,2022,41946708,42995599,42974870,20729,0.05,75341638,33394930
219,Norwell,2022,48350778,49952836,49931219,21617,0.04,75107129,26756351
220,Norwood,2022,89917738,91649624,91267092,382532,0.42,162564377,72646639
221,Oak Bluffs,2022,25148661,28454831,28447910,6921,0.02,105363841,80215180
222,Oakham,2022,3260030,3308726,3249004,59722,1.8,6385622,3125592
223,Orange,2022,12410064,12685509,12680475,5034,0.04,16580119,4170055
224,Orleans,2022,28108257,33895970,33712596,183374,0.54,117057626,88949369
225,Otis,2022,5706169,5699013,5417397,281616,4.94,17475475,11769306
226,Oxford,2022,25986965,26394271,26332634,61637,0.23,40737367,14750402
227,Palmer,2022,20943308,21481883,21473511,8372,0.04,27072001,6128693
228,Paxton,2022,10952598,12010609,12010360,249,0,15819758,4867160
229,Peabody,2022,131687580,131687580,113018754,18668826,14.18,233925202,102237622
230,Pelham,2022,4425144,4734482,4101257,633225,13.37,4986938,561794
231,Pembroke,2022,43989900,45930711,45899521,31190,0.07,81094561,37104661
232,Pepperell,2022,23727673,26370689,26356382,14307,0.05,38420382,14692709
233,Peru,2022,2323614,2323614,1908713,414901,17.86,2604684,281070
234,Petersham,2022,2959779,3165312,2486636,678676,21.44,4591278,1631499
235,Phillipston,2022,3760614,3907734,3876273,31461,0.81,6219951,2459337
236,Pittsfield,2022,99983107,99983107,94664472,5318635,5.32,102378780,2395673
237,Plainfield,2022,2294403,2457398,2250337,207061,8.43,2819972,525569
238,Plainville,2022,25427742,26178873,26172672,6201,0.02,42968554,17540812
239,Plymouth,2022,197013956,204295401,194040360,10255041,5.02,314388140,117374184
240,Plympton,2022,10771602,11016112,10404412,611700,5.55,15473545,4701943
241,Princeton,2022,10211423,10574071,9612338,961733,9.1,15325794,5114371
242,Provincetown,2022,22980526,24831386,24410222,421164,1.7,95844353,72863827
243,Quincy,2022,299034035,299034035,257851159,41182876,13.77,472805948,173771913
244,Randolph,2022,68992988,68992988,68565346,427642,0.62,113814299,44821311
245,Raynham,2022,37932638,40825723,40801659,24064,0.06,63350532,25417894
246,Reading,2022,79605148,82390074,82383721,6353,0.01,154993795,75388647
247,Rehoboth,2022,27952114,28680076,28250075,430001,1.5,55742057,27789943
248,Revere,2022,102073296,102073296,102049835,23461,0.02,217173157,115099861
249,Richmond,2022,5636740,5976740,5933898,42842,0.72,11644227,6007487
250,Rochester,2022,13907080,15147778,15140394,7384,0.05,29710350,15803270
251,Rockland,2022,37510792,42782440,42698832,83609,0.2,63729599,26218807
252,Rockport,2022,25133435,25624835,25602073,22762,0.09,65178394,40044959
253,Rowe,2022,4929333,5243427,4353862,889565,16.97,13145669,8216336
254,Rowley,2022,16592852,18623321,18608049,15272,0.08,31819509,15226657
255,Royalston,2022,1876923,1973693,1973438,255,0.01,4040618,2163695
256,Russell,2022,3998012,3998012,3606395,391617,9.8,4530648,532636
257,Rutland,2022,17045787,18343142,18342945,197,0,29042028,11996241
258,Salem,2022,116782246,116782246,110173970,6608276,5.66,177966420,61184174
259,Salisbury,2022,23485297,24448157,24299786,148371,0.61,54532733,31047436
260,Sandisfield,2022,3437839,3437839,3295513,142326,4.14,6386652,2948813
261,Sandwich,2022,70893641,73822072,69563422,4258650,5.77,132149357,61255716
262,Saugus,2022,73485587,80532555,80509367,23188,0.03,141622749,68137162
263,Savoy,2022,1614823,1614823,1107960,506863,31.39,1923543,308720
264,Scituate,2022,66214508,72595072,72256687,338385,0.47,143139237,76924729
265,Seekonk,2022,46016987,47993935,47991822,2113,0,70517269,24500282
266,Sharon,2022,73736939,81397000,78115990,3281010,4.03,98881000,25144061
267,Sheffield,2022,11688253,11839314,9548765,2290549,19.35,19189640,7501387
268,Shelburne,2022,4663121,4754661,4420439,334222,7.03,7626706,2963585
269,Sherborn,2022,27083123,28708559,27077829,1630730,5.68,35572556,8489433
270,Shirley,2022,11716695,12532996,12461681,71315,0.57,20125454,8408759
271,Shrewsbury,2022,90227774,99986261,98547211,1439050,1.44,174605264,84377490
272,Shutesbury,2022,5809753,5841391,5303470,537921,9.21,6073603,263850
273,Somerset,2022,62846217,62846217,42071129,20775088,33.06,68470473,5624256
274,Somerville,2022,198051137,204084747,200839916,3244831,1.59,521325640,323274503
275,South Hadley,2022,29923079,30956564,30952028,4536,0.01,47039556,17116477
276,Southampton,2022,13305676,13572980,13565355,7625,0.06,22503907,9198231
277,Southborough,2022,48293574,50687812,46487997,4199815,8.29,71388201,23094627
278,Southbridge,2022,24761280,24972850,24006111,966739,3.87,33528089,8766809
279,Southwick,2022,21521236,22916191,21081143,1835048,8.01,31038197,9516961
280,Spencer,2022,16013293,17756063,17750602,5461,0.03,33720748,17707455
281,Springfield,2022,239858463,239858463,237342959,2515504,1.05,249922639,10064176
282,Sterling,2022,21437209,22041757,20444413,1597344,7.25,33515431,12078222
283,Stockbridge,2022,9364220,10780478,9288879,1491599,13.84,24757140,15392920
284,Stoneham,2022,54320555,55863178,55739581,123597,0.22,123109664,68789109
285,Stoughton,2022,74129113,78749388,78737368,12020,0.02,120389854,46260741
286,Stow,2022,29894404,32364974,29560213,2804761,8.67,37781458,7887054
287,Sturbridge,2022,26949635,28366078,27737893,628185,2.21,36211349,9261714
288,Sudbury,2022,93782458,96516552,95995345,521207,0.54,129961622,36179164
289,Sunderland,2022,6409039,6637582,6449150,188432,2.84,10967942,4558903
290,Sutton,2022,22837326,26666512,26661536,4976,0.02,43908986,21071660
291,Swampscott,2022,55488682,57187499,51396158,5791341,10.13,94335712,38847030
292,Swansea,2022,38228668,38513398,36401059,2112339,5.48,64344266,26115598
293,Taunton,2022,116131084,117244384,117231643,12741,0.01,176449903,60318819
294,Templeton,2022,11208891,12746619,12740880,5739,0.05,20900393,9691502
295,Tewksbury,2022,88834551,100826681,100812797,13884,0.01,147066120,58231569
296,Tisbury,2022,27315489,28403975,27761687,642288,2.26,85451210,58135721
297,Tolland,2022,1641800,1924384,1889918,34466,1.79,5249772,3607972
298,Topsfield,2022,26038050,27264434,27019556,244878,0.9,40569904,14531854
299,Townsend,2022,18375795,20069925,19960289,109636,0.55,28336584,9960789
300,Truro,2022,17153807,18338879,18231305,107574,0.59,61811104,44657297
301,Tyngsborough,2022,30621435,30982176,30421666,560510,1.81,50906402,20284967
302,Tyringham,2022,1645948,1645948,1462492,183456,11.15,5440818,3794870
303,Upton,2022,22334142,22858189,22833401,24788,0.11,34039060,11704918
304,Uxbridge,2022,32924433,35051093,32162905,2888188,8.24,53039092,20114659
305,Wakefield,2022,81046888,83528036,83507481,20555,0.02,153707769,72660881
306,Wales,2022,3665437,3665437,3636723,28714,0.78,4909183,1243746
307,Walpole,2022,81749590,82826509,82820279,6230,0.01,137362846,55613256
308,Waltham,2022,256735214,256735214,205802236,50932978,19.84,393339197,136603983
309,Ware,2022,16671644,16700794,16458984,241810,1.45,21275833,4604189
310,Wareham,2022,45183810,46629241,46600587,28654,0.06,107177062,61993252
311,Warren,2022,8979423,9019255,7198351,1820904,20.19,11565474,2586051
312,Warwick,2022,1911505,1931505,1849055,82450,4.27,2193943,282438
313,Washington,2022,1352183,1459572,1412491,47081,3.23,2379534,1027351
314,Watertown,2022,134418141,134418141,134344563,73578,0.05,251240608,116822467
315,Wayland,2022,77742107,81392307,77151223,4241084,5.21,105110658,27368551
316,Webster,2022,25114199,27459208,27447253,11955,0.04,49153391,24039192
317,Wellesley,2022,144430078,155418161,155406897,11264,0.01,332634625,188204547
318,Wellfleet,2022,17937060,20807077,20782263,24814,0.12,69881684,51944624
319,Wendell,2022,2685273,2804811,2613931,190880,6.81,2811888,126615
320,Wenham,2022,18484071,19004857,18997145,7712,0.04,24255803,5771732
321,West Boylston,2022,19255467,20113397,20073335,40062,0.2,28384241,9128774
322,West Bridgewater,2022,27490639,30047896,27552312,2495584,8.31,34136914,6646275
323,West Brookfield,2022,6629489,6629489,6602359,27130,0.41,12476112,5846623
324,West Newbury,2022,15339296,16533729,14953991,1579738,9.55,28735571,13396275
325,West Springfield,2022,75577385,75577385,64399140,11178245,14.79,79144776,3567391
326,West Stockbridge,2022,6535357,6621222,5366120,1255102,18.96,10680971,4145614
327,West Tisbury,2022,17721891,18757874,18402373,355501,1.9,79047996,61326105
328,Westborough,2022,96771630,97522843,83748220,13774623,14.12,113234479,16462849
329,Westfield,2022,90147758,90147758,82080491,8067267,8.95,94954517,4806759
330,Westford,2022,85134705,88128696,88115910,12786,0.01,136656187,51521482
331,Westhampton,2022,4883718,5178609,5105882,72727,1.4,6229724,1346006
332,Westminster,2022,21673199,22505733,19665247,2840486,12.62,31115897,9442698
333,Weston,2022,87485049,97315689,87308136,10007553,10.28,170390585,82905536
334,Westport,2022,30584201,34363575,34340368,23207,0.07,101239293,70655092
335,Westwood,2022,86718329,87767148,86593964,1173184,1.34,126980332,40262003
336,Weymouth,2022,121256006,125716186,125639342,76844,0.06,253190432,131934426
337,Whately,2022,5685022,5685022,4481977,1203045,21.16,8172825,2487803
338,Whitman,2022,28505008,29586093,29567099,18994,0.06,50767684,22262676
339,Wilbraham,2022,41623104,43402435,42283989,1118446,2.58,51591006,9967902
340,Williamsburg,2022,6634974,7045070,6856804,188266,2.67,8817906,2182932
341,Williamstown,2022,19862585,21107934,18652949,2454986,11.63,27560503,7697918
342,Wilmington,2022,92223356,94747187,94675526,71661,0.08,137811340,45587984
343,Winchendon,2022,13466411,13774616,13765708,8908,0.06,22775824,9309413
344,Winchester,2022,98055490,112153173,112097769,55404,0.05,224583354,126527864
345,Windsor,2022,2039802,2211927,1764797,447130,20.21,3355128,1315326
346,Winthrop,2022,32058722,35682372,35677864,4508,0.01,75845798,43787076
347,Woburn,2022,148430828,150159166,122765926,27393240,18.24,235893270,87462442
348,Worcester,2022,367273954,367273954,346631783,20642171,5.62,448358456,81084502
349,Worthington,2022,3200387,3289760,3077969,211791,6.44,4797334,1596947
350,Wrentham,2022,37658071,38333526,38328500,5026,0.01,65982656,28324585
351,Yarmouth,2022,65916491,69345780,69286452,59328,0.09,188688594,122772103
001,Abington,2023,37227840,40851515,40826718,24797,0.06,71827441,34599601
002,Acton,2023,96888443,103096648,102960311,136337,0.13,146583587,49695144
003,Acushnet,2023,20970400,21407585,21279032,128553,0.6,42295246,21324846
004,Adams,2023,13002056,13663785,12876950,786835,5.76,16319263,3317207
005,Agawam,2023,84839425,84839425,70087132,14752293,17.39,92278156,7438731
006,Alford,2023,1865329,1985829,1593128,392701,19.78,7965642,6100313
007,Amesbury,2023,52744046,55057352,52569237,2488115,4.52,80430290,27686244
008,Amherst,2023,61808386,61808386,61725183,83203,0.13,76772616,14964230
009,Andover,2023,169123817,175618084,174778254,839830,0.48,273514276,104390459
010,Arlington,2023,135356908,149205342,149169849,35493,0.02,332671385,197314477
011,Ashburnham,2023,14573774,16239203,16139602,99601,0.61,24380064,9806290
012,Ashby,2023,6889906,7332947,7332500,447,0.01,11163977,4274071
013,Ashfield,2023,4854452,5046505,5029083,17422,0.35,7139527,2285075
014,Ashland,2023,51515095,53049996,53021123,28873,0.05,96262024,44746929
015,Athol,2023,15006199,16856712,16503439,353273,2.1,29386466,14380267
016,Attleboro,2023,85955513,92754870,92699896,54974,0.06,157776398,71820885
017,Auburn,2023,52691207,55468964,47217763,8251201,14.88,71480678,18789471
018,Avon,2023,23397459,25332159,21658042,3674117,14.5,28480356,5082897
019,Ayer,2023,29225729,30468652,26947805,3520847,11.56,40005438,10779709
020,Barnstable,2023,138604718,140989307,140669929,319378,0.23,546770779,408166061
021,Barre,2023,9363237,9590102,9538481,51621,0.54,15035437,5672200
022,Becket,2023,6863142,7163548,6997119,166429,2.32,16257246,9394104
023,Bedford,2023,83216482,85271659,76158940,9112719,10.69,118301763,35085281
024,Belchertown,2023,32236315,32265003,32236539,28464,0.09,49381953,17145638
025,Bellingham,2023,50565166,51305166,50998489,306677,0.6,86944274,36379108
026,Belmont,2023,102870712,116590041,116505822,84219,0.07,259132167,156261455
027,Berkley,2023,11219279,14857585,14848765,8821,0.06,28080114,16860835
028,Berlin,2023,14225046,15031624,13158300,1873324,12.46,21154036,6928990
029,Bernardston,2023,5062746,5062746,4905708,157038,3.1,7669962,2607216
030,Beverly,2023,120806529,120806529,119417893,1388636,1.15,236674665,115868136
031,Billerica,2023,165895402,171569778,145003356,26566422,15.48,239811607,73916205
032,Blackstone,2023,21885991,21885991,21652359,233632,1.07,33455437,11569446
033,Blandford,2023,4017659,4106427,3567404,539023,13.13,6528924,2511265
034,Bolton,2023,24018712,25346150,25241665,104485,0.41,36059522,12040810
035,Boston,2023,2993144196,2993144196,2993144086,110,0,5305436850,2312292654
036,Bourne,2023,54262373,58634846,58627869,6977,0.01,166367393,112105020
037,Boxborough,2023,25300653,26238069,22900834,3337235,12.72,36889231,11588578
038,Boxford,2023,34009369,34717327,32980232,1737095,5,59574119,25564750
039,Boylston,2023,16554890,17965394,16633378,1332016,7.41,28877393,12322503
040,Braintree,2023,105841127,108508873,108432542,76331,0.07,224711554,118870427
041,Brewster,2023,37004751,40937327,40592756,344571,0.84,145181529,108176778
042,Bridgewater,2023,51606360,55961736,55957296,4440,0.01,108951122,57344762
043,Brimfield,2023,8584572,8761072,8601269,159803,1.82,14137523,5552951
044,Brockton,2023,166849147,166849147,166843753,5394,0,280529510,113680363
045,Brookfield,2023,6448881,6488837,6077180,411657,6.34,9507478,3058597
046,Brookline,2023,260823641,281379275,281378162,1113,0,735110059,474286418
047,Buckland,2023,4447204,4667769,4626704,41065,0.88,6828076,2380872
048,Burlington,2023,147733018,147733018,134491167,13241851,8.96,214536459,66803441
049,Cambridge,2023,732559708,732559708,531428571,201131137,27.46,1778497813,1045938105
050,Canton,2023,91363694,92846622,91210271,1636351,1.76,172322715,80959021
051,Carlisle,2023,31065003,33185031,29843059,3341972,10.07,52726253,21661250
052,Carver,2023,29048550,30070762,30065764,4998,0.02,47398970,18350420
053,Charlemont,2023,3863728,3863728,3266089,597639,15.47,3957937,94209
054,Charlton,2023,29074043,29512976,29512556,420,0,60625629,31551586
055,Chatham,2023,35369595,42466497,38480334,3986163,9.39,247940297,212570702
056,Chelmsford,2023,114695046,116728953,115950274,778679,0.67,194193621,79498575
057,Chelsea,2023,75293926,75293926,75168505,125421,0.17,132180549,56886623
058,Cheshire,2023,4294446,4755730,4728651,27079,0.57,9876045,5581599
059,Chester,2023,3171691,3254309,2894135,360174,11.07,4057958,886267
060,Chesterfield,2023,3699823,3698792,3330601,368191,9.95,5230216,1530393
061,Chicopee,2023,106042904,106042904,96122925,9919979,9.35,128070280,22027376
062,Chilmark,2023,10639602,11803407,11198751,604656,5.12,106452001,95812399
063,Clarksburg,2023,2191773,2403824,2368223,35601,1.48,3829598,1637825
064,Clinton,2023,32888471,33562505,30614712,2947793,8.78,51202063,18313592
065,Cohasset,2023,43299272,44105910,44085906,20004,0.05,93402343,50103071
066,Colrain,2023,4140938,4196711,4007809,188902,4.5,5104189,963251
067,Concord,2023,102619655,110170315,104788383,5381932,4.89,202138084,99518429
068,Conway,2023,6084939,6170058,5493589,676469,10.96,8008148,1923209
069,Cummington,2023,2220886,2498152,2204894,293258,11.74,3920509,1699623
070,Dalton,2023,14304237,15599272,14404590,1194682,7.66,19603415,5299178
071,Danvers,2023,89789606,89789606,89739843,49763,0.06,165663182,75873576
072,Dartmouth,2023,71577331,72508201,72489826,18375,0.03,180675519,109098188
073,Dedham,2023,107928689,109867845,101712664,8155181,7.42,167625980,59697291
074,Deerfield,2023,12859418,13477589,13465617,11972,0.09,22487670,9628252
075,Dennis,2023,48041279,51750033,50854988,895045,1.73,272242979,224201700
076,Dighton,2023,20807261,21445486,20561932,883554,4.12,33480801,12673540
077,Douglas,2023,18561616,20543018,20534411,8607,0.04,35749322,17187706
078,Dover,2023,37909519,40181136,36443919,3737217,9.3,74741424,36831905
079,Dracut,2023,54327962,57220004,57212576,7428,0.01,123515925,69187963
080,Dudley,2023,13588539,14729271,14725396,3875,0.03,36233750,22645211
081,Dunstable,2023,10685152,11349379,11275365,74014,0.65,18829935,8144783
082,Duxbury,2023,63414275,69429532,67637968,1791564,2.58,158180467,94766192
083,East Bridgewater,2023,31679392,34251386,34236046,15340,0.04,59231914,27552522
084,East Brookfield,2023,4403830,4403830,4309308,94522,2.15,8217597,3813767
085,East Longmeadow,2023,49637135,49789071,47087092,2701979,5.43,61311318,11674183
086,Eastham,2023,25517078,30731840,30692167,39673,0.13,105981240,80464162
087,Easthampton,2023,26786462,31123302,31003246,120056,0.39,52906564,26120102
088,Easton,2023,63491720,67560096,67557846,2250,0,114369603,50877883
089,Edgartown,2023,32703059,34205980,31940517,2265463,6.62,316870208,284167149
090,Egremont,2023,4987095,5088105,5044228,43878,0.86,18015098,13028003
091,Erving,2023,12077356,12077356,12075783,1573,0.01,24514049,12436693
092,Essex,2023,14022432,16587386,16151803,435583,2.63,29091864,15069432
093,Everett,2023,162461024,162461024,108958844,53502180,32.93,187993073,25532049
094,Fairhaven,2023,31985881,32816600,32785289,31311,0.1,72515011,40529130
095,Fall River,2023,124523604,129009760,126734874,2274886,1.76,215228070,90704466
096,Falmouth,2023,109832116,120815960,119186874,1629086,1.35,430588418,320756302
097,Fitchburg,2023,62863851,62863851,62846656,17195,0.03,98075306,35211455
098,Florida,2023,3044065,3044065,2864563,179502,5.9,4545354,1501289
099,Foxborough,2023,56146711,58129415,58088616,40799,0.07,96424737,40278026
100,Framingham,2023,245602669,247991198,207909727,40081471,16.16,324008141,78405472
101,Franklin,2023,87255509,91060995,91023619,37376,0.04,180889544,93634035
102,Freetown,2023,25359469,26175773,26092830,82943,0.32,51058657,25699188
103,Gardner,2023,31687128,31687128,31523739,163389,0.52,48858864,17171736
104,Aquinnah,2023,5651441,5740978,5734783,6195,0.11,23503207,17851766
105,Georgetown,2023,21467590,23567722,23561770,5952,0.03,45380912,23913322
106,Gill,2023,3261781,3271453,3149378,122075,3.73,4656088,1394307
107,Gloucester,2023,92491148,98029124,97994705,34419,0.04,230673733,138182585
108,Goshen,2023,2908304,2959468,2908245,51223,1.73,4915897,2007593
109,Gosnold,2023,808387,808387,777930,30457,3.77,5947480,5139093
110,Grafton,2023,48473985,54455579,53433994,1021585,1.88,85031817,36557832
111,Granby,2023,14053507,14845102,14767973,77129,0.52,21577985,7524478
112,Granville,2023,3883249,4103151,3520547,582604,14.2,6206888,2323639
113,Great Barrington,2023,26787463,28149434,26181608,1967826,6.99,46520271,19732808
114,Greenfield,2023,39245059,40667209,37766614,2900595,7.13,48049127,8804068
115,Groton,2023,35383886,39167728,39160748,6980,0.02,62597103,27213217
116,Groveland,2023,16072372,18344392,18274666,69726,0.38,34795632,18723260
117,Hadley,2023,12953163,13980368,13970853,9515,0.07,30266145,17312982
118,Halifax,2023,18589612,19445799,19163326,282473,1.45,32196448,13606836
119,Hamilton,2023,32098162,32897565,32849406,48159,0.15,50259189,18161027
120,Hampden,2023,14092186,14781226,13546215,1235011,8.36,20074414,5982228
121,Hancock,2023,2618132,2618132,915316,1702816,65.04,8538394,5920262
122,Hanover,2023,48098194,51785710,50707606,1078104,2.08,93972583,45874389
123,Hanson,2023,25405077,25963578,25947201,16377,0.06,45746123,20341046
124,Hardwick,2023,4525444,4566106,4547513,18593,0.41,8547956,4022512
125,Harvard,2023,23088972,26414027,26371298,42729,0.16,39727365,16638393
126,Harwich,2023,50671734,56352150,54988268,1363882,2.42,207034143,156362409
127,Hatfield,2023,8460518,8763689,8738005,25684,0.29,16205500,7744982
128,Haverhill,2023,123479452,124660058,119052946,5607112,4.5,241621754,118142302
129,Hawley,2023,1053860,1056760,951562,105198,9.95,1427914,374054
130,Heath,2023,2512727,2587149,2339914,247235,9.56,2556724,43997
131,Hingham,2023,92360198,95921345,95707587,213758,0.22,239268968,146908770
132,Hinsdale,2023,5621540,5621540,4879541,741999,13.2,9042885,3421345
133,Holbrook,2023,29062147,32770498,31532619,1237879,3.78,45280490,16218343
134,Holden,2023,44654524,49057682,48002546,1055136,2.15,80057615,35403091
135,Holland,2023,6402359,6402359,6240695,161664,2.53,11918822,5516463
136,Holliston,2023,54528945,55148499,54367987,780512,1.42,88259719,33730774
137,Holyoke,2023,61999858,61999858,59975992,2023866,3.26,63459900,1460042
138,Hopedale,2023,17292147,17580584,17490680,89904,0.51,25063768,7771621
139,Hopkinton,2023,81529293,87033443,86983989,49454,0.06,137622498,56093205
140,Hubbardston,2023,8052778,8058153,8053998,4155,0.05,15452797,7400019
141,Hudson,2023,58708010,62559736,61139688,1420048,2.27,92607640,33899630
142,Hull,2023,33751785,34983054,34967201,15853,0.05,71830733,38078948
143,Huntington,2023,4236178,4424067,4421416,2651,0.06,6483014,2246836
144,Ipswich,2023,47265025,47916300,47768765,147535,0.31,97646700,50381675
145,Kingston,2023,39680956,40652004,38093787,2558217,6.29,71283284,31602328
146,Lakeville,2023,27106891,28305745,28145028,160717,0.57,63105445,35998554
147,Lancaster,2023,21150844,22061826,22061021,805,0,32084091,10933247
148,Lanesborough,2023,10130723,10595215,9128591,1466624,13.84,12915380,2784657
149,Lawrence,2023,93760690,93760690,82927360,10833330,11.55,171621103,77860413
150,Lee,2023,18790379,19102624,14624482,4478142,23.44,30905499,12115120
151,Leicester,2023,17183473,18367501,18356607,10894,0.06,35685472,18501999
152,Lenox,2023,21117030,21117030,17082671,4034359,19.1,43034314,21917284
153,Leominster,2023,90158798,90158798,83973151,6185647,6.86,135091941,44933143
154,Leverett,2023,6501951,6931059,5970196,960863,13.86,9316785,2814834
155,Lexington,2023,216220071,231428456,231395607,32849,0.01,393629668,177409597
156,Leyden,2023,2152305,2152305,1710621,441684,20.52,2817228,664923
157,Lincoln,2023,32000873,36805489,36804322,1167,0,64976463,32975590
158,Littleton,2023,46975096,48008996,47997794,11202,0.02,65975857,19000761
159,Longmeadow,2023,54701132,60674013,60257502,416511,0.69,65725896,11024764
160,Lowell,2023,178233471,178233471,164432055,13801416,7.74,295265632,117032161
161,Ludlow,2023,47747316,49530016,49325265,204751,0.41,63205106,15457790
162,Lunenburg,2023,28043723,30875656,30869179,6477,0.02,52785874,24742151
163,Lynn,2023,154675587,154675587,154576000,99587,0.06,316712038,162036451
164,Lynnfield,2023,48784840,51963589,51870292,93297,0.18,107114557,58329717
165,Malden,2023,105377504,105377504,105368864,8640,0.01,245324913,139947409
166,Manchester By The Sea,2023,27927262,31811007,30972687,838320,2.64,74239422,46312160
167,Mansfield,2023,73048980,75102185,75052710,49475,0.07,124594629,51545649
168,Marblehead,2023,69217826,79116674,79085270,31404,0.04,197713175,128495349
169,Marion,2023,21353967,22092991,21910261,182730,0.83,58025056,36671089
170,Marlborough,2023,162088840,162088840,110039279,52049561,32.11,196335022,34246182
171,Marshfield,2023,72613281,78558418,78544804,13614,0.02,173464673,100851392
172,Mashpee,2023,56027404,57740744,55401491,2339253,4.05,199488388,143460984
173,Mattapoisett,2023,25633687,27039607,26918014,121593,0.45,59817809,34184122
174,Maynard,2023,34986734,37634230,37492883,141347,0.38,47903285,12916551
175,Medfield,2023,49521862,53755556,53481479,274077,0.51,86651781,37129919
176,Medford,2023,133790410,133790410,131972065,1818345,1.36,348716325,214925915
177,Medway,2023,46987562,48420952,47692987,727965,1.5,74800794,27813232
178,Melrose,2023,72103317,74011551,73963400,48151,0.07,171420756,99317439
179,Mendon,2023,18313370,19419998,19419912,86,0,33253274,14939904
180,Merrimac,2023,14950957,17094033,17091279,2754,0.02,28929044,13978087
181,Methuen,2023,104950524,104950524,104124659,825865,0.79,199940691,94990167
182,Middleborough,2023,50914925,54919447,54908359,11088,0.02,95435501,44520576
183,Middlefield,2023,1606648,1618640,1259914,358726,22.16,1903193,296545
184,Middleton,2023,33237896,36967993,36263671,704322,1.91,70442252,37204356
185,Milford,2023,83214032,83214032,77910190,5303842,6.37,116356283,33142251
186,Millbury,2023,30647455,32151414,31906076,245338,0.76,55200823,24553368
187,Millis,2023,28102029,31184700,31172456,12244,0.04,44557541,16455512
188,Millville,2023,5488924,5638170,5619804,18366,0.33,10114838,4625914
189,Milton,2023,91940200,94769379,94712824,56555,0.06,202825130,110884930
190,Monroe,2023,723972,779251,612487,166764,21.4,798135,74163
191,Monson,2023,16130544,16667278,16383958,283320,1.7,25825911,9695367
192,Montague,2023,21041319,22223875,20546463,1677412,7.55,28078551,7037232
193,Monterey,2023,4594090,4895623,3698716,1196907,24.45,15183565,10589475
194,Montgomery,2023,2038264,2038264,1811429,226835,11.13,3049543,1011279
195,Mount Washington,2023,702684,702684,547971,154713,22.02,2459473,1756789
196,Nahant,2023,10384216,11560405,11550190,10215,0.09,31766199,21381983
197,Nantucket,2023,92860276,104478010,100597483,3880527,3.71,782654598,689794322
198,Natick,2023,126572845,135645162,135129336,515826,0.38,267265300,140692455
199,Needham,2023,166984404,180068820,178892914,1175906,0.65,306196708,139212304
200,New Ashford,2023,652040,652040,488671,163369,25.06,1294149,642109
201,New Bedford,2023,150317691,150317691,146861084,3456607,2.3,215012101,64694410
202,New Braintree,2023,2365642,2404861,2343016,61845,2.57,3990150,1624508
203,New Marlborough,2023,5731609,5948805,5511747,437058,7.35,16462806,10731197
204,New Salem,2023,2295806,2515714,2481635,34079,1.35,4041751,1745945
205,Newbury,2023,18928866,19237710,19220829,16881,0.09,55423381,36494515
206,Newburyport,2023,63454590,66622270,65683218,939052,1.41,152893897,89439307
207,Newton,2023,404500255,407725614,407707263,18351,0,927582085,523081830
208,Norfolk,2023,36270061,38840162,38830340,9822,0.03,59156520,22886459
209,North Adams,2023,20724963,20724963,20709716,15247,0.07,23618475,2893512
210,North Andover,2023,92135718,92425142,91721248,703894,0.76,175543491,83407773
211,North Attleborough,2023,67636332,68002432,67958888,43544,0.06,128763302,61126970
212,North Brookfield,2023,7136052,7993355,7948297,45058,0.56,14873311,7737259
213,North Reading,2023,53386821,59437563,59431102,6461,0.01,106202827,52816006
214,Northampton,2023,72260937,72846333,72342854,503479,0.69,114177485,41916548
215,Northborough,2023,60232198,62297967,57507128,4790839,7.69,97206099,36973901
216,Northbridge,2023,25522442,30659480,30653738,5742,0.02,59131440,33608998
217,Northfield,2023,9977137,9977137,8663426,1313711,13.17,15948869,5971732
218,Norton,2023,43827742,45466155,45458179,7976,0.02,86465881,42638139
219,Norwell,2023,50155015,51827299,51824285,3014,0.01,84735587,34580572
220,Norwood,2023,92997306,94680720,94625628,55092,0.06,175362841,82365535
221,Oak Bluffs,2023,26021348,28984179,28929034,55145,0.19,138877189,112855841
222,Oakham,2023,3401323,3448463,3399442,49021,1.42,7345380,3944057
223,Orange,2023,12936358,13791582,13410767,380815,2.76,18667549,5731191
224,Orleans,2023,29950690,36381596,36118506,263090,0.72,144937824,114987134
225,Otis,2023,5899812,5892940,5325149,567791,9.64,20110080,14210268
226,Oxford,2023,27177972,27559888,27431229,128659,0.47,50277180,23099208
227,Palmer,2023,21834733,22362058,22355949,6109,0.03,31171150,9336417
228,Paxton,2023,11322451,12420051,12413037,7014,0.06,17652214,6329763
229,Peabody,2023,136192796,136192796,115230420,20962376,15.39,256350144,120157348
230,Pelham,2023,4603140,4916023,4214331,701692,14.27,5899120,1295980
231,Pembroke,2023,45533176,48489016,48479050,9966,0.02,95281151,49747975
232,Pepperell,2023,24692748,27046071,27037837,8235,0.03,44646361,19953613
233,Peru,2023,2438430,2438430,1999238,439192,18.01,2856054,417624
234,Petersham,2023,3070990,3276556,3231600,44956,1.37,5116529,2045539
235,Phillipston,2023,3901683,3938882,3937163,1719,0.04,7665816,3764133
236,Pittsfield,2023,104649832,104649832,101150562,3499270,3.34,112209098,7559266
237,Plainfield,2023,2395124,2514613,2326951,187662,7.46,2807615,412491
238,Plainville,2023,27571593,28281765,28272519,9246,0.03,49800326,22228733
239,Plymouth,2023,207233556,214312066,205049685,9262381,4.32,373905333,166671777
240,Plympton,2023,11196772,11425546,10192567,1232979,10.79,16931174,5734402
241,Princeton,2023,10513309,10863635,10026379,837256,7.71,16556109,6042800
242,Provincetown,2023,23826485,25649287,25620031,29256,0.11,112359766,88533281
243,Quincy,2023,313460657,313460657,264334023,49126634,15.67,521451005,207990348
244,Randolph,2023,71343668,71348960,71330739,18221,0.03,132816352,61472684
245,Raynham,2023,39335773,41660025,41646852,13173,0.03,70789831,31454058
246,Reading,2023,82510951,85238359,85233685,4674,0.01,169366657,86855706
247,Rehoboth,2023,29424613,30135110,29889577,245533,0.81,64528447,35103834
248,Revere,2023,107656370,107656370,107623293,33077,0.03,248035333,140378963
249,Richmond,2023,5793360,6226804,5965259,261545,4.2,13989820,8196460
250,Rochester,2023,14615445,15767649,15762910,4739,0.03,33199052,18583607
251,Rockland,2023,38902938,44752467,44678415,74052,0.17,73387672,34484734
252,Rockport,2023,25908870,26378225,26330635,47590,0.18,69805501,43896631
253,Rowe,2023,5191192,5511634,4389497,1122137,20.36,12304319,7113127
254,Rowley,2023,17476298,19509839,19487502,22337,0.11,37418398,19942100
255,Royalston,2023,1946462,2041239,2039202,2037,0.1,5207358,3260896
256,Russell,2023,4139201,4139201,3781426,357775,8.64,5082562,943361
257,Rutland,2023,17963666,19196545,19188165,8380,0.04,34963858,17000192
258,Salem,2023,121530005,121530005,114452574,7077431,5.82,196044338,74514333
259,Salisbury,2023,24694925,25634185,25515085,119100,0.46,59062696,34367771
260,Sandisfield,2023,3563000,3563000,3161715,401285,11.26,7463917,3900917
261,Sandwich,2023,73827017,76313390,71864271,4449119,5.83,156226676,82399659
262,Saugus,2023,76874803,83903504,83884475,19029,0.02,157230276,80355473
263,Savoy,2023,1673648,1673648,1174680,498968,29.81,2145142,471494
264,Scituate,2023,70295456,76388764,76057506,331258,0.43,170838961,100543505
265,Seekonk,2023,47853248,50630515,50630196,319,0,77564769,29711521
266,Sharon,2023,76046671,84399128,81170415,3228713,3.83,109158708,33112037
267,Sheffield,2023,12160861,12306479,10120209,2186270,17.77,21962259,9801398
268,Shelburne,2023,4876525,4928836,4438360,490476,9.95,8128865,3252340
269,Sherborn,2023,27996198,30053120,28750288,1302832,4.34,39908785,11912587
270,Shirley,2023,12168688,12993081,12936954,56127,0.43,22808451,10639763
271,Shrewsbury,2023,94106233,103421447,103161871,259576,0.25,196573688,102467455
272,Shutesbury,2023,6011423,6048583,5407946,640637,10.59,7331815,1320392
273,Somerset,2023,64761736,64761736,44399889,20361847,31.44,76151193,11389457
274,Somerville,2023,215317042,221991055,221093410,897645,0.4,557567404,342250362
275,South Hadley,2023,30927233,31969657,31964193,5464,0.02,51822621,20895388
276,Southampton,2023,13819226,14103962,14099765,4197,0.03,24598333,10779107
277,Southborough,2023,50172301,52503241,47837452,4665789,8.89,81025494,30853193
278,Southbridge,2023,25787036,26083812,24605339,1478473,5.67,38834184,13047148
279,Southwick,2023,22351407,23742979,22108927,1634052,6.88,34309321,11957914
280,Spencer,2023,16634463,18312379,18265117,47262,0.26,37863012,21228549
281,Springfield,2023,252591907,252591907,242535316,10056591,3.98,281868211,29276304
282,Sterling,2023,22238222,22526151,21681349,844802,3.75,37904456,15666234
283,Stockbridge,2023,9683782,11177341,9203350,1973991,17.66,28265818,18582036
284,Stoneham,2023,56091763,63842391,63708947,133444,0.21,131704172,75612409
285,Stoughton,2023,76460235,81754373,81664470,89903,0.11,133509328,57049093
286,Stow,2023,31011216,33514871,31160991,2353880,7.02,42968824,11957608
287,Sturbridge,2023,28158774,29523592,29090838,432754,1.47,40247424,12088650
288,Sudbury,2023,96972274,99485516,99049389,436127,0.44,154275674,57303400
289,Sunderland,2023,7007749,7116315,6699630,416685,5.86,13085215,6077466
290,Sutton,2023,23789524,27585216,27565412,19804,0.07,49757062,25967538
291,Swampscott,2023,57642521,62333655,53396235,8937420,14.34,107796205,50153684
292,Swansea,2023,40048810,40327685,38310914,2016771,5,74050808,34001998
293,Taunton,2023,121147754,122228728,122206827,21901,0.02,202841972,81694218
294,Templeton,2023,11631125,13236806,12935986,300820,2.27,25030932,13399807
295,Tewksbury,2023,94111985,105592096,105584364,7732,0.01,164762883,70650898
296,Tisbury,2023,29072029,32863674,31031602,1832072,5.57,115471532,86399503
297,Tolland,2023,1694027,1998197,1933037,65160,3.26,5516659,3822632
298,Topsfield,2023,26851891,27656143,27395692,260451,0.94,45058705,18206814
299,Townsend,2023,19036814,20361472,20319488,41984,0.21,33288807,14251993
300,Truro,2023,18216996,19182149,19181679,470,0,77010790,58793794
301,Tyngsborough,2023,31647925,31995928,31975774,20154,0.06,56534254,24886329
302,Tyringham,2023,1711216,1711216,1474935,236281,13.81,5603858,3892642
303,Upton,2023,23157327,24186880,24169041,17839,0.07,43563521,20406194
304,Uxbridge,2023,37201763,39244578,36509337,2735241,6.97,65428919,28227156
305,Wakefield,2023,84184611,86669102,86669007,95,0,168807034,84622423
306,Wales,2023,3783724,3783724,3670384,113340,3,5378641,1594917
307,Walpole,2023,84896349,88397309,88318671,78638,0.09,152838973,67942624
308,Waltham,2023,267311819,267311819,215850524,51461295,19.25,430268026,162956207
309,Ware,2023,17339384,17363034,16918992,444042,2.56,24506071,7166687
310,Wareham,2023,46864292,48493700,48457877,35823,0.07,122121665,75257373
311,Warren,2023,9257368,9291565,8417107,874458,9.41,13318207,4060839
312,Warwick,2023,1977106,1992106,1839225,152881,7.67,2286456,309350
313,Washington,2023,1552716,1705678,1583312,122366,7.17,2602419,1049703
314,Watertown,2023,144133270,144133270,144029971,103299,0.07,273772146,129638876
315,Wayland,2023,80567074,84331410,80213213,4118197,4.88,120440260,39873186
316,Webster,2023,26262168,28582868,28570249,12619,0.04,57140497,30878329
317,Wellesley,2023,151011237,168217216,168133219,83997,0.05,367103098,216091861
318,Wellfleet,2023,20540850,23398338,23372796,25542,0.11,87930754,67389904
319,Wendell,2023,2766634,2852445,2678299,174146,6.11,3127393,360759
320,Wenham,2023,19328402,19803193,19784103,19090,0.1,28507354,9178952
321,West Boylston,2023,19991869,20828772,20792373,36399,0.17,33363885,13372016
322,West Bridgewater,2023,28590743,31062182,28366660,2695522,8.68,37393064,8802321
323,West Brookfield,2023,6853779,6853779,6845170,8609,0.13,14272666,7418887
324,West Newbury,2023,15890512,17202215,15336589,1865626,10.85,34761082,18870570
325,West Springfield,2023,78332974,78332974,68385544,9947430,12.7,85808782,7475808
326,West Stockbridge,2023,6759937,6844252,5490793,1353459,19.78,13314240,6554303
327,West Tisbury,2023,18412198,19738697,18985442,753255,3.82,108861477,90449279
328,Westborough,2023,102860906,103452119,88950505,14501614,14.02,132052412,29191506
329,Westfield,2023,93703768,93703768,85010372,8693396,9.28,107149503,13445735
330,Westford,2023,88155336,90842748,90837699,5049,0.01,153857891,65702555
331,Westhampton,2023,5100541,5357341,5284671,72670,1.36,6563178,1462637
332,Westminster,2023,22508241,23298968,19330259,3968709,17.03,37002794,14494553
333,Weston,2023,91582135,101199376,90747247,10452129,10.33,191611585,100029450
334,Westport,2023,32195876,36523468,36517307,6161,0.02,111879005,79683129
335,Westwood,2023,90010426,91069987,90274412,795575,0.87,138883337,48872911
336,Weymouth,2023,126135128,130592766,130539452,53314,0.04,288852482,162717354
337,Whately,2023,5873098,5873098,4702683,1170415,19.93,8279371,2406273
338,Whitman,2023,29598935,30644320,30366144,278176,0.91,55943523,26344588
339,Wilbraham,2023,43294032,45006255,42713838,2292417,5.09,57104062,13810030
340,Williamsburg,2023,6833609,7221570,7052598,168972,2.34,8977339,2143730
341,Williamstown,2023,20628674,21874493,19506196,2368297,10.83,30158002,9529328
342,Wilmington,2023,97075669,99507200,98247551,1259649,1.27,157206113,60130444
343,Winchendon,2023,13906524,14211313,14199023,12290,0.09,26490715,12584191
344,Winchester,2023,101804552,115545540,115533495,12045,0.01,245362763,143558211
345,Windsor,2023,2114867,2283280,1795346,487934,21.37,3423620,1308753
346,Winthrop,2023,33096873,36722573,36716888,5685,0.02,85787122,52690249
347,Woburn,2023,156729966,158378429,126230243,32148186,20.3,261177166,104447200
348,Worcester,2023,384220890,384220890,362956395,21264495,5.53,507844166,123623276
349,Worthington,2023,3364016,3452098,3235001,217097,6.29,5424213,2060197
350,Wrentham,2023,39318841,39965771,39963383,2388,0.01,74880049,35561208
351,Yarmouth,2023,67852435,72453724,72443745,9979,0.01,223316107,155463672
001,Abington,2024,38385871,41886696,41877923,8773,0.02,78247240,39861369
002,Acton,2024,100477262,106080658,106075080,5578,0.01,159080803,58603541
003,Acushnet,2024,21697450,22126935,22003648,123287,0.56,46042783,24345333
004,Adams,2024,13639684,14322735,13925182,397553,2.78,18678228,5038544
005,Agawam,2024,88508212,88508212,73053295,15454917,17.46,105436971,16928759
006,Alford,2024,1928600,2048175,1752589,295586,14.43,8851461,6922861
007,Amesbury,2024,54627342,56923098,56646575,276523,0.49,90547594,35920252
008,Amherst,2024,64403757,64403757,64316622,87135,0.14,86867398,22463641
009,Andover,2024,175279716,184266780,182687607,1579173,0.86,303769580,128489864
010,Arlington,2024,140020933,153851509,153807576,43933,0.03,363096260,223075327
011,Ashburnham,2024,15083308,16696517,16606557,89960,0.54,26359614,11276306
012,Ashby,2024,7131771,7910807,7903319,7488,0.09,12722664,5590893
013,Ashfield,2024,5112177,5293171,5285046,8125,0.15,9043543,3931366
014,Ashland,2024,53136273,57165207,57135713,29494,0.05,107884654,54748381
015,Athol,2024,15606573,17446692,17050785,395907,2.27,33224444,17617871
016,Attleboro,2024,89334853,96628164,96612078,16086,0.02,177160802,87825949
017,Auburn,2024,54729551,57457774,48151178,9306596,16.2,78419226,23689675
018,Avon,2024,24097609,26008209,22444218,3563991,13.7,28687452,4589843
019,Ayer,2024,31084710,32426548,28575219,3851329,11.88,43310499,12225789
020,Barnstable,2024,143603769,145996544,145242793,753751,0.52,613112970,469509201
021,Barre,2024,9690885,10118598,10114923,3675,0.04,18088203,8397318
022,Becket,2024,7056134,7575328,7148932,426396,5.63,18293070,11236936
023,Bedford,2024,87776166,89610974,79960832,9650142,10.77,131006896,43230730
024,Belchertown,2024,33438276,33466199,33423256,42943,0.13,54541867,21103591
025,Bellingham,2024,53287473,53987473,53819005,168468,0.31,93110004,39822531
026,Belmont,2024,106318549,119462242,119377734,84508,0.07,282617742,176299193
027,Berkley,2024,11721722,15685497,15675176,10321,0.07,31476257,19754535
028,Berlin,2024,14942930,15676857,14063603,1613254,10.29,24077013,9134083
029,Bernardston,2024,5370426,5370426,5289298,81128,1.51,8092561,2722135
030,Beverly,2024,125928475,125928475,124470712,1457763,1.16,248215211,122286736
031,Billerica,2024,173836264,179380787,150614038,28766749,16.04,262631099,88794835
032,Blackstone,2024,22825439,22825439,22628291,197148,0.86,34642209,11816770
033,Blandford,2024,4182700,4263490,3483758,779732,18.29,7527566,3344866
034,Bolton,2024,24798964,26029718,26023719,5999,0.02,40011869,15212905
035,Boston,2024,3189420972,3189420972,3188712075,708897,0.02,5521329268,2331908296
036,Bourne,2024,56273933,60433716,60398329,35387,0.06,188274092,132000159
037,Boxborough,2024,26290419,27237467,24906736,2330731,8.56,41538919,15248500
038,Boxford,2024,35602355,36156519,35215352,941167,2.6,67462360,31860005
039,Boylston,2024,17613339,18986494,17680519,1305975,6.88,32006732,14393393
040,Braintree,2024,109082590,111747119,111663550,83569,0.07,241998379,132915789
041,Brewster,2024,39239520,44873491,44422267,451224,1.01,163077337,123837817
042,Bridgewater,2024,53914397,58525509,58483681,41828,0.07,120435917,66521520
043,Brimfield,2024,8888229,9057671,8887301,170370,1.88,15197164,6308935
044,Brockton,2024,173245070,173245070,173187607,57463,0.03,315037336,141792266
045,Brookfield,2024,6665341,6698677,6523059,175618,2.62,10728715,4063374
046,Brookline,2024,282862062,303416223,297973561,5442662,1.79,794592434,511730372
047,Buckland,2024,4766544,5053135,5015851,37284,0.74,7141017,2374473
048,Burlington,2024,154725586,154725586,141752306,12973280,8.38,234285599,79560013
049,Cambridge,2024,773962934,773962934,575418489,198544445,25.65,1897089870,1123126936
050,Canton,2024,95961127,97244744,95512119,1732625,1.78,190216356,94255229
051,Carlisle,2024,32208566,34307671,30692225,3615446,10.54,57562313,25353747
052,Carver,2024,31123303,32148116,32116217,31899,0.1,51668203,20544900
053,Charlemont,2024,4025056,4025056,3570844,454212,11.28,4312613,287557
054,Charlton,2024,32369565,32832111,32095825,736286,2.24,70757992,38388427
055,Chatham,2024,36856135,44782536,41447514,3335023,7.45,290248694,253392559
056,Chelmsford,2024,119071854,120705495,120666261,39234,0.03,213231967,94160113
057,Chelsea,2024,79219207,79219207,79155027,64180,0.08,144473647,65254440
058,Cheshire,2024,4439255,4922439,4884455,37984,0.77,10554139,6114884
059,Chester,2024,3281801,3362446,2963636,398810,11.86,4337875,1056074
060,Chesterfield,2024,3846467,3934786,3580808,353978,9,5979973,2133506
061,Chicopee,2024,110483923,110483923,101680517,8803406,7.97,139963557,29479634
062,Chilmark,2024,11313523,12177520,11743829,433691,3.56,138488550,127175027
063,Clarksburg,2024,2248235,2455286,2427877,27409,1.12,3954197,1705962
064,Clinton,2024,34184197,34826090,32008364,2817726,8.09,55028829,20844632
065,Cohasset,2024,45221473,48283361,48273242,10119,0.02,99164425,53942952
066,Colrain,2024,4305752,4595652,4012665,582987,12.69,5285386,979634
067,Concord,2024,106213177,116503661,112788698,3714963,3.19,230319535,124106358
068,Conway,2024,6375340,6459403,5806084,653319,10.11,8850738,2475398
069,Cummington,2024,2307000,2569330,2151757,417573,16.25,3984735,1677735
070,Dalton,2024,14782394,16093828,15229442,864386,5.37,22383072,7600678
071,Danvers,2024,92781005,92781005,92731042,49963,0.05,182347054,89566049
072,Dartmouth,2024,74485164,75385228,75296076,89152,0.12,198593761,124108597
073,Dedham,2024,112366347,114123690,109648329,4475361,3.92,185367712,73001365
074,Deerfield,2024,13316510,13936022,13935424,598,0,25154194,11837684
075,Dennis,2024,49625390,54278242,53007952,1270290,2.34,301867609,252242219
076,Dighton,2024,21725718,22337362,22196056,141306,0.63,36536398,14810680
077,Douglas,2024,19541883,21525154,21509556,15598,0.07,39773587,20231704
078,Dover,2024,39284729,41343611,38003391,3340220,8.08,86686568,47401839
079,Dracut,2024,56041792,58821872,58821273,599,0,140720748,84678956
080,Dudley,2024,15860818,16664075,16489361,174714,1.05,39335307,23474489
081,Dunstable,2024,11090571,11291759,11287787,3972,0.04,20214518,9123947
082,Duxbury,2024,65623738,71610549,70841251,769298,1.07,176046846,110423108
083,East Bridgewater,2024,32982095,35554534,35532035,22499,0.06,64183589,31201494
084,East Brookfield,2024,4608444,4663584,4651699,11885,0.25,9106694,4498250
085,East Longmeadow,2024,51379757,51448220,49859804,1588416,3.09,67232745,15852988
086,Eastham,2024,27176910,33831231,33586423,244808,0.72,119780397,92603487
087,Easthampton,2024,27666832,32125193,31987300,137893,0.43,58973636,31306804
088,Easton,2024,65733561,69971805,69943900,27905,0.04,128011861,62278300
089,Edgartown,2024,34073672,35457795,33889002,1568794,4.42,332245113,298171441
090,Egremont,2024,5152458,5413766,5113320,300446,5.55,20752111,15599653
091,Erving,2024,12422348,12422348,12413686,8662,0.07,21870683,9448335
092,Essex,2024,14603346,17037247,16853593,183654,1.08,31632119,17028773
093,Everett,2024,172197362,172197362,110509989,61687373,35.82,201441139,29243777
094,Fairhaven,2024,33101927,33914103,33898117,15986,0.05,80729526,47627599
095,Fall River,2024,130575717,135767827,133158722,2609105,1.92,243358168,112782451
096,Falmouth,2024,116054327,126693221,125092823,1600398,1.26,497980981,381926654
097,Fitchburg,2024,65395698,65395698,65387686,8012,0.01,110377593,44981895
098,Florida,2024,3170234,3170234,2875158,295076,9.31,4892986,1722752
099,Foxborough,2024,58664943,60579276,60565674,13602,0.02,105214960,46550017
100,Framingham,2024,254037595,257363516,216477383,40886133,15.89,359883686,105846091
101,Franklin,2024,90574648,94260424,94206992,53432,0.06,199760374,109185726
102,Freetown,2024,26409734,27113592,26974123,139469,0.51,53924881,27515147
103,Gardner,2024,32826444,32826444,32762791,63653,0.19,54641080,21814636
104,Aquinnah,2024,5939729,6042107,6036136,5971,0.1,23578655,17638926
105,Georgetown,2024,22211240,24268068,24265158,2910,0.01,48336968,26125728
106,Gill,2024,3379207,3448629,3240861,207768,6.02,5233949,1854742
107,Gloucester,2024,95916297,101671528,101622847,48681,0.05,260399527,164483230
108,Goshen,2024,3013583,3171235,3115635,55600,1.75,5284319,2270736
109,Gosnold,2024,830230,830230,756612,73618,8.87,5892615,5062385
110,Grafton,2024,50611171,56918971,56510070,408901,0.72,98724791,48113620
111,Granby,2024,14800457,15596547,15587335,9212,0.06,25419659,10619202
112,Granville,2024,4012271,4232692,3695222,537470,12.7,6987938,2975667
113,Great Barrington,2024,27756483,29071882,27803301,1268581,4.36,50041938,22285455
114,Greenfield,2024,40645457,42067807,41993992,73815,0.18,51488465,10843008
115,Groton,2024,36832663,41562450,41322046,240404,0.58,68459320,31626657
116,Groveland,2024,17833216,20149459,20137847,11612,0.06,37182140,19348924
117,Hadley,2024,13415194,14444840,14440533,4307,0.03,31695639,18280445
118,Halifax,2024,19195661,19954157,19945721,8436,0.04,34627987,15432326
119,Hamilton,2024,33138688,33927126,33913829,13297,0.04,56111563,22972875
120,Hampden,2024,14554662,15246250,13743390,1502860,9.86,21940277,7385615
121,Hancock,2024,2689515,2689515,1064488,1625027,60.42,9538427,6848912
122,Hanover,2024,50202205,53863161,53162521,700640,1.3,102743502,52541297
123,Hanson,2024,26356513,26891943,26871390,20553,0.08,50208128,23851615
124,Hardwick,2024,4692176,4718070,4651686,66384,1.41,9214909,4522733
125,Harvard,2024,23901870,27138370,26966817,171553,0.63,45283542,21381672
126,Harwich,2024,52443231,58325230,57355379,969851,1.66,237791789,185348558
127,Hatfield,2024,10004745,10755780,10754973,807,0.01,17562007,7557262
128,Haverhill,2024,127806564,129566432,123093875,6472557,5,262439601,134633037
129,Hawley,2024,1093268,1093268,1014242,79026,7.23,1509289,416021
130,Heath,2024,2600354,2646349,2361752,284597,10.75,2890054,289700
131,Hingham,2024,103368500,109457773,109391417,66356,0.06,252053957,148685457
132,Hinsdale,2024,6001323,6001323,5132020,869303,14.49,11674294,5672971
133,Holbrook,2024,30223655,33354755,30031379,3323376,9.96,49403333,19179678
134,Holden,2024,46500254,51457407,50533302,924105,1.8,89281453,42781199
135,Holland,2024,6613406,6613406,6601975,11431,0.17,12180766,5567360
136,Holliston,2024,55868973,56238388,56208557,29831,0.05,93307698,37438725
137,Holyoke,2024,64786904,64786904,63087897,1699007,2.62,66276929,1490025
138,Hopedale,2024,19303665,19582858,19519120,63738,0.33,26891414,7587749
139,Hopkinton,2024,86370981,92855932,91540225,1315707,1.42,156720570,70349589
140,Hubbardston,2024,8394271,8431747,8423398,8349,0.1,17861319,9467048
141,Hudson,2024,61018787,64796088,64003333,792755,1.22,101795815,40777028
142,Hull,2024,35053190,36243936,36234183,9753,0.03,77755757,42702567
143,Huntington,2024,4378271,4561704,4556527,5177,0.11,7274150,2895879
144,Ipswich,2024,49252779,49972971,49965163,7808,0.02,109765297,60512518
145,Kingston,2024,42395834,43358255,40470322,2887933,6.66,79603308,37207474
146,Lakeville,2024,28125641,29210028,29190799,19229,0.07,69172509,41046868
147,Lancaster,2024,23071147,24063723,24056507,7216,0.03,34445171,11374024
148,Lanesborough,2024,10680090,11194780,9415115,1779665,15.9,13837617,3157527
149,Lawrence,2024,97589770,97589770,84455743,13134027,13.46,190731527,93141757
150,Lee,2024,19426614,19426614,15078257,4348357,22.38,33537048,14110434
151,Leicester,2024,18196268,19759174,19754040,5134,0.03,39350678,21154410
152,Lenox,2024,21851990,21851990,17830537,4021453,18.4,45365159,23513169
153,Leominster,2024,93446959,93446959,87031610,6415349,6.87,149951086,56504127
154,Leverett,2024,6818718,7207915,6186060,1021855,14.18,9837882,3019164
155,Lexington,2024,227348851,243660500,243646076,14424,0.01,440454238,213105387
156,Leyden,2024,2232160,2232160,1783397,448763,20.1,2984266,752106
157,Lincoln,2024,32875008,37675665,37661836,13829,0.04,71695023,38820015
158,Littleton,2024,48883135,49783135,49780498,2637,0.01,74930049,26046914
159,Longmeadow,2024,56375170,62355563,62325962,29601,0.05,75345699,18970529
160,Lowell,2024,184920460,184920460,172422044,12498416,6.76,323927502,139007042
161,Ludlow,2024,49887699,51928940,51920883,8057,0.02,71753570,21865871
162,Lunenburg,2024,29375036,31852740,31621881,230859,0.72,56067165,26692129
163,Lynn,2024,161187834,161187834,161151604,36230,0.02,349376900,188189066
164,Lynnfield,2024,50657828,53565953,53559230,6723,0.01,117592605,66934777
165,Malden,2024,109325449,109325449,109264402,61047,0.06,262644736,153319287
166,Manchester By The Sea,2024,28857473,32378132,31769137,608995,1.88,84944215,56086742
167,Mansfield,2024,75988804,78028834,77982148,46686,0.06,132935434,56946630
168,Marblehead,2024,71416980,82230071,82171513,58558,0.07,229273195,157856215
169,Marion,2024,22180458,23048694,22916313,132381,0.57,61869095,39688637
170,Marlborough,2024,169237471,169237471,104418302,64819169,38.3,212792653,43555182
171,Marshfield,2024,75144723,80872148,80800467,71681,0.09,194418832,119274109
172,Mashpee,2024,58175510,59855190,57150177,2705013,4.52,230086186,171910676
173,Mattapoisett,2024,26887074,28252192,28104997,147195,0.52,66852991,39965917
174,Maynard,2024,36325228,38862335,38565089,297246,0.76,52244980,15919752
175,Medfield,2024,51283621,55007078,54771252,235826,0.43,93530143,42246522
176,Medford,2024,139985022,139985022,139981538,3484,0,372765669,232780647
177,Medway,2024,49058160,50454472,49160402,1294070,2.56,85347919,36289759
178,Melrose,2024,74678383,76595060,76556482,38578,0.05,185895955,111217572
179,Mendon,2024,19080609,20168466,20103103,65363,0.32,36712338,17631729
180,Merrimac,2024,16340808,18385278,18119943,265335,1.44,33555450,17214642
181,Methuen,2024,108991277,108991277,108331374,659903,0.61,225708543,116717266
182,Middleborough,2024,53053088,57055650,57030564,25086,0.04,104317171,51264083
183,Middlefield,2024,1679352,1693266,1545384,147882,8.73,1947309,267957
184,Middleton,2024,34704170,38170087,37656254,513833,1.35,79847867,45143697
185,Milford,2024,86522846,86522846,80734044,5788802,6.69,132358846,45836000
186,Millbury,2024,31945630,36245824,33898265,2347559,6.48,64055678,32110048
187,Millis,2024,29902635,32913806,32899799,14007,0.04,50091046,20188411
188,Millville,2024,5667891,5853761,5841819,11942,0.2,11047312,5379421
189,Milton,2024,95438796,98267976,98233390,34586,0.04,219156573,123717777
190,Monroe,2024,744082,798821,642288,156533,19.6,848303,104221
191,Monson,2024,16707523,17242952,17116976,125976,0.73,27608026,10900503
192,Montague,2024,21944209,23149277,21907526,1241751,5.36,29654892,7710683
193,Monterey,2024,4775690,4950754,4313494,637260,12.87,17591736,12816046
194,Montgomery,2024,2113082,2113082,1874998,238084,11.27,3679352,1566270
195,Mount Washington,2024,732457,732457,706267,26190,3.58,2793779,2061322
196,Nahant,2024,10722947,12418045,12413906,4139,0.03,34216941,23493994
197,Nantucket,2024,107432929,120473205,116471833,4001372,3.32,933306998,825874069
198,Natick,2024,131858638,140841438,140778573,62865,0.04,287068869,155210231
199,Needham,2024,176147802,186732781,184565923,2166858,1.16,328644954,152497152
200,New Ashford,2024,677302,677302,466074,211228,31.19,1374040,696738
201,New Bedford,2024,157307008,157307008,152551213,4755795,3.02,264357250,107050242
202,New Braintree,2024,2451974,2546974,2545282,1692,0.07,4376344,1924370
203,New Marlborough,2024,6047836,6309724,5741372,568352,9.01,19240522,13192686
204,New Salem,2024,2382078,2581638,2406015,175623,6.8,4185831,1803753
205,Newbury,2024,19668360,19979954,19967800,12154,0.06,64999350,45330990
206,Newburyport,2024,66017422,69200082,68516980,683102,0.99,171807873,105790451
207,Newton,2024,420868485,424090751,424080653,10098,0,1011543095,590674610
208,Norfolk,2024,37880070,40874452,40862072,12380,0.03,65610263,27730193
209,North Adams,2024,21488374,21488374,21342543,145831,0.68,25181257,3692883
210,North Andover,2024,96521525,96796124,94941208,1854916,1.92,200911745,104390220
211,North Attleborough,2024,69943064,69943064,69800758,142306,0.2,144333498,74390434
212,North Brookfield,2024,7439435,8497208,8495586,1622,0.02,16175907,8736472
213,North Reading,2024,56205454,62236898,62198381,38517,0.06,117710789,61505335
214,Northampton,2024,74989347,75565279,75515707,49572,0.07,124285232,49295885
215,Northborough,2024,62344239,64816929,60770430,4046499,6.24,106390808,44046569
216,Northbridge,2024,26503562,31291344,31287131,4213,0.01,64696300,38192738
217,Northfield,2024,10344206,10344206,9010743,1333463,12.89,16588260,6244054
218,Norton,2024,45667724,48435771,48426708,9063,0.02,92295107,46627383
219,Norwell,2024,52480253,53867163,53480418,386745,0.72,99332128,46851875
220,Norwood,2024,96684526,104693732,104078633,615099,0.59,189286544,92602018
221,Oak Bluffs,2024,26955626,30280113,30244851,35262,0.12,148351381,121395755
222,Oakham,2024,3521013,3567772,3556449,11323,0.32,8024479,4503466
223,Orange,2024,13390056,14424905,14417809,7096,0.05,20667730,7277674
224,Orleans,2024,32696662,40209887,40117657,92230,0.23,156465121,123768459
225,Otis,2024,6071064,6064510,5617441,447069,7.37,21672228,15601164
226,Oxford,2024,28135042,28630597,28618898,11699,0.04,53076590,24941548
227,Palmer,2024,22605087,23121162,23077913,43249,0.19,33641272,11036185
228,Paxton,2024,11679950,12581680,12575077,6603,0.05,19562969,7883019
229,Peabody,2024,140873454,140873454,122510800,18362654,13.03,284651287,143777833
230,Pelham,2024,4770374,5084220,4496897,587323,11.55,6416805,1646431
231,Pembroke,2024,46973075,49808691,49777431,31260,0.06,103444370,56471295
232,Pepperell,2024,25627510,28185569,28171872,13697,0.05,49079917,23452407
233,Peru,2024,2511442,2511442,2104103,407339,16.22,3186104,674662
234,Petersham,2024,3315859,3518289,3364944,153345,4.36,5882769,2566910
235,Phillipston,2024,4057894,4094353,4053967,40386,0.99,8459864,4401970
236,Pittsfield,2024,109992764,109992764,109166941,825823,0.75,120572142,10579378
237,Plainfield,2024,2555212,2756298,2582620,173678,6.3,3014262,459050
238,Plainville,2024,30477123,31144334,31134534,9800,0.03,54858261,24381138
239,Plymouth,2024,217750575,224617435,215853503,8763932,3.9,419295850,201545275
240,Plympton,2024,11572286,11802055,11414809,387246,3.28,18164877,6592591
241,Princeton,2024,10933192,11258205,10750472,507733,4.51,19156222,8223030
242,Provincetown,2024,26041859,28253801,27660415,593386,2.1,132630624,106588765
243,Quincy,2024,328215357,328215357,290892948,37322409,11.37,567002813,238787456
244,Randolph,2024,73585400,73919918,73917471,2447,0,145834052,72248652
245,Raynham,2024,40697348,42940930,42912927,28004,0.07,80514668,39817320
246,Reading,2024,85295755,87978460,87934970,43490,0.05,187183734,101887979
247,Rehoboth,2024,30992694,31677796,31645426,32370,0.1,69642223,38649529
248,Revere,2024,113715482,113715482,113707377,8105,0.01,274871467,161155985
249,Richmond,2024,5972823,6399773,6262278,137495,2.15,16090129,10117306
250,Rochester,2024,15275599,16411275,16396310,14965,0.09,37062183,21786584
251,Rockland,2024,40380129,45885290,45817560,67730,0.15,81467923,41087794
252,Rockport,2024,26667333,26950866,26917168,33698,0.13,79920334,53253001
253,Rowe,2024,5552219,5876834,4718264,1158570,19.71,12420783,6868564
254,Rowley,2024,18305885,20309513,20300655,8858,0.04,41943501,23637616
255,Royalston,2024,2021188,2108974,2108589,385,0.02,5566497,3545309
256,Russell,2024,4274476,4274476,3948564,325913,7.62,5752569,1478093
257,Rutland,2024,20725887,21854292,21409139,445153,2.04,36090928,15365041
258,Salem,2024,125749807,125749807,117433650,8316157,6.61,216892249,91142442
259,Salisbury,2024,25741431,26663941,26654389,9552,0.04,63766480,38025049
260,Sandisfield,2024,3690349,3690349,3290075,400274,10.85,8233420,4543071
261,Sandwich,2024,76596082,80192976,75504041,4688935,5.85,174777873,98181791
262,Saugus,2024,80401857,87429383,87385650,43733,0.05,173365677,92963820
263,Savoy,2024,1733711,1733711,1189018,544693,31.42,2245125,511414
264,Scituate,2024,74028242,79996902,79668456,328446,0.41,192250136,118221894
265,Seekonk,2024,49727558,52104686,52078471,26215,0.05,85682273,35954715
266,Sharon,2024,78381965,87626666,84412470,3214196,3.67,120040486,41658521
267,Sheffield,2024,12598308,12774717,10442260,2332457,18.26,22217574,9619266
268,Shelburne,2024,5027627,5104513,4439370,665143,13.03,8369853,3342226
269,Sherborn,2024,28916892,31074498,30141098,933400,3,44455896,15539004
270,Shirley,2024,12569443,13596488,13587812,8676,0.06,25032815,12463372
271,Shrewsbury,2024,98702245,108169353,108148150,21203,0.02,218392871,119690626
272,Shutesbury,2024,6230018,6264573,5524524,740049,11.81,7756462,1526444
273,Somerset,2024,66819264,70008199,49777710,20230489,28.9,85043271,18224007
274,Somerville,2024,238463940,245169908,244828530,341378,0.14,588616505,350152565
275,South Hadley,2024,32190954,33233364,33230387,2977,0.01,57651609,25460655
276,Southampton,2024,14656906,14977395,14968048,9347,0.06,26259733,11602827
277,Southborough,2024,52147244,54079766,49615180,4464586,8.26,89171782,37024538
278,Southbridge,2024,26720006,27013402,25676190,1337212,4.95,42064532,15344526
279,Southwick,2024,23140064,24534919,23445373,1089546,4.44,37888451,14748387
280,Spencer,2024,17222864,19098344,19095038,3306,0.02,41728668,24505804
281,Springfield,2024,265112017,265112017,256048299,9063718,3.42,313710683,48598666
282,Sterling,2024,23126420,23405414,22825302,580112,2.48,42872468,19746048
283,Stockbridge,2024,10070347,10807596,9283179,1524417,14.11,31490224,21419877
284,Stoneham,2024,58009444,65592713,65571663,21050,0.03,142245531,84236087
285,Stoughton,2024,79241788,84534438,84476729,57709,0.07,146782259,67540471
286,Stow,2024,32049607,34620894,33275146,1345748,3.89,49020545,16970938
287,Sturbridge,2024,29215982,30575860,30558765,17095,0.06,46329237,17113255
288,Sudbury,2024,101893772,106581243,105189118,1392125,1.31,175223465,73329693
289,Sunderland,2024,7237118,7753372,7752468,905,0.01,14749748,7512630
290,Sutton,2024,25176446,28909395,28896598,12797,0.04,56972789,31796343
291,Swampscott,2024,59288288,63958421,56755066,7203355,11.26,116934002,57645714
292,Swansea,2024,41867722,42136547,41721802,414745,0.98,88571916,46704194
293,Taunton,2024,127080435,128129090,128107901,21189,0.02,227863819,100783384
294,Templeton,2024,12061777,13600537,13526437,74100,0.54,26838169,14776392
295,Tewksbury,2024,98471420,109734845,109723034,11811,0.01,180415767,81944347
296,Tisbury,2024,30065257,35772921,34424336,1348585,3.77,117528628,87463371
297,Tolland,2024,1745761,2053920,2006077,47843,2.33,6268992,4523231
298,Topsfield,2024,29044093,29993432,29534836,458596,1.53,50263505,21219412
299,Townsend,2024,19644605,21032239,21022754,9485,0.05,36472509,16827904
300,Truro,2024,20249933,21261582,20593399,668183,3.14,91373181,71123248
301,Tyngsborough,2024,32872272,33207472,33195418,12054,0.04,65242567,32370295
302,Tyringham,2024,1776451,1776451,1487943,288508,16.24,5942263,4165812
303,Upton,2024,24076022,25082543,25071156,11387,0.05,45817172,21741150
304,Uxbridge,2024,39890387,41913578,39211204,2702374,6.45,75636566,35746179
305,Wakefield,2024,88770088,91490093,91168233,321860,0.35,183785055,95014967
306,Wales,2024,3912751,3912751,3848682,64069,1.64,6514356,2601605
307,Walpole,2024,87923878,92606776,92581641,25135,0.03,168141265,80217387
308,Waltham,2024,283106340,283106340,225046862,58059478,20.51,474770037,191663697
309,Ware,2024,17501904,17525104,17494056,31048,0.18,26782082,9280178
310,Wareham,2024,48926753,50613927,50608723,5204,0.01,137076714,88149961
311,Warren,2024,9729953,9763467,8775586,987881,10.12,14558040,4828087
312,Warwick,2024,2095668,2101168,2024772,76396,3.64,3058568,962900
313,Washington,2024,1611615,1757808,1677313,80495,4.58,2738917,1127302
314,Watertown,2024,158336628,158336628,158269310,67318,0.04,298282616,139945988
315,Wayland,2024,84082687,89345923,84942450,4403473,4.93,136827400,52744713
316,Webster,2024,27226616,31270981,31253693,17288,0.06,64149617,36923001
317,Wellesley,2024,157615463,171981135,171767455,213680,0.12,412505895,254890432
318,Wellfleet,2024,22691881,26147096,26128173,18923,0.07,101579006,78887125
319,Wendell,2024,2859035,3069160,2854743,214417,6.99,3222058,363023
320,Wenham,2024,20121708,20586942,20560902,26040,0.13,32823918,12702210
321,West Boylston,2024,20733377,21548879,21535037,13842,0.06,36425977,15692600
322,West Bridgewater,2024,29872206,32390098,29635845,2754253,8.5,42654251,12782045
323,West Brookfield,2024,7063470,7063470,7015221,48249,0.68,15617144,8553674
324,West Newbury,2024,16367882,17947598,16093152,1854446,10.33,37183807,20815925
325,West Springfield,2024,81492443,81492443,71591451,9900992,12.15,94182501,12690058
326,West Stockbridge,2024,7000104,7073736,5787039,1286697,18.19,15101876,8101772
327,West Tisbury,2024,19019575,20012272,19591394,420878,2.1,113903455,94883880
328,Westborough,2024,108698638,109126451,94385682,14740769,13.51,143792935,35094297
329,Westfield,2024,97398336,97398336,88367933,9030403,9.27,118244886,20846550
330,Westford,2024,91227164,92713046,92711637,1409,0,168321781,77094617
331,Westhampton,2024,5295108,5551958,5533705,18253,0.33,6686449,1391341
332,Westminster,2024,23604345,24389100,20054442,4334658,17.77,40894050,17289705
333,Weston,2024,95688282,105420838,92720774,12700064,12.05,208454978,112766696
334,Westport,2024,33679302,38019844,38005373,14471,0.04,122915177,89235875
335,Westwood,2024,93226730,97596272,97119786,476487,0.49,169254310,76027580
336,Weymouth,2024,131505406,136399017,136371826,27191,0.02,308108706,176603300
337,Whately,2024,6064972,6064972,4898446,1166526,19.23,8945300,2880328
338,Whitman,2024,30971437,31984272,31979837,4435,0.01,62754781,31783344
339,Wilbraham,2024,44892679,46599735,45498396,1101339,2.36,61484319,16591640
340,Williamsburg,2024,7337212,7787653,7309367,478286,6.14,10095811,2758599
341,Williamstown,2024,21795473,23153718,20336062,2817656,12.17,33557858,11762385
342,Wilmington,2024,103087888,105432719,104044768,1387951,1.32,173507271,70419383
343,Winchendon,2024,14334126,14633010,14626029,6981,0.05,29158751,14824625
344,Winchester,2024,105791389,121226735,121131064,95671,0.08,267910621,162119232
345,Windsor,2024,2201813,2366513,1866849,499664,21.11,4044300,1842487
346,Winthrop,2024,34436255,38056480,38025067,31413,0.08,91230967,56794712
347,Woburn,2024,167445638,169023126,129285328,39737798,23.51,286884288,119438650
348,Worcester,2024,405536919,405536919,381789495,23747424,5.86,555717505,150180586
349,Worthington,2024,3513341,3600542,3534221,66321,1.84,6114569,2601228
350,Wrentham,2024,41987522,42590452,42284327,306125,0.72,81677833,39690311
351,Yarmouth,2024,69984033,74302147,74280183,21964,0.03,251626635,181642602
001,Abington,2025,39530968,42926193,42906155,20038,0.05,82132763,42601795
002,Acton,2025,110646568,116223410,114958332,1265078,1.09,167577743,56931175
003,Acushnet,2025,22430708,22857193,22780366,76827,0.34,50512971,28082263
004,Adams,2025,14079086,14740697,14611523,129174,0.88,20288859,6209773
005,Agawam,2025,92221115,92221115,75384493,16836622,18.26,108183829,15962714
006,Alford,2025,1996906,2115956,1863455,252501,11.93,9411390,7414484
007,Amesbury,2025,56663779,59601501,59435534,165967,0.28,97116886,40453107
008,Amherst,2025,67269595,67961402,67803711,157691,0.23,94434138,27164543
009,Andover,2025,181930594,192422261,191831670,590591,0.31,329429313,147498719
010,Arlington,2025,151944245,166280398,166205617,74781,0.04,385857792,233913547
011,Ashburnham,2025,15684420,17236047,17131952,104095,0.6,28802878,13118458
012,Ashby,2025,7362749,8194519,8083580,110939,1.35,13269173,5906424
013,Ashfield,2025,5537105,5658653,5428360,230293,4.07,10082392,4545287
014,Ashland,2025,54791265,58363148,58356038,7110,0.01,114244396,59453131
015,Athol,2025,16494823,18312904,17903478,409426,2.24,35215338,18720515
016,Attleboro,2025,93050126,99967862,99949385,18477,0.02,186517490,93467364
017,Auburn,2025,56875776,58331939,49043484,9288455,15.92,83321600,26445824
018,Avon,2025,24980308,26356886,23857785,2499101,9.48,31758066,6777758
019,Ayer,2025,32915905,34570810,30302245,4268565,12.35,47817286,14901381
020,Barnstable,2025,148914452,151174458,151135942,38516,0.03,619476429,470561977
021,Barre,2025,10057543,10433361,10431072,2289,0.02,19188875,9131332
022,Becket,2025,7265453,7803667,6681839,1121828,14.38,19069177,11803724
023,Bedford,2025,92435231,93882531,86431184,7451347,7.94,139406824,46971593
024,Belchertown,2025,34631362,34658520,34598463,60057,0.17,59611412,24980050
025,Bellingham,2025,57349321,58057174,58016807,40367,0.07,100466647,43117326
026,Belmont,2025,118439133,132516534,132509613,6921,0.01,290846384,172407251
027,Berkley,2025,12171110,16348252,16344865,3387,0.02,34023449,21852339
028,Berlin,2025,15540320,16364212,15116537,1247675,7.62,24620401,9080081
029,Bernardston,2025,5697324,5697324,5097692,599632,10.52,8930784,3233460
030,Beverly,2025,130560261,130560261,129833221,727040,0.56,264922122,134361861
031,Billerica,2025,181157477,186951922,161863891,25088031,13.42,280244067,99086590
032,Blackstone,2025,24000313,24000313,23760487,239826,1,39338555,15338242
033,Blandford,2025,4301087,4461100,3620278,840822,18.85,7729031,3427944
034,Bolton,2025,25537420,27653759,27566432,87327,0.32,41465752,15928332
035,Boston,2025,3359405510,3359405510,3357989105,1416405,0.04,5659372364,2299966854
036,Bourne,2025,58198377,62255626,62227363,28263,0.05,199191303,140992926
037,Boxborough,2025,27331698,28216768,26874899,1341869,4.76,44377311,17045613
038,Boxford,2025,37635112,38207237,36815747,1391490,3.64,68430757,30795645
039,Boylston,2025,18389373,19751797,19459210,292587,1.48,35175724,16786351
040,Braintree,2025,120867068,123526167,123478835,47332,0.04,254622118,133755050
041,Brewster,2025,41387986,48034190,47816400,217790,0.45,173751453,132363467
042,Bridgewater,2025,56225606,60908073,60884682,23391,0.04,128665853,72440247
043,Brimfield,2025,9240158,9415408,9216717,198691,2.11,16295469,7055311
044,Brockton,2025,179674766,179674766,179579720,95046,0.05,324651013,144976247
045,Brookfield,2025,6934017,6979793,6773752,206041,2.95,10939522,4005505
046,Brookline,2025,293111747,315124239,312568373,2555866,0.81,824788029,531676282
047,Buckland,2025,4955166,5217114,5173713,43401,0.83,7635350,2680184
048,Burlington,2025,162267956,162267956,147792967,14474989,8.92,250388522,88120566
049,Cambridge,2025,817489132,817489132,628388753,189100379,23.13,1906014991,1088525859
050,Canton,2025,99853788,100765178,99004006,1761172,1.75,199179169,99325381
051,Carlisle,2025,33334567,35359460,31687729,3671731,10.38,60105707,26771140
052,Carver,2025,33008235,34139333,34128439,10894,0.03,56401472,23393237
053,Charlemont,2025,4328752,4328752,3548220,780532,18.03,4847295,518543
054,Charlton,2025,35684770,36120058,35115987,1004071,2.78,78876880,43192110
055,Chatham,2025,38142381,45740579,42824220,2916359,6.38,308531843,270389462
056,Chelmsford,2025,123552993,124623577,124569867,53710,0.04,217307823,93754830
057,Chelsea,2025,84628585,84628585,84585313,43272,0.05,154008638,69380053
058,Cheshire,2025,4598760,5012203,5001749,10454,0.21,11234835,6636075
059,Chester,2025,3385564,3467556,3149379,318177,9.18,4359606,974042
060,Chesterfield,2025,3980910,4216463,3854833,361630,8.58,6209461,2228551
061,Chicopee,2025,114065056,114065056,108089742,5975314,5.24,144971795,30906739
062,Chilmark,2025,11709034,13446647,13076103,370544,2.76,145290037,133581003
063,Clarksburg,2025,2307439,2307439,2271382,36057,1.56,4181484,1874045
064,Clinton,2025,35479166,36223641,33520045,2703596,7.46,57064530,21585364
065,Cohasset,2025,47105634,49617045,49606365,10680,0.02,107094916,59989282
066,Colrain,2025,4441075,4676333,4172384,503949,10.78,5712464,1271389
067,Concord,2025,110152005,120265683,116241894,4023789,3.35,234492916,124340911
068,Conway,2025,6837963,6920970,5941394,979576,14.15,10286348,3448385
069,Cummington,2025,2380325,2635851,2297490,338361,12.84,4501353,2121028
070,Dalton,2025,15199694,16574799,15797641,777158,4.69,23979418,8779724
071,Danvers,2025,95857099,95857099,95728585,128514,0.13,189266274,93409175
072,Dartmouth,2025,77520078,78483513,78411804,71709,0.09,209089727,131569649
073,Dedham,2025,116527904,118236436,115357710,2878726,2.43,192640084,76112180
074,Deerfield,2025,13921267,14542400,14540032,2368,0.02,27434023,13512756
075,Dennis,2025,51098330,55750481,54850320,900161,1.61,316687761,265589431
076,Dighton,2025,22663861,23254392,23006725,247667,1.07,41070213,18406352
077,Douglas,2025,22245259,24184594,24168752,15842,0.07,45878421,23633162
078,Dover,2025,40671822,43165306,40365222,2800084,6.49,89541308,48869486
079,Dracut,2025,57731130,60139697,60107866,31831,0.05,148487812,90756682
080,Dudley,2025,16500783,17859319,17850414,8905,0.05,42219523,25718740
081,Dunstable,2025,11520861,11836078,11835822,256,0,21519676,9998815
082,Duxbury,2025,67905776,74126360,73654135,472225,0.64,181593036,113687260
083,East Bridgewater,2025,34595299,37159827,37147347,12480,0.03,67935895,33340596
084,East Brookfield,2025,4796845,5102617,5085898,16719,0.33,9902450,5105605
085,East Longmeadow,2025,53215610,54236439,52595904,1640535,3.02,71152468,17936858
086,Eastham,2025,29466547,38713675,38592475,121200,0.31,125137727,95671180
087,Easthampton,2025,28796597,33478768,33456548,22220,0.07,61186079,32389482
088,Easton,2025,68874618,73551848,73513956,37892,0.05,144450167,75575549
089,Edgartown,2025,35604241,38788637,38246542,542095,1.4,360816434,325212193
090,Egremont,2025,5315233,5607433,5299008,308425,5.5,21162172,15846939
091,Erving,2025,12764880,12764880,12751252,13628,0.11,22254544,9489664
092,Essex,2025,15120553,17392594,17364582,28012,0.16,33419134,18298581
093,Everett,2025,183889953,183889953,117262518,66627435,36.23,223044471,39154518
094,Fairhaven,2025,34476372,35259488,35241592,17896,0.05,83388602,48912230
095,Fall River,2025,137463208,142624675,142550803,73872,0.05,261734668,124271460
096,Falmouth,2025,119987499,130580099,129067544,1512555,1.16,549691415,429703916
097,Fitchburg,2025,68632786,68632786,68628236,4550,0.01,126995256,58362470
098,Florida,2025,3418910,3418910,3091393,327517,9.58,5139514,1720604
099,Foxborough,2025,61867256,63714006,63652883,61123,0.1,113197529,51330273
100,Framingham,2025,262980877,266230384,224830857,41399527,15.55,391196519,128215642
101,Franklin,2025,94010111,97805284,97738863,66421,0.07,210281548,116271437
102,Freetown,2025,27901137,28558459,28294791,263668,0.92,57723884,29822747
103,Gardner,2025,33930056,33930056,33910666,19390,0.06,59036676,25106620
104,Aquinnah,2025,6459439,6558639,6556170,2469,0.04,24246189,17786750
105,Georgetown,2025,23022637,25015576,25012716,2860,0.01,56538689,33516052
106,Gill,2025,3495643,3503123,3381699,121424,3.47,5766881,2271238
107,Gloucester,2025,99689268,105847014,105742264,104750,0.1,271219140,171529872
108,Goshen,2025,3128544,3301174,3211261,89913,2.72,5738494,2609950
109,Gosnold,2025,865495,865495,852130,13365,1.54,6720271,5854776
110,Grafton,2025,53147862,59412197,58742675,669523,1.13,105349129,52201267
111,Granby,2025,15355145,16149954,16143438,6516,0.04,26258033,10902888
112,Granville,2025,4146004,4365807,3936303,429504,9.84,7214631,3068627
113,Great Barrington,2025,28741976,30024867,30006724,18144,0.06,54399426,25657450
114,Greenfield,2025,42304546,43725896,42241509,1484387,3.39,53989659,11685113
115,Groton,2025,38135363,42908838,42843486,65352,0.15,70235222,32099859
116,Groveland,2025,18464434,20729242,20725022,4220,0.02,40829437,22365003
117,Hadley,2025,14041052,15326031,15322137,3894,0.03,32936667,18895615
118,Halifax,2025,19830578,20611572,20597827,13745,0.07,36085891,16255313
119,Hamilton,2025,34123847,35894827,35881173,13654,0.04,57318168,23194321
120,Hampden,2025,15388409,16063301,14751073,1312228,8.17,24438491,9050082
121,Hancock,2025,2768927,2768927,1170957,1597970,57.71,10882503,8113576
122,Hanover,2025,51899211,55518041,55435926,82115,0.15,109137889,57238678
123,Hanson,2025,27408560,27928163,27924216,3947,0.01,52175292,24766732
124,Hardwick,2025,4853064,4885213,4881581,3632,0.07,9280571,4427507
125,Harvard,2025,25126688,28457254,28373650,83604,0.29,45371957,20245269
126,Harwich,2025,54267954,60245780,60107069,138711,0.23,254260021,199992067
127,Hatfield,2025,10322046,10978396,10764024,214372,1.95,19443686,9121640
128,Haverhill,2025,132973123,135151542,133336191,1815351,1.34,283184996,150211873
129,Hawley,2025,1132962,1132962,1031133,101829,8.99,1576656,443694
130,Heath,2025,2694390,2753499,2383513,369986,13.44,3167880,473490
131,Hingham,2025,106913744,114428009,114323297,104712,0.09,267360376,160446632
132,Hinsdale,2025,6223136,6223136,5361918,861218,13.84,12022237,5799101
133,Holbrook,2025,31541296,34604545,31395781,3208764,9.27,52758162,21216866
134,Holden,2025,48373707,53531658,52930463,601195,1.12,95473419,47099712
135,Holland,2025,6840084,6840084,6827463,12621,0.18,13149968,6309884
136,Holliston,2025,58778770,59118985,59087174,31811,0.05,100831628,42052858
137,Holyoke,2025,67816208,67816208,66903986,912222,1.35,75928935,8112727
138,Hopedale,2025,21313168,21587926,21571796,16130,0.07,29442271,8129103
139,Hopkinton,2025,90338469,96340024,95578067,761957,0.79,168727632,78389163
140,Hubbardston,2025,8765054,8847431,8842434,4997,0.06,18926444,10161390
141,Hudson,2025,63087649,66807171,66774365,32806,0.05,107759898,44672249
142,Hull,2025,36585172,37737316,37704152,33164,0.09,84161053,47575881
143,Huntington,2025,4546984,4719423,4671454,47969,1.02,7583529,3036545
144,Ipswich,2025,50981100,52590164,52556339,33825,0.06,117839325,66858225
145,Kingston,2025,44227535,45176552,44278540,898012,1.99,85347996,41120461
146,Lakeville,2025,29080347,30114072,30111345,2727,0.01,72732718,43652371
147,Lancaster,2025,23925197,24756952,23882044,874908,3.53,36946232,13021035
148,Lanesborough,2025,11026688,11534874,9903279,1631595,14.14,14798683,3771995
149,Lawrence,2025,101449628,101449628,88382893,13066735,12.88,210041763,108592135
150,Lee,2025,20291875,20291875,16069778,4222097,20.81,35710618,15418743
151,Leicester,2025,18995120,20753886,20741841,12045,0.06,44056587,25061467
152,Lenox,2025,22597651,22597651,19007485,3590166,15.89,48149758,25552107
153,Leominster,2025,96775106,96775106,90834284,5940822,6.14,161857242,65082136
154,Leverett,2025,7017810,7410760,6428963,981797,13.25,10587884,3570074
155,Lexington,2025,239807038,256398958,256305562,93396,0.04,462194063,222387025
156,Leyden,2025,2304357,2304357,1838787,465570,20.2,3008486,704129
157,Lincoln,2025,33884552,38687030,38662282,24748,0.06,74093983,40209431
158,Littleton,2025,51371592,52271592,52269277,2315,0,78456346,27084754
159,Longmeadow,2025,58192198,64152597,64126692,25905,0.04,75907543,17715345
160,Lowell,2025,192878131,192878131,178803601,14074530,7.3,349733052,156854921
161,Ludlow,2025,51655492,53843009,53515260,327749,0.61,77111325,25455833
162,Lunenburg,2025,31602108,33916006,33899749,16257,0.05,59017670,27415562
163,Lynn,2025,168099789,168099789,168053040,46749,0.03,370211927,202112138
164,Lynnfield,2025,52395164,56970328,56948906,21422,0.04,123632037,71236873
165,Malden,2025,113126839,113126839,113057492,69347,0.06,280491510,167364671
166,Manchester By The Sea,2025,29817851,33921211,33148379,772832,2.28,90569341,60751490
167,Mansfield,2025,78737457,80767587,80732866,34721,0.04,138936879,60199422
168,Marblehead,2025,73526842,84440496,84388724,51772,0.06,233118023,159591181
169,Marion,2025,22959052,23921101,23821973,99128,0.41,63900143,40941091
170,Marlborough,2025,175914497,175914497,107010207,68904290,39.17,228742370,52827873
171,Marshfield,2025,77721373,83364799,83347234,17565,0.02,210472812,132751439
172,Mashpee,2025,60258392,61995382,60794500,1200882,1.94,248013626,187755234
173,Mattapoisett,2025,27951704,29437685,29345674,92011,0.31,68182328,40230624
174,Maynard,2025,37744118,41237561,41068220,169341,0.41,55739493,17995375
175,Medfield,2025,53088031,56629159,56417348,211811,0.37,102205340,49117309
176,Medford,2025,153506550,153506550,153505642,908,0,395608748,242102198
177,Medway,2025,51073220,52434743,51201150,1233593,2.35,89826578,38753358
178,Melrose,2025,77315376,79298968,79274439,24529,0.03,193235508,115920132
179,Mendon,2025,19872725,20617275,20605869,11406,0.06,38572540,18699815
180,Merrimac,2025,16927919,18867806,18860765,7041,0.04,35586349,18658430
181,Methuen,2025,113062218,113062218,112756013,306206,0.27,240068756,127006538
182,Middleborough,2025,55183423,59066954,59056040,10914,0.02,109123679,53940256
183,Middlefield,2025,1742684,1760255,1556121,204134,11.6,2132841,390157
184,Middleton,2025,35956431,39520946,39048170,472776,1.2,82102964,46146533
185,Milford,2025,90417486,90417486,84345827,6071659,6.72,143281449,52863963
186,Millbury,2025,33547899,39163595,37712757,1450838,3.7,70412168,36864269
187,Millis,2025,31605868,35015024,35003351,11673,0.03,53358767,21752899
188,Millville,2025,5836063,6018319,6016964,1355,0.02,11404405,5568342
189,Milton,2025,99114881,101944061,101939556,4505,0,224631277,125516396
190,Monroe,2025,764017,818215,563854,254361,31.09,940651,176634
191,Monson,2025,17256697,17506126,17447509,58617,0.33,29333404,12076707
192,Montague,2025,22716273,23922257,22474989,1447268,6.05,31271045,8554772
193,Monterey,2025,5017538,5161735,4650962,510773,9.9,18054977,13037439
194,Montgomery,2025,2181534,2181534,1881981,299553,13.73,4148988,1967454
195,Mount Washington,2025,773112,773112,736436,36676,4.74,3028107,2254995
196,Nahant,2025,11066287,12938636,12929869,8767,0.07,35327510,24261223
197,Nantucket,2025,112360601,128975025,127179980,1795045,1.39,971366481,859005880
198,Natick,2025,136839508,145556985,145480959,76026,0.05,304098994,167259486
199,Needham,2025,186406245,196129440,192425222,3704218,1.89,402663891,216257646
200,New Ashford,2025,699506,699506,368013,331493,47.39,1625498,925992
201,New Bedford,2025,164869393,164869393,155248056,9621337,5.84,293826668,128957275
202,New Braintree,2025,2554365,2667842,2627020,40822,1.53,4419617,1865252
203,New Marlborough,2025,6199256,6452279,5932429,519850,8.06,21370421,15171165
204,New Salem,2025,2456868,2786911,2619973,166938,5.99,4823220,2366352
205,Newbury,2025,20360195,20671489,20658948,12541,0.06,69325328,48965133
206,Newburyport,2025,68417084,71612509,71244907,367602,0.51,185920948,117503864
207,Newton,2025,437339973,441011105,440995068,16037,0,1050999455,613659482
208,Norfolk,2025,39402167,43373311,43368255,5056,0.01,67890192,28488025
209,North Adams,2025,22455769,22455769,22443741,12028,0.05,27326944,4871175
210,North Andover,2025,104228596,104488520,99369474,5119046,4.9,207332540,103103944
211,North Attleborough,2025,72117804,72117804,72109772,8032,0.01,146078315,73960511
212,North Brookfield,2025,7725049,9380072,9375002,5070,0.05,16540229,8815180
213,North Reading,2025,59183484,64881125,64845255,35870,0.06,124129508,64946024
214,Northampton,2025,77857318,78425538,78413454,12084,0.02,140727663,62870345
215,Northborough,2025,64426816,66907695,64378721,2528974,3.78,112945124,48518308
216,Northbridge,2025,27488449,32901506,32886741,14765,0.04,69734396,42245947
217,Northfield,2025,10730393,10730393,9527264,1203129,11.21,17209653,6479260
218,Norton,2025,48415263,51878683,51743932,134751,0.26,98504487,50089224
219,Norwell,2025,54140378,55472489,55435666,36823,0.07,106036087,51895709
220,Norwood,2025,100182157,108132833,107785190,347643,0.32,194898712,94716555
221,Oak Bluffs,2025,27841817,30809755,30790593,19162,0.06,156668129,128826312
222,Oakham,2025,3625400,3796715,3792158,4557,0.12,8208133,4582733
223,Orange,2025,13865952,15289452,15263702,25750,0.17,23197115,9331163
224,Orleans,2025,34168882,42045903,42006870,39033,0.09,168296754,134127872
225,Otis,2025,6264008,6259413,6089027,170386,2.72,23564345,17300337
226,Oxford,2025,29110146,29606704,29540964,65740,0.22,57084643,27974497
227,Palmer,2025,23762719,24267544,24263571,3973,0.02,36807602,13044883
228,Paxton,2025,12048271,12723529,12721537,1992,0.02,21576555,9528284
229,Peabody,2025,145499092,145499092,130515935,14983157,10.3,300223776,154724684
230,Pelham,2025,4925738,5246181,4780550,465631,8.88,7042649,2116911
231,Pembroke,2025,48591787,51306853,51282432,24421,0.05,106660632,58068845
232,Pepperell,2025,28050275,30580699,30566575,14124,0.05,52232698,24182423
233,Peru,2025,2632462,2632462,2160789,471673,17.92,3386817,754355
234,Petersham,2025,3452984,3657967,3644961,13006,0.36,6288752,2835768
235,Phillipston,2025,4226603,4262322,4262020,302,0.01,9454349,5227746
236,Pittsfield,2025,114615097,114615097,114321011,294086,0.26,131763478,17148381
237,Plainfield,2025,2884993,3086883,2765302,321581,10.42,3740938,855945
238,Plainville,2025,31756444,32408198,32396192,12006,0.04,58947133,27190689
239,Plymouth,2025,227215607,233886017,230733926,3152091,1.35,454558561,227342954
240,Plympton,2025,11989332,12216737,11941235,275502,2.26,18787343,6798011
241,Princeton,2025,11377056,11641600,11474687,166913,1.43,19743095,8366039
242,Provincetown,2025,27256957,30631668,29519955,1111713,3.63,141466235,114209278
243,Quincy,2025,343608286,343608286,312300451,31307835,9.11,593772321,250164035
244,Randolph,2025,76188171,77071776,77013079,58697,0.08,150382135,74193964
245,Raynham,2025,42074242,43963683,43952335,11348,0.03,84770844,42696602
246,Reading,2025,88120856,89399276,89392138,7138,0.01,195809077,107688221
247,Rehoboth,2025,32670270,33333094,33328237,4857,0.01,74726988,42056718
248,Revere,2025,120297649,120297649,120249280,48369,0.04,291443993,171146344
249,Richmond,2025,6170845,6601045,6440009,161036,2.44,16295570,10124725
250,Rochester,2025,16066302,17101711,17077861,23850,0.14,39459013,23392711
251,Rockland,2025,41727160,47133684,47082374,51310,0.11,86105292,44378132
252,Rockport,2025,27400406,29248770,29245332,3438,0.01,83462704,56062298
253,Rowe,2025,6145994,6471351,5110762,1360589,21.02,12532870,6386876
254,Rowley,2025,18932223,20932558,20929740,2818,0.01,44455693,25523470
255,Royalston,2025,2119791,2259564,2259235,329,0.01,5871192,3751401
256,Russell,2025,4397626,4397626,4220857,176769,4.02,5766197,1368571
257,Rutland,2025,21744868,22463222,22456994,6228,0.03,39425903,17681035
258,Salem,2025,130115164,130115164,122087299,8027865,6.17,232058851,101943687
259,Salisbury,2025,26751982,27662442,27652697,9745,0.04,68583077,41831095
260,Sandisfield,2025,3797614,3797614,3403552,394062,10.38,8741672,4944058
261,Sandwich,2025,79221547,82467918,78756420,3711498,4.5,186273464,107051917
262,Saugus,2025,82998228,90029754,89981684,48070,0.05,179265280,96267052
263,Savoy,2025,1792660,1792660,1537890,254770,14.21,2313313,520653
264,Scituate,2025,76673357,82273659,82263992,9667,0.01,205865845,129192488
265,Seekonk,2025,51656552,53959856,53959841,15,0,89740634,38084082
266,Sharon,2025,80849195,91226747,88196233,3030514,3.32,126138778,45289583
267,Sheffield,2025,13010402,13181434,10838240,2343194,17.78,22374566,9364164
268,Shelburne,2025,5291280,5347564,4785777,561787,10.51,9318101,4026821
269,Sherborn,2025,29882357,31941593,31164704,776889,2.43,46991411,17109054
270,Shirley,2025,12975489,13980856,13980439,417,0,26947647,13972158
271,Shrewsbury,2025,102675615,111941570,111879562,62008,0.06,232308062,129632447
272,Shutesbury,2025,6507047,6543020,5680236,862784,13.19,8985402,2478355
273,Somerset,2025,69046394,72135344,53453593,18681751,25.9,87920863,18874469
274,Somerville,2025,258565387,265191068,264969749,221319,0.08,612670291,354104904
275,South Hadley,2025,33191722,34230605,34221083,9522,0.03,61196501,28004779
276,Southampton,2025,15229827,15461155,15450665,10490,0.07,27259465,12029638
277,Southborough,2025,54062823,55980643,52316824,3663819,6.54,94708226,40645403
278,Southbridge,2025,27598423,27977991,27390213,587778,2.1,46709095,19110672
279,Southwick,2025,23867330,25258279,24754614,503665,1.99,39747294,15879964
280,Spencer,2025,17839823,20769973,20761235,8738,0.04,44210467,26370644
281,Springfield,2025,278098401,278098401,272088050,6010351,2.16,337983780,59885379
282,Sterling,2025,23931222,24201235,23589819,611416,2.53,45787692,21856470
283,Stockbridge,2025,10400051,11165014,9591650,1573364,14.09,33821051,23421000
284,Stoneham,2025,60204508,67789426,67767768,21658,0.03,152801421,92596913
285,Stoughton,2025,82928607,88219382,87396504,822878,0.93,156149513,73220906
286,Stow,2025,33230241,36599165,34789909,1809256,4.94,49928112,16697871
287,Sturbridge,2025,30301591,32602515,32567215,35300,0.11,51109879,20808288
288,Sudbury,2025,105269360,109658448,109643754,14694,0.01,182317189,77047829
289,Sunderland,2025,7468334,8010081,7617711,392370,4.9,14626942,7158608
290,Sutton,2025,26294691,29966103,29963424,2679,0.01,62319933,36025242
291,Swampscott,2025,61170734,66155770,58385886,7769884,11.74,120615483,59444749
292,Swansea,2025,43534862,43795587,42226761,1568826,3.58,89977708,46442846
293,Taunton,2025,132891984,137203489,137185258,18231,0.01,252442385,119550401
294,Templeton,2025,12591057,14161654,14086053,75601,0.53,29055389,16464332
295,Tewksbury,2025,103121800,114122336,114080610,41726,0.04,189584050,86462250
296,Tisbury,2025,31142975,37042464,36333815,708649,1.91,130434883,99291908
297,Tolland,2025,1818228,2044953,1992970,51983,2.54,6669912,4851684
298,Topsfield,2025,30327686,31277000,30843983,433017,1.38,51440932,21113246
299,Townsend,2025,20303962,21686633,21678623,8010,0.04,37325454,17021492
300,Truro,2025,20958843,21969808,21949669,20139,0.09,95731572,74772729
301,Tyngsborough,2025,34150466,35703592,34419641,1283951,3.6,69731849,35581383
302,Tyringham,2025,1841467,1841467,1542444,299023,16.24,6300832,4459365
303,Upton,2025,24868233,25510322,25481874,28448,0.11,48444626,23576393
304,Uxbridge,2025,41988257,43881248,42927257,953991,2.17,80591510,38603253
305,Wakefield,2025,92089320,95118926,95051344,67582,0.07,191137217,99047897
306,Wales,2025,4048316,4048316,3947079,101237,2.5,6843064,2794748
307,Walpole,2025,90890314,95464965,95424767,40198,0.04,178869357,87979043
308,Waltham,2025,297247575,297247575,244039544,53208031,17.9,504661913,207414338
309,Ware,2025,18017817,18040517,18033820,6697,0.04,29936621,11918804
310,Wareham,2025,50752833,52452208,52402462,49746,0.09,153223573,102470740
311,Warren,2025,10189317,10222204,8559392,1662812,16.27,14448669,4259352
312,Warwick,2025,2164774,2164774,2130376,34398,1.59,2995467,830693
313,Washington,2025,1664269,1808007,1714841,93166,5.15,3027614,1363345
314,Watertown,2025,168575918,168575918,168563298,12620,0.01,322073901,153497983
315,Wayland,2025,86742906,91539500,89305286,2234214,2.44,142842747,56099841
316,Webster,2025,28352924,32317317,32285868,31449,0.1,67941641,39588717
317,Wellesley,2025,164211584,180284199,180234295,49904,0.03,438312974,274101390
318,Wellfleet,2025,23336903,27891405,27856221,35184,0.13,105008791,81671888
319,Wendell,2025,2943076,3160126,3132957,27169,0.86,3738612,795536
320,Wenham,2025,20847197,21778777,21393804,384973,1.77,34417316,13570119
321,West Boylston,2025,21349619,22148469,22144285,4184,0.02,39913995,18564376
322,West Bridgewater,2025,32132723,34696308,31420926,3275382,9.44,46714394,14581671
323,West Brookfield,2025,7299058,7299058,7115377,183681,2.52,16501338,9202280
324,West Newbury,2025,16898052,18478024,16510001,1968023,10.65,38217594,21319542
325,West Springfield,2025,85245966,85245966,75530020,9715946,11.4,97780016,12534050
326,West Stockbridge,2025,7220328,7288866,6078123,1210743,16.61,15795538,8575210
327,West Tisbury,2025,20437924,21388155,21348128,40027,0.19,119430846,98992922
328,Westborough,2025,114520085,114520085,100886572,13633513,11.9,154828993,40308908
329,Westfield,2025,100823438,100823438,88402461,12420977,12.32,125010096,24186658
330,Westford,2025,94191906,95744907,95710863,34044,0.04,177637087,83445181
331,Westhampton,2025,5517206,5773956,5752961,20995,0.36,6917943,1400737
332,Westminster,2025,24363731,25124872,20963748,4161124,16.56,42609243,18245512
333,Weston,2025,99351748,108449737,96519496,11930241,11,217386253,118034505
334,Westport,2025,35256933,39603147,39584200,18947,0.05,132832886,97575953
335,Westwood,2025,96489130,100628132,99900752,727380,0.72,175035915,78546785
336,Weymouth,2025,137000562,141797300,141725766,71534,0.05,326165829,189165267
337,Whately,2025,6342929,6342929,5115397,1227532,19.35,9586576,3243647
338,Whitman,2025,31919007,34909354,34905753,3601,0.01,66512486,34593479
339,Wilbraham,2025,46563484,48323309,47337113,986196,2.04,66187239,19623755
340,Williamsburg,2025,7564841,8148291,7692080,456211,5.6,10137164,2572323
341,Williamstown,2025,22607154,23951285,20607332,3343953,13.96,37332124,14724970
342,Wilmington,2025,110265934,112524715,111199306,1325409,1.18,181722278,71456344
343,Winchendon,2025,14825818,15148346,14961849,186497,1.23,31833722,17007904
344,Winchester,2025,109495473,125841130,125787751,53379,0.04,284222764,174727291
345,Windsor,2025,2290718,2451705,1916615,535090,21.83,4225341,1934623
346,Winthrop,2025,35718038,39339513,39336929,2584,0.01,95292947,59574909
347,Woburn,2025,177218816,178717354,139076018,39641336,22.18,298075186,120856370
348,Worcester,2025,425701041,425701041,399865445,25835596,6.07,608218815,182517774
349,Worthington,2025,3659857,3745621,3743281,2340,0.06,6786224,3126367
350,Wrentham,2025,43608712,44225006,44210184,14822,0.03,87824261,44215549
351,Yarmouth,2025,73025479,78319900,78211453,108447,0.14,276170385,203144906
001,Abington,2026,40960098,44255023,44248167,6856,0.02,86354738,45394640
002,Acton,2026,114527869,118729016,117153773,1575243,1.33,180458678,65930809
003,Acushnet,2026,23183950,23605780,23489581,116199,0.49,53825104,30641154
004,Adams,2026,14643813,15306011,15093358,212653,1.39,22806023,8162210
005,Agawam,2026,95801034,96349459,77758351,18591108,19.3,115903440,20102406
006,Alford,2026,2058640,2176765,1987801,188964,8.68,12210078,10151438
007,Amesbury,2026,58711465,61556585,61396707,159878,0.26,101987885,43276420
008,Amherst,2026,69342653,71468296,71456083,12213,0.02,105641755,36299102
009,Andover,2026,189047801,199123075,197885008,1238067,0.62,343712486,154664685
010,Arlington,2026,157025941,171456012,171327384,128628,0.08,401497328,244471387
011,Ashburnham,2026,16234692,17753999,17736862,17137,0.1,29819876,13585184
012,Ashby,2026,7596865,8355657,8353800,1857,0.02,13251586,5654721
013,Ashfield,2026,6051002,6172615,6040530,132085,2.14,10612316,4561314
014,Ashland,2026,56915735,60479443,60204912,274531,0.45,118420362,61504627
015,Athol,2026,17122346,19155304,18593102,562203,2.93,36687256,19564910
016,Attleboro,2026,96943860,103923506,103922474,1032,0,199232743,102288883
017,Auburn,2026,59031050,60459976,51199780,9260196,15.32,87654005,28622955
018,Avon,2026,26058203,27418878,26143068,1275810,4.65,34809527,8751324
019,Ayer,2026,35077330,36840436,31941801,4898635,13.3,51647814,16570484
020,Barnstable,2026,153978903,156278174,156051579,226595,0.14,656894004,502915101
021,Barre,2026,10543772,10944112,10942666,1446,0.01,20491884,9948112
022,Becket,2026,7493924,7909155,7582892,326263,4.13,19829737,12335813
023,Bedford,2026,96416915,97799465,94060981,3738484,3.82,146452536,50035621
024,Belchertown,2026,38774456,38796662,38117857,678805,1.75,62983901,24209445
025,Bellingham,2026,59612088,60582088,60559915,22173,0.04,106320064,46707976
026,Belmont,2026,122311837,138901303,138889380,11923,0.01,301671111,179359274
027,Berkley,2026,12661950,17526419,17513236,13183,0.08,35451895,22789945
028,Berlin,2026,16169697,17000354,16007360,992994,5.84,26554014,10384317
029,Bernardston,2026,5920866,5920866,5467521,453345,7.66,8992633,3071767
030,Beverly,2026,135423575,135423575,135398112,25463,0.02,282387306,146963731
031,Billerica,2026,188690289,194461284,168839513,25621771,13.18,285445489,96755200
032,Blackstone,2026,24708253,24708253,24697039,11214,0.05,41887787,17179534
033,Blandford,2026,4443094,4493639,4104159,389480,8.67,8162607,3719513
034,Bolton,2026,28387638,31752594,31749802,2792,0.01,43926124,15538486
035,Boston,2026,3521354474,3521354474,3521321499,32975,0,5715058729,2193704255
036,Bourne,2026,60259552,64168950,64107403,61547,0.1,209501317,149241765
037,Boxborough,2026,28196591,28921551,28068632,852919,2.95,45595569,17398978
038,Boxford,2026,40050112,40597763,39552016,1045747,2.58,73028094,32977982
039,Boylston,2026,19241547,20576500,20322199,254301,1.24,37412002,18170455
040,Braintree,2026,125017289,127779534,127747424,32110,0.03,262020172,137002883
041,Brewster,2026,42774255,49234373,49194392,39981,0.08,181663192,138888937
042,Bridgewater,2026,58152437,64269882,64227244,42638,0.07,133473076,75320639
043,Brimfield,2026,9588446,9767696,9584357,183339,1.88,17907991,8319545
044,Brockton,2026,186588610,186588610,186494141,94469,0.05,351298959,164710349
045,Brookfield,2026,7184782,7320297,6918272,402025,5.49,11830151,4645369
046,Brookline,2026,303973332,332570194,332554581,15613,0,845807730,541834398
047,Buckland,2026,5181356,5469643,5457178,12465,0.23,8149908,2968552
048,Burlington,2026,171040224,171040224,155995673,15044551,8.8,261725729,90685505
049,Cambridge,2026,851708444,851708444,678852471,172855973,20.3,1827788907,976080463
050,Canton,2026,103598549,104484395,102572513,1911882,1.83,210635616,107037067
051,Carlisle,2026,34558175,36583461,33017373,3566088,9.75,64438704,29880529
052,Carver,2026,34541108,35576458,35575466,992,0,59490916,24949808
053,Charlemont,2026,4492797,4492797,3633220,859577,19.13,5403361,910564
054,Charlton,2026,42211399,42825990,41056331,1769659,4.13,93821598,51610199
055,Chatham,2026,39516547,48473318,47230837,1242481,2.56,321735945,282219398
056,Chelmsford,2026,128869227,129131849,129106335,25514,0.02,237361128,108491901
057,Chelsea,2026,87747162,87747162,87716694,30468,0.03,161315617,73568455
058,Cheshire,2026,4748695,5168256,5154969,13287,0.26,12180929,7432234
059,Chester,2026,3513019,3513019,3268758,244261,6.95,4524859,1011840
060,Chesterfield,2026,4123924,4228145,3872457,355688,8.41,6344130,2220206
061,Chicopee,2026,118087775,118087775,116321663,1766112,1.5,156076117,37988342
062,Chilmark,2026,12647097,14168183,13930603,237580,1.68,152747835,140100738
063,Clarksburg,2026,2395330,2395330,2391515,3815,0.16,4864758,2469428
064,Clinton,2026,37705530,39910249,37201609,2708640,6.79,64640857,26935327
065,Cohasset,2026,49303512,51942374,51916835,25539,0.05,114354262,65050750
066,Colrain,2026,4582204,4821468,4472891,348577,7.23,6275099,1692895
067,Concord,2026,113863788,125077533,121712158,3365375,2.69,249411044,135547256
068,Conway,2026,7025125,7107076,5998949,1108127,15.59,10502361,3477236
069,Cummington,2026,2452786,2722698,2433849,288849,10.61,4871596,2418810
070,Dalton,2026,15631689,17287016,16917308,369708,2.14,25070106,9438417
071,Danvers,2026,99096424,99096424,99004763,91661,0.09,201016765,101920341
072,Dartmouth,2026,80022719,80892032,80883274,8758,0.01,223706934,143684215
073,Dedham,2026,121246562,122410182,119948564,2461618,2.01,205728057,84481495
074,Deerfield,2026,14337746,15444180,15437658,6522,0.04,28694532,14356786
075,Dennis,2026,52748284,57277160,56904448,372712,0.65,331611004,278862720
076,Dighton,2026,23520897,24093011,24034997,58014,0.24,43437381,19916484
077,Douglas,2026,23077998,24597044,24583266,13778,0.06,50918114,27840116
078,Dover,2026,42041324,44082902,41356930,2725972,6.18,92397073,50355749
079,Dracut,2026,59610575,61754600,61715757,38843,0.06,159554697,99944122
080,Dudley,2026,17178902,18518305,18516700,1605,0.01,46015657,28836755
081,Dunstable,2026,12446428,12614281,12586710,27571,0.22,23500204,11053776
082,Duxbury,2026,70185139,76034485,75698975,335510,0.44,190007468,119822329
083,East Bridgewater,2026,35881203,38512895,38498674,14221,0.04,70304372,34423169
084,East Brookfield,2026,5026427,5317990,5288252,29738,0.56,11242032,6215605
085,East Longmeadow,2026,55531188,61105308,59172334,1932974,3.16,76135273,20604085
086,Eastham,2026,30487405,39775670,39767133,8537,0.02,129803053,99315648
087,Easthampton,2026,29930997,34996604,34970702,25902,0.07,65783864,35852867
088,Easton,2026,71711983,79094335,79069725,24610,0.03,152053382,80341399
089,Edgartown,2026,37146172,39231830,38646050,585780,1.49,389577117,352430945
090,Egremont,2026,5491680,5868615,5848896,19719,0.34,22222250,16730570
091,Erving,2026,13315989,13315989,13313263,2726,0.02,22589756,9273767
092,Essex,2026,16285467,18424130,18415482,8648,0.05,35305756,19020289
093,Everett,2026,191551198,191551198,133915299,57635899,30.09,232582577,41031379
094,Fairhaven,2026,35760042,36475817,36433331,42486,0.12,87592474,51832432
095,Fall River,2026,143490295,148637540,148621734,15806,0.01,275765446,132275151
096,Falmouth,2026,124618386,134508667,133083864,1424803,1.06,580645132,456026746
097,Fitchburg,2026,71409473,71409473,71368255,41218,0.06,134251796,62842323
098,Florida,2026,3602826,3602826,3390797,212029,5.89,5337370,1734544
099,Foxborough,2026,64361056,67074633,67049920,24713,0.04,119453612,55092556
100,Framingham,2026,272022880,275137360,233749880,41387480,15.04,412035115,140012235
101,Franklin,2026,97222917,101893051,101865581,27470,0.03,222998208,125775291
102,Freetown,2026,29159535,30117098,29972714,144384,0.48,61289756,32130221
103,Gardner,2026,35125828,35125828,35085927,39901,0.11,63699940,28574112
104,Aquinnah,2026,6649886,6744840,6735851,8989,0.13,24511829,17861943
105,Georgetown,2026,29831726,31649027,31636508,12519,0.04,57479121,27647395
106,Gill,2026,3591933,3600675,3586318,14357,0.4,6013277,2421344
107,Gloucester,2026,103225692,109790147,109650852,139295,0.13,293653777,190428085
108,Goshen,2026,3230374,3385567,3385377,190,0.01,6269216,3038842
109,Gosnold,2026,906975,906975,905574,1401,0.15,7164352,6257377
110,Grafton,2026,55679371,61978945,61778866,200079,0.32,112817506,57138135
111,Granby,2026,15944104,16737051,16730316,6735,0.04,28165516,12221412
112,Granville,2026,4325666,4545364,4189441,355924,7.83,7481144,3155478
113,Great Barrington,2026,29742776,31079237,30572370,506867,1.63,57727284,27984508
114,Greenfield,2026,43680692,45111942,44634701,477241,1.06,59864138,16183446
115,Groton,2026,39607199,44722292,44683019,39273,0.09,75580209,35973010
116,Groveland,2026,19138298,21430895,21403595,27300,0.13,41224181,22085883
117,Hadley,2026,14594544,15880452,15868005,12447,0.08,34616067,20021523
118,Halifax,2026,20429673,21160747,21149957,10790,0.05,37553191,17123518
119,Hamilton,2026,35144247,36746233,36731788,14445,0.04,61056829,25912582
120,Hampden,2026,16004878,16689197,16264862,424335,2.54,25768159,9763281
121,Hancock,2026,2843946,2843946,958759,1885187,66.29,10994942,8150996
122,Hanover,2026,57403419,60977448,59130496,1846952,3.03,115398412,57994993
123,Hanson,2026,28712446,29177454,29116568,60886,0.21,55736156,27023710
124,Hardwick,2026,5029476,5278351,5276086,2265,0.04,10353387,5323911
125,Harvard,2026,27242310,30153691,30136861,16830,0.06,47528230,20285920
126,Harwich,2026,55986369,61747501,61599561,147940,0.24,265058353,209071984
127,Hatfield,2026,10681742,11701966,11696966,5000,0.04,19933480,9251738
128,Haverhill,2026,138288882,142929284,140340389,2588895,1.81,301953370,163664488
129,Hawley,2026,1189684,1189684,1045247,144437,12.14,1613035,423351
130,Heath,2026,2781652,2827369,2646083,181286,6.41,3411659,630007
131,Hingham,2026,110908898,119605543,119505267,100276,0.08,285351641,174442743
132,Hinsdale,2026,6488146,6488146,5585111,903035,13.92,13135257,6647111
133,Holbrook,2026,32970385,35981183,31357510,4623673,12.85,57993425,25023040
134,Holden,2026,50225397,54676256,54640588,35668,0.07,101336401,51111004
135,Holland,2026,7071983,7071983,7021077,50906,0.72,14387452,7315469
136,Holliston,2026,60853974,61194989,60855502,339487,0.55,106467072,45613098
137,Holyoke,2026,70978250,70978250,70961404,16846,0.02,81376001,10397751
138,Hopedale,2026,22731827,23162660,23146067,16593,0.07,31915180,9183353
139,Hopkinton,2026,93803496,102165846,101368132,797714,0.78,179946769,86143273
140,Hubbardston,2026,9064003,9200236,9198081,2155,0.02,20568160,11504157
141,Hudson,2026,71502062,75572536,73793092,1779444,2.35,115340202,43838140
142,Hull,2026,38040638,39152107,39139423,12684,0.03,90516704,52476066
143,Huntington,2026,4706855,4706855,4678470,28385,0.6,7918873,3212018
144,Ipswich,2026,52562311,54040382,54005004,35378,0.07,125243516,72681205
145,Kingston,2026,45729197,46609493,46590760,18733,0.04,90855617,45126420
146,Lakeville,2026,30009107,30949587,30928403,21184,0.07,79385018,49375911
147,Lancaster,2026,24836348,26580594,26572309,8285,0.03,39308150,14471802
148,Lanesborough,2026,11398455,11934981,10568325,1366656,11.45,15280979,3882524
149,Lawrence,2026,105858890,105858890,92737583,13121307,12.4,224678306,118819416
150,Lee,2026,20947016,21496740,16565163,4931577,22.94,36942826,15995810
151,Leicester,2026,19969760,21723067,21717242,5825,0.03,48956813,28987053
152,Lenox,2026,23667230,23667230,21762797,1904433,8.05,50655766,26988536
153,Leominster,2026,100215161,100215161,94673391,5541770,5.53,173267553,73052392
154,Leverett,2026,7212936,7509726,7004488,505238,6.73,11153643,3940707
155,Lexington,2026,249133336,265340793,265254493,86300,0.03,480025024,230891688
156,Leyden,2026,2376669,2376669,1925910,450759,18.97,3277587,900918
157,Lincoln,2026,34921249,39154845,39145412,9433,0.02,78099656,43178407
158,Littleton,2026,53337316,54237316,54204434,32882,0.06,86312295,32974979
159,Longmeadow,2026,60013535,66005322,65965758,39564,0.06,85359418,25345883
160,Lowell,2026,200656917,200656917,188283701,12373216,6.17,373719545,173062628
161,Ludlow,2026,54203081,56312310,54552500,1759810,3.13,85185040,30981959
162,Lunenburg,2026,32910811,35124489,35081996,42493,0.12,60948569,28037758
163,Lynn,2026,175511895,175511895,175371595,140300,0.08,390677464,215165569
164,Lynnfield,2026,58936351,64107014,63918741,188273,0.29,127526285,68589934
165,Malden,2026,117304446,117304446,117298971,5475,0,300372872,183068426
166,Manchester By The Sea,2026,30799819,34930850,34662637,268213,0.77,99605278,68805459
167,Mansfield,2026,81245815,83260645,83250929,9716,0.01,145000001,63754186
168,Marblehead,2026,75652398,84850634,84617969,232665,0.27,247131920,171479522
169,Marion,2026,23686767,24340106,24279212,60894,0.25,68430699,44743932
170,Marlborough,2026,182955720,182955720,118441524,64514196,35.26,236214074,53258354
171,Marshfield,2026,80866147,86392967,86330688,62279,0.07,224585557,143719410
172,Mashpee,2026,62318416,64882640,63760839,1121801,1.73,264264666,201946250
173,Mattapoisett,2026,29155841,30237833,30190324,47509,0.16,73706847,44551006
174,Maynard,2026,40103661,43399789,42981496,418293,0.96,62534158,22430497
175,Medfield,2026,54864900,57946963,57849341,97622,0.17,106969935,52105035
176,Medford,2026,160857764,160857764,160843558,14206,0.01,421902230,261044466
177,Medway,2026,55074539,56400944,56327273,73671,0.13,100584417,45509878
178,Melrose,2026,93547949,95789625,95777041,12584,0.01,201105580,107557631
179,Mendon,2026,20787414,21526724,21438599,88125,0.41,40556561,19769147
180,Merrimac,2026,17417553,19361336,19335809,25527,0.13,36648614,19231061
181,Methuen,2026,116799375,116799375,116726264,73111,0.06,254293694,137494319
182,Middleborough,2026,57501430,61275846,61273847,1999,0,115743862,58242432
183,Middlefield,2026,1799428,1799428,1496379,303049,16.84,2216201,416773
184,Middleton,2026,39100500,42705437,42320638,384799,0.9,84036215,44935715
185,Milford,2026,94000095,94000095,87777806,6222289,6.62,150043784,56043689
186,Millbury,2026,35181166,39821491,39399786,421705,1.06,76534160,41352994
187,Millis,2026,32904389,35747359,35741774,5585,0.02,58363445,25459056
188,Millville,2026,6025818,6189802,6185684,4118,0.07,12665200,6639382
189,Milton,2026,111891960,115421141,114933948,487193,0.42,237723902,125831942
190,Monroe,2026,789089,842747,630295,212452,25.21,932990,143901
191,Monson,2026,17818419,18167591,17929792,237799,1.31,31345790,13527371
192,Montague,2026,23511440,24715019,23610151,1104868,4.47,32972861,9461421
193,Monterey,2026,6287842,6455277,5363906,1091371,16.91,18573082,12285240
194,Montgomery,2026,2245505,2245505,1974617,270888,12.06,4259312,2013807
195,Mount Washington,2026,804826,804826,735376,69450,8.63,3079465,2274639
196,Nahant,2026,11431410,13213585,13210361,3224,0.02,36736266,25304856
197,Nantucket,2026,116730727,132108843,131523034,585809,0.44,1056717327,939986600
198,Natick,2026,149306446,157897951,157785825,112126,0.07,324128646,174822200
199,Needham,2026,194405894,203102295,201685386,1416909,0.7,418443631,224037737
200,New Ashford,2026,728920,728920,383564,345356,47.38,1694187,965267
201,New Bedford,2026,171896997,171896997,159616433,12280564,7.14,314919495,143022498
202,New Braintree,2026,2685166,2792561,2685925,106636,3.82,4485513,1800347
203,New Marlborough,2026,6480163,6723934,6255183,468751,6.97,21689262,15209099
204,New Salem,2026,2533056,2721597,2653756,67841,2.49,4871064,2338008
205,Newbury,2026,21342674,21650868,21625706,25162,0.12,71989701,50647027
206,Newburyport,2026,70884928,74115569,73950755,164814,0.22,199651066,128766138
207,Newton,2026,455070379,460483221,460464463,18758,0,1113259803,658189424
208,Norfolk,2026,41053958,44919378,44904363,15015,0.03,75494894,34440936
209,North Adams,2026,23516369,23516369,23346366,170003,0.72,29974174,6457805
210,North Andover,2026,112443565,112576454,107131760,5444694,4.84,220966226,108522661
211,North Attleborough,2026,74473555,74473555,74444047,29508,0.04,159535253,85061698
212,North Brookfield,2026,8050076,9364468,9292674,71794,0.77,19424486,11374410
213,North Reading,2026,63138375,68137087,68088633,48454,0.07,130816853,67678478
214,Northampton,2026,80737268,81293602,81247326,46276,0.06,148586917,67849649
215,Northborough,2026,66628763,71308804,70029539,1279265,1.79,118133500,51504737
216,Northbridge,2026,28515052,34028284,34002688,25596,0.08,73092622,44577570
217,Northfield,2026,11160531,11160531,9648428,1512103,13.55,18163457,7002926
218,Norton,2026,50489627,54460407,54424336,36071,0.07,103223479,52733852
219,Norwell,2026,56202932,57088947,57078371,10576,0.02,111220520,55017588
220,Norwood,2026,106307086,114213325,112124066,2089259,1.83,212874277,106567191
221,Oak Bluffs,2026,28776298,31602779,31574486,28293,0.09,162799700,134023402
222,Oakham,2026,3758751,3930066,3925622,4444,0.11,8825588,5066837
223,Orange,2026,14316633,15867073,15741150,125923,0.79,23706550,9389917
224,Orleans,2026,36517054,44561547,44510169,51378,0.12,182120166,145603112
225,Otis,2026,6450240,6442040,6222372,219668,3.41,26100553,19650313
226,Oxford,2026,30150876,30799965,30743675,56290,0.18,60800981,30650105
227,Palmer,2026,24915733,25408839,25195046,213793,0.84,37807692,12891959
228,Paxton,2026,12937479,13629741,13621351,8390,0.06,22447843,9510364
229,Peabody,2026,150272360,150272360,142149541,8122819,5.41,320523929,170251569
230,Pelham,2026,5098066,5435055,5319377,115678,2.13,7077404,1979338
231,Pembroke,2026,50451102,53584685,53502676,82009,0.15,113545578,63094476
232,Pepperell,2026,28978793,30867798,30851982,15816,0.05,55972391,26993598
233,Peru,2026,2797662,2797662,2358597,439065,15.69,3664694,867032
234,Petersham,2026,3582476,3815794,3698881,116913,3.06,6493823,2911347
235,Phillipston,2026,4439495,4474473,4473557,916,0.02,10213600,5774105
236,Pittsfield,2026,119565155,119565155,119160168,404987,0.34,141271988,21706833
237,Plainfield,2026,3423189,3655134,2863024,792110,21.67,4076059,652870
238,Plainville,2026,32667461,33280304,33263453,16851,0.05,62020204,29352743
239,Plymouth,2026,236205708,242674918,240735892,1939026,0.8,479553569,243347861
240,Plympton,2026,12521690,12738689,12489409,249280,1.96,20461025,7939335
241,Princeton,2026,11801892,11940542,11877239,63303,0.53,22093078,10291186
242,Provincetown,2026,29624642,34092677,33963480,129197,0.38,149129208,119504566
243,Quincy,2026,358887341,358887341,334841056,24046285,6.7,622695178,263807837
244,Randolph,2026,78821660,79316268,79250061,66207,0.08,155044164,76222504
245,Raynham,2026,43725194,45434898,45419489,15409,0.03,90202920,46477726
246,Reading,2026,91158891,91158891,91105791,53100,0.06,206888422,115729531
247,Rehoboth,2026,34202290,34835635,34823952,11683,0.03,80239521,46037231
248,Revere,2026,126529422,126529422,126466294,63128,0.05,311928336,185398914
249,Richmond,2026,6354295,6781245,6703772,77473,1.14,16350664,9996369
250,Rochester,2026,16700144,17517953,17496592,21361,0.12,41304514,24604370
251,Rockland,2026,43096561,50477589,50404257,73332,0.15,90851221,47754660
252,Rockport,2026,28271777,29834179,29823804,10375,0.03,88131807,59860030
253,Rowe,2026,6370853,6634848,5345945,1288903,19.43,12747891,6377038
254,Rowley,2026,20647377,22653135,22643505,9630,0.04,46822798,26175421
255,Royalston,2026,2360710,2554171,2551804,2367,0.09,6217847,3857137
256,Russell,2026,4546941,4546941,4304196,242745,5.34,5841743,1294802
257,Rutland,2026,22691309,23335579,23319013,16566,0.07,42031386,19340077
258,Salem,2026,135202855,135202855,126711700,8491155,6.28,253234475,118031620
259,Salisbury,2026,27982500,28863685,28844971,18714,0.06,72620774,44638274
260,Sandisfield,2026,3920212,3920212,3229434,690778,17.62,9530216,5610004
261,Sandwich,2026,82264248,85426333,81327568,4098765,4.8,199527890,117263642
262,Saugus,2026,86298225,93323751,93226566,97185,0.1,191630797,105332572
263,Savoy,2026,1895854,1895854,1688272,207582,10.95,2906805,1010951
264,Scituate,2026,79442750,85158683,85082448,76235,0.09,216384660,136941910
265,Seekonk,2026,53590140,56155208,56126489,28719,0.05,95140684,41550544
266,Sharon,2026,83879612,95366341,92145968,3220373,3.38,134323568,50443956
267,Sheffield,2026,13479713,13639927,11319497,2320430,17.01,23941407,10461694
268,Shelburne,2026,5440502,5492947,5235473,257474,4.69,10233528,4793026
269,Sherborn,2026,30843495,32852025,32100663,751362,2.29,51246269,20402774
270,Shirley,2026,13457639,14479766,14471802,7964,0.06,29200568,15742929
271,Shrewsbury,2026,106890630,115571339,115486815,84524,0.07,251058293,144167663
272,Shutesbury,2026,6717526,6751565,6134093,617472,9.15,9469977,2752451
273,Somerset,2026,71459592,74546292,55363766,19182526,25.73,94298616,22839024
274,Somerville,2026,272858972,279575486,279376681,198805,0.07,645375166,372516194
275,South Hadley,2026,34161512,35193088,35183538,9550,0.03,65058317,30896805
276,Southampton,2026,15728794,16155598,16150747,4851,0.03,30798527,15069733
277,Southborough,2026,56003149,57911433,56355130,1556303,2.69,98111298,42108149
278,Southbridge,2026,28558889,29094333,29087329,7004,0.02,48837019,20278130
279,Southwick,2026,24730582,26120866,25395684,725182,2.78,44028579,19297997
280,Spencer,2026,18574158,21394521,21196192,198329,0.93,48260910,29686752
281,Springfield,2026,293221116,293221116,286191356,7029760,2.4,364382287,71161171
282,Sterling,2026,24645049,24810987,24748252,62735,0.25,49299307,24654258
283,Stockbridge,2026,10737478,11278372,10152147,1126225,9.99,37379040,26641562
284,Stoneham,2026,63914691,72729539,71741745,987794,1.36,163876039,99961348
285,Stoughton,2026,86592150,91880175,91854664,25511,0.03,168834352,82242202
286,Stow,2026,34293073,39259828,37654574,1605254,4.09,52678476,18385403
287,Sturbridge,2026,31372417,33622800,33559778,63022,0.19,53781695,22409278
288,Sudbury,2026,109521192,113991388,112676843,1314545,1.15,190887917,81366725
289,Sunderland,2026,7689554,8109676,8104903,4773,0.06,16287989,8598435
290,Sutton,2026,27568129,30657322,30632470,24852,0.08,66304048,38735919
291,Swampscott,2026,63417112,67943367,63571093,4372274,6.44,125540984,62123872
292,Swansea,2026,44986311,45240786,45188037,52749,0.12,93149061,48162750
293,Taunton,2026,138538951,142813946,142753235,60711,0.04,263181789,124642838
294,Templeton,2026,13011419,14245164,14239006,6158,0.04,29989483,16978064
295,Tewksbury,2026,107645396,118706944,117544374,1162570,0.98,204148481,96503085
296,Tisbury,2026,32168130,37468415,37425005,43410,0.12,136847070,104678940
297,Tolland,2026,1871551,2217355,2120221,97134,4.38,6667361,4795810
298,Topsfield,2026,33045981,33994170,33861149,133021,0.39,54056751,21010770
299,Townsend,2026,20947281,22249100,22244038,5062,0.02,40443705,19496424
300,Truro,2026,21737099,22823539,22795655,27884,0.12,99811737,78074638
301,Tyngsborough,2026,35865254,38835424,38764385,71039,0.18,74604283,38739029
302,Tyringham,2026,1896583,1896583,1775981,120602,6.36,6696763,4800180
303,Upton,2026,25922721,26535632,26480801,54831,0.21,50613151,24690430
304,Uxbridge,2026,45755948,47643114,47599034,44080,0.09,90609063,44853115
305,Wakefield,2026,96079712,103627863,103546195,81668,0.08,202202647,106122935
306,Wales,2026,4175125,4175125,4089837,85288,2.04,7236088,3060963
307,Walpole,2026,94202886,98394474,98361343,33131,0.03,190199803,95996917
308,Waltham,2026,310454193,310454193,267810711,42643482,13.74,527829148,217374955
309,Ware,2026,,,,,,,
310,Wareham,2026,52612567,54191948,54143344,48604,0.09,158128925,105516358
311,Warren,2026,10548271,10580223,9119722,1460501,13.8,15467642,4919371
312,Warwick,2026,2248034,2248034,2205445,42589,1.89,3333503,1085469
313,Washington,2026,1740233,1833861,1739561,94300,5.14,3146819,1406586
314,Watertown,2026,176320938,176320938,175889709,431229,0.24,327847610,151526672
315,Wayland,2026,89845747,94491790,91821309,2670481,2.83,154789799,64944052
316,Webster,2026,29471641,34521478,34498810,22668,0.07,72354888,42883247
317,Wellesley,2026,170481818,185625240,185486817,138423,0.07,455965626,285483808
318,Wellfleet,2026,24089064,28719506,28373738,345768,1.2,107326181,83237117
319,Wendell,2026,3065362,3283309,3201582,81727,2.49,3904368,839006
320,Wenham,2026,21608491,22433646,22232750,200896,0.9,34760397,13151906
321,West Boylston,2026,23124494,23909342,23906721,2621,0.01,41133380,18008886
322,West Bridgewater,2026,33674603,36165728,32700804,3464924,9.58,48599168,14924565
323,West Brookfield,2026,7530486,7603926,7594053,9873,0.13,17660588,10130102
324,West Newbury,2026,17464088,19014618,16955394,2059224,10.83,41762055,24297967
325,West Springfield,2026,88572985,88572985,78284251,10288734,11.62,106743814,18170829
326,West Stockbridge,2026,7433661,7437667,6562909,874758,11.76,15867769,8434108
327,West Tisbury,2026,22883648,23988870,23500449,488421,2.04,123629330,100745682
328,Westborough,2026,120771007,120771007,105557059,15213948,12.6,165657656,44886649
329,Westfield,2026,103970687,103970687,94000770,9969917,9.59,135346134,31375447
330,Westford,2026,97437648,99609997,99595660,14337,0.01,189923073,92485425
331,Westhampton,2026,5735549,5992049,5990170,1879,0.03,7358931,1623382
332,Westminster,2026,25213878,25731165,21687861,4043304,15.71,46223063,21009185
333,Weston,2026,103245390,111593412,99908931,11684481,10.47,229570155,126324765
334,Westport,2026,36763710,41369434,41355871,13563,0.03,142018788,105255078
335,Westwood,2026,100554877,104636533,103265075,1371458,1.31,180888189,80333312
336,Weymouth,2026,143214021,148394534,148393126,1408,0,341747805,198533784
337,Whately,2026,6557606,6557606,5429203,1128403,17.21,10384857,3827251
338,Whitman,2026,32842311,36571924,36570936,988,0,68794086,35951775
339,Wilbraham,2026,48189785,50069014,48746259,1322755,2.64,69837048,21647263
340,Williamsburg,2026,7814178,8391353,8093923,297430,3.54,12638855,4824677
341,Williamstown,2026,23383538,24583163,21883996,2699167,10.98,38528163,15144625
342,Wilmington,2026,115707165,117909726,116540897,1368829,1.16,194265985,78558820
343,Winchendon,2026,17203168,17667552,17652345,15207,0.09,34776094,17572926
344,Winchester,2026,113534945,131303008,131249803,53205,0.04,296971643,183436698
345,Windsor,2026,2678793,2836068,2001313,834755,29.43,5305707,2626914
346,Winthrop,2026,40460387,45193037,45159952,33085,0.07,101346390,60886003
347,Woburn,2026,184968209,186389253,153232939,33156314,17.79,312839053,127870844
348,Worcester,2026,446916359,446916359,421091034,25825325,5.78,633481955,186565596
349,Worthington,2026,3816324,3816324,3813374,2950,0.08,6843815,3027491
350,Wrentham,2026,45378860,46557808,45394432,1163376,2.5,90157965,44779105
351,Yarmouth,2026,76223896,81142407,81070070,72337,0.09,290782175,214558279
