org1,org2,org3,org4,org5,org6,branch,fiscal_year,depth,amount_usd,prior_secondary_usd,prior_tertiary_usd,snapshot_date,source_url
BUDGETED ANNUAL FUNDS,GENERAL FUND - TOWN,OTHER GOVERNMENTAL,GROUP INSURANCE,OTHER EXPENSE,HEALTH INSURANCE,operating,FY2026,6,11828487.0,10522472.57,11828487.0,2026-06-10,https://townofmarblehead-ma-ob.budget.socrata.com/#!/year/2026
BUDGETED ANNUAL FUNDS,GENERAL FUND - SCHOOL,HIGH SCHOOL,UNDEFINED,PROFESSIONAL SALARY,PROFESSIONAL SALARIES,operating,FY2026,6,8868112.0,7164803.53,9176972.0,2026-06-10,https://townofmarblehead-ma-ob.budget.socrata.com/#!/year/2026
OTHER FUNDS,A34 2025-HS ROOF & HVAC SYST,EDUCATION,UNDEFINED,CAPITAL,HS ROOF HVAC,operating,FY2026,6,8610602.0,0,0,2026-06-10,https://townofmarblehead-ma-ob.budget.socrata.com/#!/year/2026
BUDGETED ANNUAL FUNDS,GENERAL FUND - SCHOOL,VILLAGE SCHOOL,UNDEFINED,PROFESSIONAL SALARY,PROFESSIONAL SALARIES,operating,FY2026,6,6360465.0,4739047.83,6360815.0,2026-06-10,https://townofmarblehead-ma-ob.budget.socrata.com/#!/year/2026
BUDGETED ANNUAL FUNDS,GENERAL FUND - TOWN,DEBT SERVICE,EXPENSES,OTHER EXPENSE,MATURING PRINCIPAL ON LTD,operating,FY2026,6,5955000.0,5955000.0,5955000.0,2026-06-10,https://townofmarblehead-ma-ob.budget.socrata.com/#!/year/2026
OTHER FUNDS,A33 2025-ALLEY BLDG IMPROV,PUBLIC BUILDINGS,UNDEFINED,CAPITAL,BUILDING IMPROVEMENTS,operating,FY2026,6,5750000.0,443923.44,0,2026-06-10,https://townofmarblehead-ma-ob.budget.socrata.com/#!/year/2026
BUDGETED ANNUAL FUNDS,GENERAL FUND - TOWN,OTHER GOVERNMENTAL,CONTRIBUTORY RETIREMENT,OTHER EXPENSE,RETIREMENT,operating,FY2026,6,5380625.0,5380625.0,5380625.0,2026-06-10,https://townofmarblehead-ma-ob.budget.socrata.com/#!/year/2026
OTHER FUNDS,A11 2022 CAPITAL IMPROVEMENT,EDUCATION,UNDEFINED,CAPITAL,HS ROOF HVAC,operating,FY2026,6,5101088.0,2101459.25,5101088.0,2026-06-10,https://townofmarblehead-ma-ob.budget.socrata.com/#!/year/2026
OTHER FUNDS,OPEB TRUST FUND,OTHER GOVERNMENTAL,UNDEFINED,OFU,BALANCE FORWARD,operating,FY2026,6,4965732.26,0,0,2026-06-10,https://townofmarblehead-ma-ob.budget.socrata.com/#!/year/2026
BUDGETED ANNUAL FUNDS,GENERAL FUND - SCHOOL,MIDDLE SCHOOL,UNDEFINED,PROFESSIONAL SALARY,PROFESSIONAL SALARIES,operating,FY2026,6,4817110.0,3711904.84,4847618.0,2026-06-10,https://townofmarblehead-ma-ob.budget.socrata.com/#!/year/2026
BUDGETED ANNUAL FUNDS,GENERAL FUND - SCHOOL,BROWN SCHOOL,UNDEFINED,PROFESSIONAL SALARY,PROFESSIONAL SALARIES,operating,FY2026,6,4257825.96,3382485.22,4325244.0,2026-06-10,https://townofmarblehead-ma-ob.budget.socrata.com/#!/year/2026
OTHER FUNDS,LARZ ANDERSON FUND,PARKS & RECREATION,UNDEFINED,OFU,BALANCE FORWARD,operating,FY2026,6,3459599.52,0,3341091.63,2026-06-10,https://townofmarblehead-ma-ob.budget.socrata.com/#!/year/2026
BUDGETED ANNUAL FUNDS,WATER ENTERPRISE OPERATING,WATER,MASS WATER RESOURCES AUTHORITY,GOVERNMENTAL,MASS WATER RESOURCE AUTHORITY,operating,FY2026,6,3448362.0,3195219.0,3448362.0,2026-06-10,https://townofmarblehead-ma-ob.budget.socrata.com/#!/year/2026
OTHER FUNDS,A11 2022 CAPITAL IMPROVEMENT,PUBLIC WORKS,UNDEFINED,CAPITAL,ROAD & SIDEWALKS REPAIRS,operating,FY2026,6,3393212.89,1749452.99,3393212.89,2026-06-10,https://townofmarblehead-ma-ob.budget.socrata.com/#!/year/2026
BUDGETED ANNUAL FUNDS,SEWER ENTERPRISE OPERATING,SEWER,SOUTH ESSEX SEWER DISTRICT,GOVERNMENTAL,SOUTH ESSEX SEWER DISTRICT,operating,FY2026,6,3267745.0,3267244.87,3267745.0,2026-06-10,https://townofmarblehead-ma-ob.budget.socrata.com/#!/year/2026
BUDGETED ANNUAL FUNDS,GENERAL FUND - TOWN,DEBT SERVICE,EXPENSES,OTHER EXPENSE,INTEREST ON LONG-TERM DEBT,operating,FY2026,6,3162141.0,3162140.66,3162141.0,2026-06-10,https://townofmarblehead-ma-ob.budget.socrata.com/#!/year/2026
OTHER FUNDS,EARL N REYNOLDS HISTORICAL FD,HISTORICAL COMMISSION,UNDEFINED,OFU,BALANCE FORWARD,operating,FY2026,6,3137804.97,0,3126786.53,2026-06-10,https://townofmarblehead-ma-ob.budget.socrata.com/#!/year/2026
BUDGETED ANNUAL FUNDS,GENERAL FUND - SCHOOL,GLOVER SCHOOL,UNDEFINED,PROFESSIONAL SALARY,PROFESSIONAL SALARIES,operating,FY2026,6,3133238.0,2479157.83,3200656.0,2026-06-10,https://townofmarblehead-ma-ob.budget.socrata.com/#!/year/2026
BUDGETED ANNUAL FUNDS,GENERAL FUND - TOWN,OTHER GOVERNMENTAL,GROUP INSURANCE,OTHER EXPENSE,MEDEX INSURANCE TRANSFER,operating,FY2026,6,2534769.0,2337950.63,2534769.0,2026-06-10,https://townofmarblehead-ma-ob.budget.socrata.com/#!/year/2026
OTHER FUNDS,SEWER CAPITAL ARTICLES,SEWER,A11 2024 SEWER CONSTRUCTION,CAPITAL,SEWER IMPROVEMENTS,operating,FY2026,6,2488050.15,171292.83,2488050.15,2026-06-10,https://townofmarblehead-ma-ob.budget.socrata.com/#!/year/2026
OTHER FUNDS,CIRCUIT BREAKER,EDUCATION,UNDEFINED,CONTRACTED SERVICES,PURCHASE SERVICES,operating,FY2026,6,2400000.0,1768306.38,600000.0,2026-06-10,https://townofmarblehead-ma-ob.budget.socrata.com/#!/year/2026
BUDGETED ANNUAL FUNDS,GENERAL FUND - SCHOOL,DISTRICTWIDE,UNDEFINED,PROFESSIONAL SALARY,PROFESSIONAL SALARIES,operating,FY2026,6,2312214.0,1649854.79,3046147.0,2026-06-10,https://townofmarblehead-ma-ob.budget.socrata.com/#!/year/2026
BUDGETED ANNUAL FUNDS,GENERAL FUND - TOWN,FIRE,SALARIES,PROFESSIONAL SALARY,FIREFIGHTER,operating,FY2026,6,2071324.0,1735868.96,2071324.0,2026-06-10,https://townofmarblehead-ma-ob.budget.socrata.com/#!/year/2026
OTHER FUNDS,COMMERCIAL WASTE COLL REVOLV,WASTE COLLECTION,UNDEFINED,CONTRACTED SERVICES,TRASH DISPOSAL,operating,FY2026,6,2008495.0,343725.89,0,2026-06-10,https://townofmarblehead-ma-ob.budget.socrata.com/#!/year/2026
OTHER FUNDS,PARK REVOLVING FUND,PARKS & RECREATION,UNDEFINED,CONTRACTED SERVICES,OTHER PROF & TECHNICAL,operating,FY2026,6,2000000.0,47780.12,0,2026-06-10,https://townofmarblehead-ma-ob.budget.socrata.com/#!/year/2026
BUDGETED ANNUAL FUNDS,GENERAL FUND - SCHOOL,DISTRICTWIDE,UNDEFINED,CONTRACTED SERVICES,TUITION-PRIVATE SCHOOLS,operating,FY2026,6,1973105.63,1870415.6,2454757.0,2026-06-10,https://townofmarblehead-ma-ob.budget.socrata.com/#!/year/2026
BUDGETED ANNUAL FUNDS,GENERAL FUND - TOWN,STATE ASSESSMENTS,EXPENSES,GOVERNMENTAL,CHARTER SCHOOL ASSESSMENT,operating,FY2026,6,1805693.0,1245074.0,1805693.0,2026-06-10,https://townofmarblehead-ma-ob.budget.socrata.com/#!/year/2026
OTHER FUNDS,SEWER CAPITAL ARTICLES,SEWER,ATM25A11B-SEWER CONSTRUCTION,CAPITAL,SEWER IMPROVEMENTS,operating,FY2026,6,1599000.0,0,0,2026-06-10,https://townofmarblehead-ma-ob.budget.socrata.com/#!/year/2026
BUDGETED ANNUAL FUNDS,GENERAL FUND - TOWN,FIRE,SALARIES,PROFESSIONAL SALARY,OVERTIME,operating,FY2026,6,1586144.0,1572373.95,1436144.0,2026-06-10,https://townofmarblehead-ma-ob.budget.socrata.com/#!/year/2026
BUDGETED ANNUAL FUNDS,GENERAL FUND - TOWN,POLICE,SALARIES,PROFESSIONAL SALARY,PATROLMAN,operating,FY2026,6,1545603.0,1521814.88,1395017.0,2026-06-10,https://townofmarblehead-ma-ob.budget.socrata.com/#!/year/2026
OTHER FUNDS,COVID 19 ARPA (FED),SELECT BOARD,UNDEFINED,CONTRACTED SERVICES,OTHER PROF & TECHNICAL,operating,FY2026,6,1533641.49,981081.92,0,2026-06-10,https://townofmarblehead-ma-ob.budget.socrata.com/#!/year/2026
OTHER FUNDS,ALL DAY KINDERGARTEN,EDUCATION,UNDEFINED,OFU,BALANCE FORWARD,operating,FY2026,6,1255792.56,0,0,2026-06-10,https://townofmarblehead-ma-ob.budget.socrata.com/#!/year/2026
OTHER FUNDS,A34 2015 NEW TRANSF STATION,WASTE COLLECTION,UNDEFINED,OTHER EXPENSE,SETTLEMENT CLAIMS,operating,FY2026,6,1252475.0,1327441.22,1252475.0,2026-06-10,https://townofmarblehead-ma-ob.budget.socrata.com/#!/year/2026
BUDGETED ANNUAL FUNDS,GENERAL FUND - SCHOOL,DISTRICTWIDE,UNDEFINED,OTHER SALARIES,OTHER SALARIES,operating,FY2026,6,1239980.0,1326995.03,1372262.0,2026-06-10,https://townofmarblehead-ma-ob.budget.socrata.com/#!/year/2026
OTHER FUNDS,WATER CAPITAL ARTICLES,WATER,ATM25A11A-WATER CONSTRCUTION,CAPITAL,WATER IMPROVEMENTS,operating,FY2026,6,1236000.0,836850.18,0,2026-06-10,https://townofmarblehead-ma-ob.budget.socrata.com/#!/year/2026
BUDGETED ANNUAL FUNDS,GENERAL FUND - SCHOOL,DISTRICTWIDE,UNDEFINED,CONTRACTED SERVICES,ELECTRICITY,operating,FY2026,6,1202912.0,799841.09,1202912.0,2026-06-10,https://townofmarblehead-ma-ob.budget.socrata.com/#!/year/2026
BUDGETED ANNUAL FUNDS,GENERAL FUND - SCHOOL,DISTRICTWIDE,UNDEFINED,CONTRACTED SERVICES,PUPIL TRANSPORTATION,operating,FY2026,6,1148760.0,1018242.7,1158760.0,2026-06-10,https://townofmarblehead-ma-ob.budget.socrata.com/#!/year/2026
OTHER FUNDS,THOMAS W TUCKER CHARITY,SELECT BOARD,UNDEFINED,OFU,BALANCE FORWARD,operating,FY2026,6,1074368.48,0,1037105.28,2026-06-10,https://townofmarblehead-ma-ob.budget.socrata.com/#!/year/2026
BUDGETED ANNUAL FUNDS,GENERAL FUND - TOWN,WASTE COLLECTION,EXPENSES,CONTRACTED SERVICES,TRASH COLLECTION,operating,FY2026,6,1046293.0,784472.73,1046293.0,2026-06-10,https://townofmarblehead-ma-ob.budget.socrata.com/#!/year/2026
BUDGETED ANNUAL FUNDS,GENERAL FUND - SCHOOL,DISTRICTWIDE,UNDEFINED,CONTRACTED SERVICES,TUITION-RESIDENTIAL,operating,FY2026,6,1026993.0,399824.07,1548227.0,2026-06-10,https://townofmarblehead-ma-ob.budget.socrata.com/#!/year/2026
OTHER FUNDS,MWRA PROJECT LWSAP26-3021,WATER,UNDEFINED,CAPITAL,WATER IMPROVEMENTS,operating,FY2026,6,1000000.0,733599.62,1000000.0,2026-06-10,https://townofmarblehead-ma-ob.budget.socrata.com/#!/year/2026
OTHER FUNDS,A11 2022 CAPITAL IMPROVEMENT,PUBLIC WORKS,UNDEFINED,CAPITAL,BUILDINGS-SALT SHED,operating,FY2026,6,974510.0,0,974510.0,2026-06-10,https://townofmarblehead-ma-ob.budget.socrata.com/#!/year/2026
BUDGETED ANNUAL FUNDS,GENERAL FUND - TOWN,OTHER GOVERNMENTAL,OTHER INSURANCE,OTHER EXPENSE,INSURANCE PREMIUMS,operating,FY2026,6,865056.0,840588.48,865056.0,2026-06-10,https://townofmarblehead-ma-ob.budget.socrata.com/#!/year/2026
OTHER FUNDS,A11 2022 CAPITAL IMPROVEMENT,COUNCIL ON AGING,UNDEFINED,CAPITAL,BLDG IMPROV-COA ROOF,operating,FY2026,6,862880.0,422686.67,862880.0,2026-06-10,https://townofmarblehead-ma-ob.budget.socrata.com/#!/year/2026
OTHER FUNDS,POLICE DETAIL,POLICE,UNDEFINED,PROFESSIONAL SALARY,OUTSIDE DETAIL,operating,FY2026,6,833850.57,1458270.57,62819.97,2026-06-10,https://townofmarblehead-ma-ob.budget.socrata.com/#!/year/2026
OTHER FUNDS,SCHOOL LUNCH,DISTRICTWIDE,UNDEFINED,OFU,BALANCE FORWARD,operating,FY2026,6,816281.35,0,0,2026-06-10,https://townofmarblehead-ma-ob.budget.socrata.com/#!/year/2026
OTHER FUNDS,ALL DAY KINDERGARTEN,EDUCATION,UNDEFINED,PROFESSIONAL SALARY,PERSONAL SERVICES,operating,FY2026,6,800000.0,454719.83,800000.0,2026-06-10,https://townofmarblehead-ma-ob.budget.socrata.com/#!/year/2026
BUDGETED ANNUAL FUNDS,GENERAL FUND - TOWN,INTERFUND TRANSFERS,EXPENSES,OFU,TRANSFER TO WORKERS COMP TF,operating,FY2026,6,796000.0,398000.0,398000.0,2026-06-10,https://townofmarblehead-ma-ob.budget.socrata.com/#!/year/2026
OTHER FUNDS,SCHOOL LUNCH,DISTRICTWIDE,UNDEFINED,OTHER SALARIES,OTHER SALARIES,operating,FY2026,6,775806.72,606370.76,0,2026-06-10,https://townofmarblehead-ma-ob.budget.socrata.com/#!/year/2026
OTHER FUNDS,PARK REVOLVING FUND,PARKS & RECREATION,UNDEFINED,OFU,BALANCE FORWARD,operating,FY2026,6,758628.33,4568.24,1417335.3,2026-06-10,https://townofmarblehead-ma-ob.budget.socrata.com/#!/year/2026
OTHER FUNDS,SCHOOL TUITION REVOLVING,EDUCATION,UNDEFINED,OFU,BALANCE FORWARD,operating,FY2026,6,735224.73,0,0,2026-06-10,https://townofmarblehead-ma-ob.budget.socrata.com/#!/year/2026
BUDGETED ANNUAL FUNDS,GENERAL FUND - TOWN,OTHER GOVERNMENTAL,GROUP INSURANCE,OTHER EXPENSE,HEALTH REIMB MEDICARE,operating,FY2026,6,730651.0,698214.28,730651.0,2026-06-10,https://townofmarblehead-ma-ob.budget.socrata.com/#!/year/2026
BUDGETED ANNUAL FUNDS,GENERAL FUND - TOWN,WASTE COLLECTION,EXPENSES,CONTRACTED SERVICES,TRASH DISPOSAL,operating,FY2026,6,716816.0,578684.67,716816.0,2026-06-10,https://townofmarblehead-ma-ob.budget.socrata.com/#!/year/2026
BUDGETED ANNUAL FUNDS,GENERAL FUND - SCHOOL,GLOVER SCHOOL,UNDEFINED,OTHER SALARIES,INSTRUCTIONAL ASSISTANTS,operating,FY2026,6,681607.0,570308.93,476402.0,2026-06-10,https://townofmarblehead-ma-ob.budget.socrata.com/#!/year/2026
OTHER FUNDS,A11 2022 CAPITAL IMPROVEMENT,EDUCATION,UNDEFINED,CAPITAL,EQUIPMENT-SMART PANELS,operating,FY2026,6,679411.58,1611.92,679411.58,2026-06-10,https://townofmarblehead-ma-ob.budget.socrata.com/#!/year/2026
BUDGETED ANNUAL FUNDS,GENERAL FUND - TAX ARTICLES,EDUCATION,ART 26 2022 ESSEX NS AGGIE & T,CONTRACTED SERVICES,TUITION-REGIONAL DISTRICTS,operating,FY2026,6,627323.0,627323.0,0,2026-06-10,https://townofmarblehead-ma-ob.budget.socrata.com/#!/year/2026
BUDGETED ANNUAL FUNDS,WATER ENTERPRISE OPERATING,WATER,PRINCIPAL ON LONG TERM MWRA,OTHER EXPENSE,MATURING PRINCIPAL ON LTD,operating,FY2026,6,625940.0,561490.0,625940.0,2026-06-10,https://townofmarblehead-ma-ob.budget.socrata.com/#!/year/2026
OTHER FUNDS,ROSS & RITA TERRIEN-HISTORIC,HISTORICAL COMMISSION,UNDEFINED,OFU,BALANCE FORWARD,operating,FY2026,6,614088.97,0,598070.3,2026-06-10,https://townofmarblehead-ma-ob.budget.socrata.com/#!/year/2026
BUDGETED ANNUAL FUNDS,GENERAL FUND - SCHOOL,BROWN SCHOOL,UNDEFINED,OTHER SALARIES,INSTRUCTIONAL ASSISTANTS,operating,FY2026,6,601079.68,519573.7,420117.0,2026-06-10,https://townofmarblehead-ma-ob.budget.socrata.com/#!/year/2026
OTHER FUNDS,A11 2022 CAPITAL IMPROVEMENT,EDUCATION,UNDEFINED,CAPITAL,VETS D WING ROOF,operating,FY2026,6,600000.0,78444.66,600000.0,2026-06-10,https://townofmarblehead-ma-ob.budget.socrata.com/#!/year/2026
BUDGETED ANNUAL FUNDS,GENERAL FUND - TOWN,POLICE,SALARIES,PROFESSIONAL SALARY,TELECOMMUNICATOR,operating,FY2026,6,570784.0,389292.57,564484.0,2026-06-10,https://townofmarblehead-ma-ob.budget.socrata.com/#!/year/2026
OTHER FUNDS,STABILIZATION FUND,FINANCE,UNDEFINED,OFU,BALANCE FORWARD,operating,FY2026,6,568125.85,0,557204.39,2026-06-10,https://townofmarblehead-ma-ob.budget.socrata.com/#!/year/2026
OTHER FUNDS,A MILES HERROLD HOSPITAL,SELECT BOARD,UNDEFINED,OFU,BALANCE FORWARD,operating,FY2026,6,563810.73,0,544455.6,2026-06-10,https://townofmarblehead-ma-ob.budget.socrata.com/#!/year/2026
BUDGETED ANNUAL FUNDS,GENERAL FUND - SCHOOL,DISTRICTWIDE,UNDEFINED,CONTRACTED SERVICES,TUITION-COLLABORATIVES,operating,FY2026,6,562064.37,392735.99,1122881.0,2026-06-10,https://townofmarblehead-ma-ob.budget.socrata.com/#!/year/2026
BUDGETED ANNUAL FUNDS,GENERAL FUND - SCHOOL,DISTRICTWIDE,UNDEFINED,OTHER EXPENSE,MEDICARE,operating,FY2026,6,557374.0,435931.63,0,2026-06-10,https://townofmarblehead-ma-ob.budget.socrata.com/#!/year/2026
BUDGETED ANNUAL FUNDS,GENERAL FUND - SCHOOL,DISTRICTWIDE,UNDEFINED,CONTRACTED SERVICES,R&M BUILDING AND GROUNDS,operating,FY2026,6,557089.0,538866.88,557089.0,2026-06-10,https://townofmarblehead-ma-ob.budget.socrata.com/#!/year/2026
BUDGETED ANNUAL FUNDS,GENERAL FUND - SCHOOL,VILLAGE SCHOOL,UNDEFINED,OTHER SALARIES,INSTRUCTIONAL ASSISTANTS,operating,FY2026,6,548870.0,655269.04,616670.0,2026-06-10,https://townofmarblehead-ma-ob.budget.socrata.com/#!/year/2026
BUDGETED ANNUAL FUNDS,GENERAL FUND - TOWN,STATE ASSESSMENTS,EXPENSES,GOVERNMENTAL,MBTA,operating,FY2026,6,519241.0,346120.0,519241.0,2026-06-10,https://townofmarblehead-ma-ob.budget.socrata.com/#!/year/2026
OTHER FUNDS,SPED REVOLVING FUND,EDUCATION,UNDEFINED,OTHER EXPENSE,OTHER EXPENSES,operating,FY2026,6,515000.0,0,0,2026-06-10,https://townofmarblehead-ma-ob.budget.socrata.com/#!/year/2026
BUDGETED ANNUAL FUNDS,GENERAL FUND - TOWN,INTERFUND TRANSFERS,EXPENSES,OFU,TRANSFER TO OPEB TRUST FUND,operating,FY2026,6,500000.0,250000.0,250000.0,2026-06-10,https://townofmarblehead-ma-ob.budget.socrata.com/#!/year/2026
OTHER FUNDS,MOSES A PICKETT CHARITY,SELECT BOARD,UNDEFINED,OFU,BALANCE FORWARD,operating,FY2026,6,493898.86,0,0,2026-06-10,https://townofmarblehead-ma-ob.budget.socrata.com/#!/year/2026
BUDGETED ANNUAL FUNDS,GENERAL FUND - SCHOOL,DISTRICTWIDE,UNDEFINED,CONTRACTED SERVICES,GAS USED FOR HEAT,operating,FY2026,6,489840.0,509508.51,489840.0,2026-06-10,https://townofmarblehead-ma-ob.budget.socrata.com/#!/year/2026
OTHER FUNDS,A11 2022 CAPITAL IMPROVEMENT,PUBLIC BUILDINGS,UNDEFINED,CAPITAL,MARY ALLEY ROOF,operating,FY2026,6,475380.0,425445.0,475380.0,2026-06-10,https://townofmarblehead-ma-ob.budget.socrata.com/#!/year/2026
BUDGETED ANNUAL FUNDS,GENERAL FUND - TOWN,FIRE,SALARIES,PROFESSIONAL SALARY,CAPTAIN,operating,FY2026,6,471804.0,350633.27,471804.0,2026-06-10,https://townofmarblehead-ma-ob.budget.socrata.com/#!/year/2026
OTHER FUNDS,OPIOID SETTLEMENT FUND,SELECT BOARD,UNDEFINED,CONTRACTED SERVICES,OTHER PROF & TECHNICAL,operating,FY2026,6,464224.35,24462.76,393987.51,2026-06-10,https://townofmarblehead-ma-ob.budget.socrata.com/#!/year/2026
OTHER FUNDS,GERRY PLAYGROUND DONATION,SELECT BOARD,UNDEFINED,OFU,BALANCE FORWARD,operating,FY2026,6,463636.0,0,30386.0,2026-06-10,https://townofmarblehead-ma-ob.budget.socrata.com/#!/year/2026
BUDGETED ANNUAL FUNDS,GENERAL FUND - SCHOOL,HIGH SCHOOL,UNDEFINED,OTHER SALARIES,INSTRUCTIONAL ASSISTANTS,operating,FY2026,6,450241.0,234371.99,450241.0,2026-06-10,https://townofmarblehead-ma-ob.budget.socrata.com/#!/year/2026
BUDGETED ANNUAL FUNDS,GENERAL FUND - TAX ARTICLES,DRAINS,ART 14 DRAIN CONSTRUCTION,CAPITAL,DRAINS IMPROVEMENTS,operating,FY2026,6,434970.98,232808.07,434970.98,2026-06-10,https://townofmarblehead-ma-ob.budget.socrata.com/#!/year/2026
OTHER FUNDS,WORKERS COMPENSATION FUND,WORKERS COMPENSATION,UNDEFINED,OFU,BALANCE FORWARD,operating,FY2026,6,429260.99,0,420706.34,2026-06-10,https://townofmarblehead-ma-ob.budget.socrata.com/#!/year/2026
BUDGETED ANNUAL FUNDS,GENERAL FUND - SCHOOL,DISTRICTWIDE,UNDEFINED,OTHER SALARIES,SUBSTITUTES,operating,FY2026,6,425000.0,150086.74,425000.0,2026-06-10,https://townofmarblehead-ma-ob.budget.socrata.com/#!/year/2026
BUDGETED ANNUAL FUNDS,GENERAL FUND - SCHOOL,MIDDLE SCHOOL,UNDEFINED,OTHER SALARIES,INSTRUCTIONAL ASSISTANTS,operating,FY2026,6,422791.0,342098.59,422791.0,2026-06-10,https://townofmarblehead-ma-ob.budget.socrata.com/#!/year/2026
BUDGETED ANNUAL FUNDS,GENERAL FUND - TOWN,FIRE,SALARIES,PROFESSIONAL SALARY,STIPENDS,operating,FY2026,6,417806.0,353151.08,417806.0,2026-06-10,https://townofmarblehead-ma-ob.budget.socrata.com/#!/year/2026
OTHER FUNDS,ZELIA H HODGKINS HOSPITAL,SELECT BOARD,UNDEFINED,OFU,BALANCE FORWARD,operating,FY2026,6,410924.27,0,396800.59,2026-06-10,https://townofmarblehead-ma-ob.budget.socrata.com/#!/year/2026
OTHER FUNDS,SPED REVOLVING FUND,EDUCATION,UNDEFINED,OFU,BALANCE FORWARD,operating,FY2026,6,400874.33,0,0,2026-06-10,https://townofmarblehead-ma-ob.budget.socrata.com/#!/year/2026
BUDGETED ANNUAL FUNDS,GENERAL FUND - TOWN,FINANCE,EXPENSES,CONTRACTED SERVICES,INFORMATION TECHNOLOGY,operating,FY2026,6,400271.0,416865.86,400271.0,2026-06-10,https://townofmarblehead-ma-ob.budget.socrata.com/#!/year/2026
BUDGETED ANNUAL FUNDS,GENERAL FUND - SCHOOL,DISTRICTWIDE,UNDEFINED,CLERICAL SALARIES,SECRETARY SALARIES,operating,FY2026,6,400162.0,399511.76,958760.0,2026-06-10,https://townofmarblehead-ma-ob.budget.socrata.com/#!/year/2026
BUDGETED ANNUAL FUNDS,GENERAL FUND - TAX ARTICLES,PUBLIC WORKS,STORMWATER CONSTRUCTION,CAPITAL,DRAINS IMPROVEMENTS,operating,FY2026,6,400000.0,84622.0,0,2026-06-10,https://townofmarblehead-ma-ob.budget.socrata.com/#!/year/2026
BUDGETED ANNUAL FUNDS,GENERAL FUND - TOWN,RESERVE FUND,EXPENSES,OTHER EXPENSE,RESERVE FUND TRANSFER,operating,FY2026,6,395739.0,0,444000.0,2026-06-10,https://townofmarblehead-ma-ob.budget.socrata.com/#!/year/2026
OTHER FUNDS,DONALD AND BARBARA GRAY SCHOLA,SELECT BOARD,UNDEFINED,OFU,BALANCE FORWARD,operating,FY2026,6,395656.74,0,374545.38,2026-06-10,https://townofmarblehead-ma-ob.budget.socrata.com/#!/year/2026
BUDGETED ANNUAL FUNDS,GENERAL FUND - TOWN,POLICE,SALARIES,PROFESSIONAL SALARY,LIEUTENANT,operating,FY2026,6,391893.0,380022.11,391893.0,2026-06-10,https://townofmarblehead-ma-ob.budget.socrata.com/#!/year/2026
BUDGETED ANNUAL FUNDS,GENERAL FUND - SCHOOL,HIGH SCHOOL,UNDEFINED,OTHER SALARIES,CUSTODIAN SALARY,operating,FY2026,6,382293.0,297447.84,0,2026-06-10,https://townofmarblehead-ma-ob.budget.socrata.com/#!/year/2026
BUDGETED ANNUAL FUNDS,GENERAL FUND - TOWN,PUBLIC WORKS,SALARIES,PROFESSIONAL SALARY,LEADER HEAVY EQUIP OPERATOR,operating,FY2026,6,361375.0,172581.8,352275.0,2026-06-10,https://townofmarblehead-ma-ob.budget.socrata.com/#!/year/2026
BUDGETED ANNUAL FUNDS,GENERAL FUND - TOWN,PUBLIC WORKS,SALARIES,PROFESSIONAL SALARY,HEAVY EQUIP OPERATOR,operating,FY2026,6,359863.0,180135.97,359863.0,2026-06-10,https://townofmarblehead-ma-ob.budget.socrata.com/#!/year/2026
OTHER FUNDS,WATER LEAD SERVICE GRANT,WATER,UNDEFINED,CONTRACTED SERVICES,OTHER PROF & TECHNICAL,operating,FY2026,6,356425.0,9335.0,356425.0,2026-06-10,https://townofmarblehead-ma-ob.budget.socrata.com/#!/year/2026
BUDGETED ANNUAL FUNDS,GENERAL FUND - SCHOOL,DISTRICTWIDE,UNDEFINED,PROFESSIONAL SALARY,PROFESSIONAL SALARIES #2,operating,FY2026,6,355287.0,132432.0,0,2026-06-10,https://townofmarblehead-ma-ob.budget.socrata.com/#!/year/2026
OTHER FUNDS,COVID 19 ARPA (FED),SELECT BOARD,UNDEFINED,CAPITAL,FINANCIAL SOFTWARE PURCHASE,operating,FY2026,6,346279.44,192194.48,0,2026-06-10,https://townofmarblehead-ma-ob.budget.socrata.com/#!/year/2026
OTHER FUNDS,EFFIE STEWART MEMORIAL HOSP,SELECT BOARD,UNDEFINED,OFU,BALANCE FORWARD,operating,FY2026,6,334411.9,0,323501.87,2026-06-10,https://townofmarblehead-ma-ob.budget.socrata.com/#!/year/2026
BUDGETED ANNUAL FUNDS,GENERAL FUND - TOWN,POLICE,SALARIES,PROFESSIONAL SALARY,SARGENT,operating,FY2026,6,331839.0,297243.97,331839.0,2026-06-10,https://townofmarblehead-ma-ob.budget.socrata.com/#!/year/2026
BUDGETED ANNUAL FUNDS,GENERAL FUND - TOWN,FIRE,SALARIES,PROFESSIONAL SALARY,LIEUTENANT,operating,FY2026,6,329828.0,238672.94,329828.0,2026-06-10,https://townofmarblehead-ma-ob.budget.socrata.com/#!/year/2026
BUDGETED ANNUAL FUNDS,GENERAL FUND - TOWN,PUBLIC WORKS,SALARIES,PROFESSIONAL SALARY,ASSISTANT DEPARTMENT HEAD,operating,FY2026,6,325461.0,221830.67,325461.0,2026-06-10,https://townofmarblehead-ma-ob.budget.socrata.com/#!/year/2026
BUDGETED ANNUAL FUNDS,GENERAL FUND - TOWN,POLICE,SALARIES,PROFESSIONAL SALARY,INCENTIVE,operating,FY2026,6,323042.0,327720.23,323042.0,2026-06-10,https://townofmarblehead-ma-ob.budget.socrata.com/#!/year/2026
BUDGETED ANNUAL FUNDS,GENERAL FUND - SCHOOL,VILLAGE SCHOOL,UNDEFINED,OTHER SALARIES,CUSTODIAN SALARY,operating,FY2026,6,320515.0,274472.29,0,2026-06-10,https://townofmarblehead-ma-ob.budget.socrata.com/#!/year/2026
OTHER FUNDS,COMMERCIAL WASTE COLL REVOLV,WASTE COLLECTION,UNDEFINED,OFU,BALANCE FORWARD,operating,FY2026,6,317207.1,0,2048493.51,2026-06-10,https://townofmarblehead-ma-ob.budget.socrata.com/#!/year/2026
BUDGETED ANNUAL FUNDS,GENERAL FUND - SCHOOL,HIGH SCHOOL,UNDEFINED,PROFESSIONAL SALARY,PROFESSIONAL SALARIES #2,operating,FY2026,6,308860.0,292799.92,0,2026-06-10,https://townofmarblehead-ma-ob.budget.socrata.com/#!/year/2026
BUDGETED ANNUAL FUNDS,GENERAL FUND - SCHOOL,DISTRICTWIDE,UNDEFINED,SUPPLIES AND MATL,EDUCATIONAL SUPPLIES,operating,FY2026,6,307401.25,250936.22,14520.0,2026-06-10,https://townofmarblehead-ma-ob.budget.socrata.com/#!/year/2026
BUDGETED ANNUAL FUNDS,GENERAL FUND - TOWN,POLICE,SALARIES,PROFESSIONAL SALARY,OVERTIME,operating,FY2026,6,302414.0,236287.41,306000.0,2026-06-10,https://townofmarblehead-ma-ob.budget.socrata.com/#!/year/2026
OTHER FUNDS,HAROLD WHEELOCK CHARITY,SELECT BOARD,UNDEFINED,OFU,BALANCE FORWARD,operating,FY2026,6,297508.21,0,287922.39,2026-06-10,https://townofmarblehead-ma-ob.budget.socrata.com/#!/year/2026
BUDGETED ANNUAL FUNDS,GENERAL FUND - TAX ARTICLES,EDUCATION,ART 8 2024 CAPITAL IMPROVEMENT,CAPITAL,WALLS & FENCES,operating,FY2026,6,291323.51,189334.35,223223.51,2026-06-10,https://townofmarblehead-ma-ob.budget.socrata.com/#!/year/2026
BUDGETED ANNUAL FUNDS,GENERAL FUND - TOWN,BUILDING INSPECTION,SALARIES,PROFESSIONAL SALARY,ASSISTANT DEPARTMENT HEAD,operating,FY2026,6,285720.0,232712.08,282620.0,2026-06-10,https://townofmarblehead-ma-ob.budget.socrata.com/#!/year/2026
BUDGETED ANNUAL FUNDS,GENERAL FUND - TOWN,OTHER GOVERNMENTAL,MEDICARE,OTHER EXPENSE,MEDICARE,operating,FY2026,6,280000.0,295622.96,280000.0,2026-06-10,https://townofmarblehead-ma-ob.budget.socrata.com/#!/year/2026
OTHER FUNDS,STREET OPENNING REVOLVING,PUBLIC WORKS,UNDEFINED,OTHER EXPENSE,OTHER MISC EXPENSE,operating,FY2026,6,280000.0,14695.0,0,2026-06-10,https://townofmarblehead-ma-ob.budget.socrata.com/#!/year/2026
BUDGETED ANNUAL FUNDS,GENERAL FUND - SCHOOL,MIDDLE SCHOOL,UNDEFINED,OTHER SALARIES,CUSTODIAN SALARY,operating,FY2026,6,278065.0,243659.52,0,2026-06-10,https://townofmarblehead-ma-ob.budget.socrata.com/#!/year/2026
BUDGETED ANNUAL FUNDS,WATER ENTERPRISE OPERATING,WATER,SALARIES,OTHER EXPENSE,HEALTH INSURANCE,operating,FY2026,6,263858.0,260202.79,263858.0,2026-06-10,https://townofmarblehead-ma-ob.budget.socrata.com/#!/year/2026
OTHER FUNDS,PREMIUM ON BONDS,TREASURER/COLLECTOR,UNDEFINED,OFU,BALANCE FORWARD,operating,FY2026,6,251351.67,0,251351.67,2026-06-10,https://townofmarblehead-ma-ob.budget.socrata.com/#!/year/2026
OTHER FUNDS,SPED RESEERVE FUND,EDUCATION,UNDEFINED,OFU,BALANCE FORWARD,operating,FY2026,6,250966.2,0,0,2026-06-10,https://townofmarblehead-ma-ob.budget.socrata.com/#!/year/2026
OTHER FUNDS,COA REVOLVING,COUNCIL ON AGING,UNDEFINED,OTHER EXPENSE,OTHER MISC EXPENSE,operating,FY2026,6,250000.0,5534.25,0,2026-06-10,https://townofmarblehead-ma-ob.budget.socrata.com/#!/year/2026
OTHER FUNDS,HIGH SCHOOL STUDENT ACTIVITY,HIGH SCHOOL,UNDEFINED,UNDEFINED,EXPENSES,operating,FY2026,6,249186.97,182823.72,75000.0,2026-06-10,https://townofmarblehead-ma-ob.budget.socrata.com/#!/year/2026
OTHER FUNDS,MARY S PORTER HOSPITAL,SELECT BOARD,UNDEFINED,OFU,BALANCE FORWARD,operating,FY2026,6,248583.57,0,240045.56,2026-06-10,https://townofmarblehead-ma-ob.budget.socrata.com/#!/year/2026
OTHER FUNDS,A36 2019 MWRA LOAN,WATER,UNDEFINED,CAPITAL,WATER IMPROVEMENTS,operating,FY2026,6,240170.07,239866.5,240170.07,2026-06-10,https://townofmarblehead-ma-ob.budget.socrata.com/#!/year/2026
OTHER FUNDS,SALE OF CEMETERY LOTS,CEMETERY,UNDEFINED,OFU,BALANCE FORWARD,operating,FY2026,6,237961.52,0,213211.52,2026-06-10,https://townofmarblehead-ma-ob.budget.socrata.com/#!/year/2026
BUDGETED ANNUAL FUNDS,GENERAL FUND - TOWN,FINANCE,SALARIES,PROFESSIONAL SALARY,DIVISION HEAD,operating,FY2026,6,237293.04,222923.22,213842.0,2026-06-10,https://townofmarblehead-ma-ob.budget.socrata.com/#!/year/2026
OTHER FUNDS,FORT SEWALL DONATION,SELECT BOARD,UNDEFINED,OFU,BALANCE FORWARD,operating,FY2026,6,233823.1,0,233823.1,2026-06-10,https://townofmarblehead-ma-ob.budget.socrata.com/#!/year/2026
BUDGETED ANNUAL FUNDS,GENERAL FUND - SCHOOL,HIGH SCHOOL,UNDEFINED,CLERICAL SALARIES,SECRETARY SALARIES,operating,FY2026,6,232748.0,180814.31,232748.0,2026-06-10,https://townofmarblehead-ma-ob.budget.socrata.com/#!/year/2026
BUDGETED ANNUAL FUNDS,GENERAL FUND - TOWN,FINANCE,SALARIES,PROFESSIONAL SALARY,ASSISTANT DEPARTMENT HEAD,operating,FY2026,6,228310.09,160583.34,306326.0,2026-06-10,https://townofmarblehead-ma-ob.budget.socrata.com/#!/year/2026
BUDGETED ANNUAL FUNDS,GENERAL FUND - SCHOOL,DISTRICTWIDE,UNDEFINED,OTHER EXPENSE,EDUCATIONAL SOFTWARE,operating,FY2026,6,227969.75,253705.82,267691.0,2026-06-10,https://townofmarblehead-ma-ob.budget.socrata.com/#!/year/2026
OTHER FUNDS,CH90 FAIR SHARE GRANT,PUBLIC WORKS,UNDEFINED,OFU,BALANCE FORWARD,operating,FY2026,6,227078.0,0,227078.0,2026-06-10,https://townofmarblehead-ma-ob.budget.socrata.com/#!/year/2026
OTHER FUNDS,RAY COLE MARITIME FUND-HISTOR,HISTORICAL COMMISSION,UNDEFINED,OFU,BALANCE FORWARD,operating,FY2026,6,226488.97,0,221614.07,2026-06-10,https://townofmarblehead-ma-ob.budget.socrata.com/#!/year/2026
OTHER FUNDS,CHARLES F EATON HOSPITAL,SELECT BOARD,UNDEFINED,OFU,BALANCE FORWARD,operating,FY2026,6,226414.21,0,218637.66,2026-06-10,https://townofmarblehead-ma-ob.budget.socrata.com/#!/year/2026
BUDGETED ANNUAL FUNDS,GENERAL FUND - SCHOOL,GLOVER SCHOOL,UNDEFINED,OTHER SALARIES,CUSTODIAN SALARY,operating,FY2026,6,225675.0,224938.52,0,2026-06-10,https://townofmarblehead-ma-ob.budget.socrata.com/#!/year/2026
BUDGETED ANNUAL FUNDS,GENERAL FUND - TOWN,PARKS & RECREATION,SALARIES,PROFESSIONAL SALARY,PARK,operating,FY2026,6,225224.0,177676.08,225224.0,2026-06-10,https://townofmarblehead-ma-ob.budget.socrata.com/#!/year/2026
BUDGETED ANNUAL FUNDS,GENERAL FUND - SCHOOL,BROWN SCHOOL,UNDEFINED,OTHER SALARIES,CUSTODIAN SALARY,operating,FY2026,6,223336.8,189800.93,0,2026-06-10,https://townofmarblehead-ma-ob.budget.socrata.com/#!/year/2026
BUDGETED ANNUAL FUNDS,GENERAL FUND - TAX ARTICLES,PUBLIC WORKS,ART 30 2024 CAPITAL TRANSFERS,CONTRACTED SERVICES,R&M BUILDING AND GROUNDS,operating,FY2026,6,222569.21,0,222569.21,2026-06-10,https://townofmarblehead-ma-ob.budget.socrata.com/#!/year/2026
OTHER FUNDS,HOSPITAL INCOME,SELECT BOARD,UNDEFINED,OFU,BALANCE FORWARD,operating,FY2026,6,221611.64,0,214293.88,2026-06-10,https://townofmarblehead-ma-ob.budget.socrata.com/#!/year/2026
BUDGETED ANNUAL FUNDS,GENERAL FUND - TOWN,POLICE,SALARIES,PROFESSIONAL SALARY,HOLIDAY,operating,FY2026,6,220905.0,221968.41,220905.0,2026-06-10,https://townofmarblehead-ma-ob.budget.socrata.com/#!/year/2026
OTHER FUNDS,SCHOOL USER FEES,EDUCATION,UNDEFINED,OFU,BALANCE FORWARD,operating,FY2026,6,220732.61,0,0,2026-06-10,https://townofmarblehead-ma-ob.budget.socrata.com/#!/year/2026
OTHER FUNDS,A11 2022 CAPITAL IMPROVEMENT,EDUCATION,UNDEFINED,CAPITAL,HS BOILER,operating,FY2026,6,220000.0,0,220000.0,2026-06-10,https://townofmarblehead-ma-ob.budget.socrata.com/#!/year/2026
BUDGETED ANNUAL FUNDS,GENERAL FUND - TOWN,FINANCE,EXPENSES,CONTRACTED SERVICES,COMPUTER RENTAL/LEASE,operating,FY2026,6,215000.0,199605.39,215000.0,2026-06-10,https://townofmarblehead-ma-ob.budget.socrata.com/#!/year/2026
OTHER FUNDS,A11 2022 CAPITAL IMPROVEMENT,PUBLIC WORKS,UNDEFINED,CAPITAL,BUILDING IMPROV - DPW ROOF,operating,FY2026,6,212526.1,0,212526.1,2026-06-10,https://townofmarblehead-ma-ob.budget.socrata.com/#!/year/2026
BUDGETED ANNUAL FUNDS,SEWER ENTERPRISE OPERATING,SEWER,SALARIES,OTHER EXPENSE,HEALTH INSURANCE,operating,FY2026,6,210453.0,191673.7,210453.0,2026-06-10,https://townofmarblehead-ma-ob.budget.socrata.com/#!/year/2026
OTHER FUNDS,COA FORMULA SPENDING PLAN,COUNCIL ON AGING,UNDEFINED,OFU,BALANCE FORWARD,operating,FY2026,6,209004.26,0,113832.13,2026-06-10,https://townofmarblehead-ma-ob.budget.socrata.com/#!/year/2026
BUDGETED ANNUAL FUNDS,GENERAL FUND - TOWN,SELECT BOARD,SALARIES,PROFESSIONAL SALARY,DIVISION HEAD,operating,FY2026,6,207732.0,205402.86,207732.0,2026-06-10,https://townofmarblehead-ma-ob.budget.socrata.com/#!/year/2026
BUDGETED ANNUAL FUNDS,GENERAL FUND - TOWN,WASTE COLLECTION,EXPENSES,CONTRACTED SERVICES,GRINDING/COMPOST REMOVAL,operating,FY2026,6,200000.0,176060.0,200000.0,2026-06-10,https://townofmarblehead-ma-ob.budget.socrata.com/#!/year/2026
BUDGETED ANNUAL FUNDS,GENERAL FUND - SCHOOL,DISTRICTWIDE,UNDEFINED,OTHER EXPENSE,UNEMPLOYMENT COMP SALARIES,operating,FY2026,6,200000.0,142035.19,200000.0,2026-06-10,https://townofmarblehead-ma-ob.budget.socrata.com/#!/year/2026
BUDGETED ANNUAL FUNDS,HARBOR ENTERPRISE OPERATING,HARBOR,HARBOR CAPITAL OUTLAYS,CONTRACTED SERVICES,R&M BUILDING AND GROUNDS,operating,FY2026,6,200000.0,-341454.04,200000.0,2026-06-10,https://townofmarblehead-ma-ob.budget.socrata.com/#!/year/2026
BUDGETED ANNUAL FUNDS,GENERAL FUND - TOWN,DEBT SERVICE,EXPENSES,OTHER EXPENSE,INTEREST ON SHORT-TERM DEBT,operating,FY2026,6,197000.0,196903.92,197000.0,2026-06-10,https://townofmarblehead-ma-ob.budget.socrata.com/#!/year/2026
OTHER FUNDS,SCHOOL BUILDING RENTAL,EDUCATION,UNDEFINED,OFU,BALANCE FORWARD,operating,FY2026,6,190328.6,0,0,2026-06-10,https://townofmarblehead-ma-ob.budget.socrata.com/#!/year/2026
BUDGETED ANNUAL FUNDS,GENERAL FUND - TOWN,POLICE,SALARIES,PROFESSIONAL SALARY,DEPARTMENT HEAD,operating,FY2026,6,185712.0,173613.43,185712.0,2026-06-10,https://townofmarblehead-ma-ob.budget.socrata.com/#!/year/2026
BUDGETED ANNUAL FUNDS,GENERAL FUND - TAX ARTICLES,PUBLIC BUILDINGS,ART 11 2023 CAPITAL IMPROV,CONTRACTED SERVICES,REPAIRS & MAINTENANCE,operating,FY2026,6,185076.3,73150.0,185076.3,2026-06-10,https://townofmarblehead-ma-ob.budget.socrata.com/#!/year/2026
OTHER FUNDS,MURIEL L DION COA FUND,COUNCIL ON AGING,UNDEFINED,OFU,BALANCE FORWARD,operating,FY2026,6,182834.63,0,176554.82,2026-06-10,https://townofmarblehead-ma-ob.budget.socrata.com/#!/year/2026
BUDGETED ANNUAL FUNDS,GENERAL FUND - TOWN,WASTE COLLECTION,EXPENSES,CONTRACTED SERVICES,OTHER DISPOSAL,operating,FY2026,6,180000.0,193594.6,180000.0,2026-06-10,https://townofmarblehead-ma-ob.budget.socrata.com/#!/year/2026
BUDGETED ANNUAL FUNDS,GENERAL FUND - TAX ARTICLES,CEMETERY,"ATM25A42,43-CEM-CEMETERY IMPRO",CAPITAL,GROUND IMPROVEMENTS,operating,FY2026,6,180000.0,95069.25,0,2026-06-10,https://townofmarblehead-ma-ob.budget.socrata.com/#!/year/2026
BUDGETED ANNUAL FUNDS,GENERAL FUND - SCHOOL,DISTRICTWIDE,UNDEFINED,CONTRACTED SERVICES,WATER/SEWER,operating,FY2026,6,177840.0,102335.49,177840.0,2026-06-10,https://townofmarblehead-ma-ob.budget.socrata.com/#!/year/2026
OTHER FUNDS,A GORDON KING MEMORIAL FUND,SELECT BOARD,UNDEFINED,OFU,BALANCE FORWARD,operating,FY2026,6,174055.96,0,168075.12,2026-06-10,https://townofmarblehead-ma-ob.budget.socrata.com/#!/year/2026
BUDGETED ANNUAL FUNDS,GENERAL FUND - SCHOOL,DISTRICTWIDE,UNDEFINED,CONTRACTED SERVICES,LEGAL SERVICES,operating,FY2026,6,170300.0,146724.9,170300.0,2026-06-10,https://townofmarblehead-ma-ob.budget.socrata.com/#!/year/2026
BUDGETED ANNUAL FUNDS,GENERAL FUND - SCHOOL,DISTRICTWIDE,UNDEFINED,CONTRACTED SERVICES,OTHER PROF & TECHNICAL,operating,FY2026,6,167838.0,308755.54,18000.0,2026-06-10,https://townofmarblehead-ma-ob.budget.socrata.com/#!/year/2026
BUDGETED ANNUAL FUNDS,GENERAL FUND - TOWN,FINANCE,SALARIES,PROFESSIONAL SALARY,SENIOR CLERK,operating,FY2026,6,167673.03,155603.19,133166.0,2026-06-10,https://townofmarblehead-ma-ob.budget.socrata.com/#!/year/2026
OTHER FUNDS,COUNCIL ON AGING DONATION FUND,COUNCIL ON AGING,UNDEFINED,OFU,BALANCE FORWARD,operating,FY2026,6,167607.53,0,0,2026-06-10,https://townofmarblehead-ma-ob.budget.socrata.com/#!/year/2026
BUDGETED ANNUAL FUNDS,GENERAL FUND - SCHOOL,HIGH SCHOOL,UNDEFINED,SUPPLIES AND MATL,EDUCATIONAL SUPPLIES,operating,FY2026,6,165463.11,138502.93,166483.0,2026-06-10,https://townofmarblehead-ma-ob.budget.socrata.com/#!/year/2026
BUDGETED ANNUAL FUNDS,GENERAL FUND - SCHOOL,DISTRICTWIDE,UNDEFINED,SUPPLIES AND MATL,BLDG & EQUIP R&M SUPPLIES,operating,FY2026,6,165262.0,99951.97,180262.0,2026-06-10,https://townofmarblehead-ma-ob.budget.socrata.com/#!/year/2026
BUDGETED ANNUAL FUNDS,GENERAL FUND - TOWN,FINANCE,SALARIES,PROFESSIONAL SALARY,DEPARTMENT HEAD,operating,FY2026,6,163233.16,153869.56,162927.0,2026-06-10,https://townofmarblehead-ma-ob.budget.socrata.com/#!/year/2026
BUDGETED ANNUAL FUNDS,SEWER ENTERPRISE OPERATING,SEWER,SALARIES,PROFESSIONAL SALARY,MECHANIC SUPERVISOR,operating,FY2026,6,162306.0,159933.3,162306.0,2026-06-10,https://townofmarblehead-ma-ob.budget.socrata.com/#!/year/2026
BUDGETED ANNUAL FUNDS,GENERAL FUND - TOWN,ABBOT LIBRARY,EXPENSES,SUPPLIES AND MATL,LIBRARY MATERIALS,operating,FY2026,6,160000.0,124960.82,160000.0,2026-06-10,https://townofmarblehead-ma-ob.budget.socrata.com/#!/year/2026
BUDGETED ANNUAL FUNDS,GENERAL FUND - SCHOOL,VILLAGE SCHOOL,UNDEFINED,CLERICAL SALARIES,SECRETARY SALARIES,operating,FY2026,6,158802.0,154533.6,158802.0,2026-06-10,https://townofmarblehead-ma-ob.budget.socrata.com/#!/year/2026
BUDGETED ANNUAL FUNDS,WATER ENTERPRISE OPERATING,WATER,SALARIES,OTHER EXPENSE,RETIREMENT,operating,FY2026,6,157447.0,157447.0,157447.0,2026-06-10,https://townofmarblehead-ma-ob.budget.socrata.com/#!/year/2026
BUDGETED ANNUAL FUNDS,GENERAL FUND - TAX ARTICLES,FINANCE,ART 9 2023 PURCH OF EQUIPMENT,CAPITAL,EQUIPMENT (REPLACEMENT),operating,FY2026,6,157322.64,96375.0,157322.64,2026-06-10,https://townofmarblehead-ma-ob.budget.socrata.com/#!/year/2026
BUDGETED ANNUAL FUNDS,GENERAL FUND - TOWN,HEALTH,SALARIES,PROFESSIONAL SALARY,ASSISTANT DIVISION HEAD,operating,FY2026,6,156917.0,151112.91,155917.0,2026-06-10,https://townofmarblehead-ma-ob.budget.socrata.com/#!/year/2026
BUDGETED ANNUAL FUNDS,HARBOR ENTERPRISE OPERATING,HARBOR,SALARIES,PROFESSIONAL SALARY,ASSISTANT DEPARTMENT HEAD,operating,FY2026,6,154244.0,145184.87,154244.0,2026-06-10,https://townofmarblehead-ma-ob.budget.socrata.com/#!/year/2026
BUDGETED ANNUAL FUNDS,WATER ENTERPRISE OPERATING,WATER,SALARIES,PROFESSIONAL SALARY,STATION MECH/PIPEFITTER II,operating,FY2026,6,150273.0,133905.26,143235.0,2026-06-10,https://townofmarblehead-ma-ob.budget.socrata.com/#!/year/2026
OTHER FUNDS,SHATTUCK MEM FUND-COA,COUNCIL ON AGING,UNDEFINED,OFU,BALANCE FORWARD,operating,FY2026,6,149026.14,0,115188.77,2026-06-10,https://townofmarblehead-ma-ob.budget.socrata.com/#!/year/2026
OTHER FUNDS,CONSERVATION WETLANDS,CONSERVATION COMMISSION,UNDEFINED,OFU,BALANCE FORWARD,operating,FY2026,6,147674.22,0,143293.22,2026-06-10,https://townofmarblehead-ma-ob.budget.socrata.com/#!/year/2026
BUDGETED ANNUAL FUNDS,GENERAL FUND - SCHOOL,BROWN SCHOOL,UNDEFINED,CLERICAL SALARIES,SECRETARY SALARIES,operating,FY2026,6,147432.0,130151.2,163413.0,2026-06-10,https://townofmarblehead-ma-ob.budget.socrata.com/#!/year/2026
BUDGETED ANNUAL FUNDS,WATER ENTERPRISE OPERATING,WATER,EXPENSES,OFU,TRANSFER TO GENERAL FUND,operating,FY2026,6,145448.0,145448.0,145448.0,2026-06-10,https://townofmarblehead-ma-ob.budget.socrata.com/#!/year/2026
BUDGETED ANNUAL FUNDS,GENERAL FUND - TOWN,FIRE,SALARIES,PROFESSIONAL SALARY,DEPARTMENT HEAD,operating,FY2026,6,145290.0,136826.35,145290.0,2026-06-10,https://townofmarblehead-ma-ob.budget.socrata.com/#!/year/2026
BUDGETED ANNUAL FUNDS,HARBOR ENTERPRISE OPERATING,HARBOR,SALARIES,OTHER EXPENSE,HEALTH INSURANCE,operating,FY2026,6,144800.0,119277.61,144800.0,2026-06-10,https://townofmarblehead-ma-ob.budget.socrata.com/#!/year/2026
BUDGETED ANNUAL FUNDS,GENERAL FUND - TAX ARTICLES,PUBLIC BUILDINGS,ART 11 2022 CAPITAL IMPROV,CONTRACTED SERVICES,REPAIRS & MAINTENANCE,operating,FY2026,6,143625.0,65025.0,143625.0,2026-06-10,https://townofmarblehead-ma-ob.budget.socrata.com/#!/year/2026
BUDGETED ANNUAL FUNDS,GENERAL FUND - SCHOOL,DISTRICTWIDE,UNDEFINED,SUPPLIES AND MATL,CUSTODIAL SUPPLIES,operating,FY2026,6,142256.0,118615.01,142256.0,2026-06-10,https://townofmarblehead-ma-ob.budget.socrata.com/#!/year/2026
BUDGETED ANNUAL FUNDS,GENERAL FUND - TOWN,PUBLIC WORKS,SALARIES,PROFESSIONAL SALARY,MECHANIC,operating,FY2026,6,141844.0,87150.63,141844.0,2026-06-10,https://townofmarblehead-ma-ob.budget.socrata.com/#!/year/2026
BUDGETED ANNUAL FUNDS,SEWER ENTERPRISE OPERATING,SEWER,SALARIES,OTHER EXPENSE,RETIREMENT,operating,FY2026,6,140319.0,0,140319.0,2026-06-10,https://townofmarblehead-ma-ob.budget.socrata.com/#!/year/2026
OTHER FUNDS,PERPETUAL CARE EXPEND,CEMETERY,UNDEFINED,OFU,BALANCE FORWARD,operating,FY2026,6,139133.67,0,138104.0,2026-06-10,https://townofmarblehead-ma-ob.budget.socrata.com/#!/year/2026
BUDGETED ANNUAL FUNDS,SEWER ENTERPRISE OPERATING,SEWER,SALARIES,PROFESSIONAL SALARY,STATION MECH/PIPEFITTER II,operating,FY2026,6,139064.0,133905.26,139064.0,2026-06-10,https://townofmarblehead-ma-ob.budget.socrata.com/#!/year/2026
OTHER FUNDS,A11 2022 CAPITAL IMPROVEMENT,SELECT BOARD,UNDEFINED,CAPITAL,IT & SOFTWARE UPGRADES,operating,FY2026,6,138474.58,80452.29,138474.58,2026-06-10,https://townofmarblehead-ma-ob.budget.socrata.com/#!/year/2026
OTHER FUNDS,WILLIS H KNIGHT HOSPITAL,SELECT BOARD,UNDEFINED,OFU,BALANCE FORWARD,operating,FY2026,6,137399.59,0,132886.47,2026-06-10,https://townofmarblehead-ma-ob.budget.socrata.com/#!/year/2026
BUDGETED ANNUAL FUNDS,GENERAL FUND - TOWN,SELECT BOARD,SALARIES,PROFESSIONAL SALARY,ASSISTANT DEPARTMENT HEAD,operating,FY2026,6,136807.0,99324.87,136807.0,2026-06-10,https://townofmarblehead-ma-ob.budget.socrata.com/#!/year/2026
OTHER FUNDS,AFFORDABLE HOUSING TRUST,SELECT BOARD,UNDEFINED,OFU,BALANCE FORWARD,operating,FY2026,6,135167.19,0,130493.37,2026-06-10,https://townofmarblehead-ma-ob.budget.socrata.com/#!/year/2026
BUDGETED ANNUAL FUNDS,GENERAL FUND - TAX ARTICLES,PUBLIC WORKS,ATM25A7-DPW-INTERNATIONAL TRUC,CAPITAL,PUBLIC WORKS EQUIPMENT,operating,FY2026,6,134210.0,67104.52,0,2026-06-10,https://townofmarblehead-ma-ob.budget.socrata.com/#!/year/2026
OTHER FUNDS,MULCAHY SCHOLARSHIP,SELECT BOARD,UNDEFINED,OFU,BALANCE FORWARD,operating,FY2026,6,132792.65,0,106705.86,2026-06-10,https://townofmarblehead-ma-ob.budget.socrata.com/#!/year/2026
BUDGETED ANNUAL FUNDS,GENERAL FUND - SCHOOL,DISTRICTWIDE,UNDEFINED,CLERICAL SALARIES,CLERICAL SALARIES,operating,FY2026,6,132535.0,246011.07,124550.0,2026-06-10,https://townofmarblehead-ma-ob.budget.socrata.com/#!/year/2026
BUDGETED ANNUAL FUNDS,GENERAL FUND - SCHOOL,HIGH SCHOOL,UNDEFINED,CLERICAL SALARIES,CLERICAL SALARIES,operating,FY2026,6,131002.0,100490.92,64633.0,2026-06-10,https://townofmarblehead-ma-ob.budget.socrata.com/#!/year/2026
OTHER FUNDS,A11 2022 CAPITAL IMPROVEMENT,FIRE,UNDEFINED,CAPITAL,FIRE STATION IMPROVEMENT,operating,FY2026,6,130598.0,106153.78,130598.0,2026-06-10,https://townofmarblehead-ma-ob.budget.socrata.com/#!/year/2026
BUDGETED ANNUAL FUNDS,GENERAL FUND - TOWN,TOWN CLERK,SALARIES,PROFESSIONAL SALARY,SPECIAL CLERK,operating,FY2026,6,129898.0,121243.17,128398.0,2026-06-10,https://townofmarblehead-ma-ob.budget.socrata.com/#!/year/2026
OTHER FUNDS,ALLEY FUND,SELECT BOARD,UNDEFINED,OFU,BALANCE FORWARD,operating,FY2026,6,129770.68,0,125447.98,2026-06-10,https://townofmarblehead-ma-ob.budget.socrata.com/#!/year/2026
BUDGETED ANNUAL FUNDS,GENERAL FUND - TOWN,BUILDING INSPECTION,SALARIES,PROFESSIONAL SALARY,DEPARTMENT HEAD,operating,FY2026,6,129428.0,115778.53,129428.0,2026-06-10,https://townofmarblehead-ma-ob.budget.socrata.com/#!/year/2026
BUDGETED ANNUAL FUNDS,GENERAL FUND - TOWN,WASTE COLLECTION,SALARIES,PROFESSIONAL SALARY,HEAVY EQUIP OPERATOR,operating,FY2026,6,128472.0,84032.8,124472.0,2026-06-10,https://townofmarblehead-ma-ob.budget.socrata.com/#!/year/2026
BUDGETED ANNUAL FUNDS,GENERAL FUND - TOWN,COMMUNITY DEVELOP AND PLANNING,SALARIES,PROFESSIONAL SALARY,DEPARTMENT HEAD,operating,FY2026,6,127950.0,120201.03,127950.0,2026-06-10,https://townofmarblehead-ma-ob.budget.socrata.com/#!/year/2026
BUDGETED ANNUAL FUNDS,SEWER ENTERPRISE OPERATING,SEWER,SALARIES,PROFESSIONAL SALARY,MECHANIC PIPEFITTER,operating,FY2026,6,125060.0,113401.76,125060.0,2026-06-10,https://townofmarblehead-ma-ob.budget.socrata.com/#!/year/2026
BUDGETED ANNUAL FUNDS,GENERAL FUND - TAX ARTICLES,PUBLIC WORKS,ARTICLE WALLS & FENCES,CAPITAL,WALLS & FENCES,operating,FY2026,6,123291.82,42.31,0,2026-06-10,https://townofmarblehead-ma-ob.budget.socrata.com/#!/year/2026
BUDGETED ANNUAL FUNDS,GENERAL FUND - TOWN,POLICE,SALARIES,PROFESSIONAL SALARY,TRAFFIC SUPERS,operating,FY2026,6,122048.0,106543.05,122048.0,2026-06-10,https://townofmarblehead-ma-ob.budget.socrata.com/#!/year/2026
BUDGETED ANNUAL FUNDS,GENERAL FUND - SCHOOL,MIDDLE SCHOOL,UNDEFINED,CLERICAL SALARIES,CLERICAL SALARIES,operating,FY2026,6,121837.0,104706.2,0,2026-06-10,https://townofmarblehead-ma-ob.budget.socrata.com/#!/year/2026
OTHER FUNDS,JAIL DIVERSION GRANT (STATE),POLICE,UNDEFINED,CONTRACTED SERVICES,OTHER PROF & TECHNICAL,operating,FY2026,6,121310.0,60707.1,0,2026-06-10,https://townofmarblehead-ma-ob.budget.socrata.com/#!/year/2026
BUDGETED ANNUAL FUNDS,GENERAL FUND - TOWN,FIRE,SALARIES,PROFESSIONAL SALARY,HOLIDAY,operating,FY2026,6,120654.0,70348.61,120654.0,2026-06-10,https://townofmarblehead-ma-ob.budget.socrata.com/#!/year/2026
BUDGETED ANNUAL FUNDS,SEWER ENTERPRISE OPERATING,SEWER,EXPENSES,OFU,TRANSFER TO GENERAL FUND,operating,FY2026,6,119818.0,119818.0,119818.0,2026-06-10,https://townofmarblehead-ma-ob.budget.socrata.com/#!/year/2026
BUDGETED ANNUAL FUNDS,GENERAL FUND - TOWN,PUBLIC BUILDINGS,SALARIES,PROFESSIONAL SALARY,SPECIAL LABOR 1,operating,FY2026,6,119482.0,111665.22,118282.0,2026-06-10,https://townofmarblehead-ma-ob.budget.socrata.com/#!/year/2026
OTHER FUNDS,CP GRANT-COMPREHENSIVE PLAN,COMMUNITY DEVELOP AND PLANNING,UNDEFINED,CONTRACTED SERVICES,OTHER PROF & TECHNICAL,operating,FY2026,6,119279.08,32199.67,119279.08,2026-06-10,https://townofmarblehead-ma-ob.budget.socrata.com/#!/year/2026
BUDGETED ANNUAL FUNDS,GENERAL FUND - TOWN,PUBLIC WORKS,SALARIES,PROFESSIONAL SALARY,DEPARTMENT HEAD,operating,FY2026,6,119023.0,73203.01,119023.0,2026-06-10,https://townofmarblehead-ma-ob.budget.socrata.com/#!/year/2026
BUDGETED ANNUAL FUNDS,HARBOR ENTERPRISE OPERATING,HARBOR,EXPENSES,GOVERNMENTAL,TAXES,operating,FY2026,6,117596.0,117596.0,117596.0,2026-06-10,https://townofmarblehead-ma-ob.budget.socrata.com/#!/year/2026
BUDGETED ANNUAL FUNDS,GENERAL FUND - TOWN,ASSESSORS,SALARIES,PROFESSIONAL SALARY,DEPARTMENT HEAD,operating,FY2026,6,117428.0,109778.53,117428.0,2026-06-10,https://townofmarblehead-ma-ob.budget.socrata.com/#!/year/2026
BUDGETED ANNUAL FUNDS,GENERAL FUND - TOWN,HUMAN RESOURCES,SALARIES,PROFESSIONAL SALARY,DEPARTMENT HEAD,operating,FY2026,6,117428.0,109778.53,117428.0,2026-06-10,https://townofmarblehead-ma-ob.budget.socrata.com/#!/year/2026
BUDGETED ANNUAL FUNDS,GENERAL FUND - TOWN,PARKS & RECREATION,SALARIES,PROFESSIONAL SALARY,DEPARTMENT HEAD,operating,FY2026,6,117427.0,118777.17,117427.0,2026-06-10,https://townofmarblehead-ma-ob.budget.socrata.com/#!/year/2026
BUDGETED ANNUAL FUNDS,GENERAL FUND - TAX ARTICLES,PUBLIC BUILDINGS,Art 10 2021 BUILDING IMPROV,CONTRACTED SERVICES,REPAIRS & MAINTENANCE,operating,FY2026,6,116816.46,0,116816.46,2026-06-10,https://townofmarblehead-ma-ob.budget.socrata.com/#!/year/2026
BUDGETED ANNUAL FUNDS,GENERAL FUND - TOWN,CEMETERY,SALARIES,PROFESSIONAL SALARY,GENERAL LABOR IV,operating,FY2026,6,116709.0,111144.93,116709.0,2026-06-10,https://townofmarblehead-ma-ob.budget.socrata.com/#!/year/2026
BUDGETED ANNUAL FUNDS,GENERAL FUND - TOWN,POLICE,SALARIES,PROFESSIONAL SALARY,CAPTAIN,operating,FY2026,6,116653.0,100915.69,116653.0,2026-06-10,https://townofmarblehead-ma-ob.budget.socrata.com/#!/year/2026
BUDGETED ANNUAL FUNDS,GENERAL FUND - TOWN,ABBOT LIBRARY,SALARIES,PROFESSIONAL SALARY,DEPARTMENT HEAD,operating,FY2026,6,116447.0,108861.58,116447.0,2026-06-10,https://townofmarblehead-ma-ob.budget.socrata.com/#!/year/2026
OTHER FUNDS,STATE 911 SUPPORT GRANT,POLICE,UNDEFINED,PROFESSIONAL SALARY,TELECOMMUNICATOR,operating,FY2026,6,114600.0,0,114600.0,2026-06-10,https://townofmarblehead-ma-ob.budget.socrata.com/#!/year/2026
BUDGETED ANNUAL FUNDS,HARBOR ENTERPRISE OPERATING,HARBOR,SALARIES,PROFESSIONAL SALARY,DEPARTMENT HEAD,operating,FY2026,6,114384.0,109778.53,114384.0,2026-06-10,https://townofmarblehead-ma-ob.budget.socrata.com/#!/year/2026
BUDGETED ANNUAL FUNDS,HARBOR ENTERPRISE OPERATING,HARBOR,SALARIES,PROFESSIONAL SALARY,SEAS SENIOR HARBOR ASSISTANT,operating,FY2026,6,113896.0,74188.9,113896.0,2026-06-10,https://townofmarblehead-ma-ob.budget.socrata.com/#!/year/2026
BUDGETED ANNUAL FUNDS,GENERAL FUND - TOWN,TOWN COUNSEL,EXPENSES,CONTRACTED SERVICES,LEGAL SERVICES,operating,FY2026,6,113000.0,88762.39,113000.0,2026-06-10,https://townofmarblehead-ma-ob.budget.socrata.com/#!/year/2026
BUDGETED ANNUAL FUNDS,GENERAL FUND - TOWN,CEMETERY,SALARIES,PROFESSIONAL SALARY,DEPARTMENT HEAD,operating,FY2026,6,112593.0,105210.63,112593.0,2026-06-10,https://townofmarblehead-ma-ob.budget.socrata.com/#!/year/2026
BUDGETED ANNUAL FUNDS,GENERAL FUND - TOWN,COUNCIL ON AGING,SALARIES,PROFESSIONAL SALARY,DEPARTMENT HEAD,operating,FY2026,6,111330.0,105279.41,111330.0,2026-06-10,https://townofmarblehead-ma-ob.budget.socrata.com/#!/year/2026
BUDGETED ANNUAL FUNDS,SEWER ENTERPRISE OPERATING,SEWER,EXPENSES,CONTRACTED SERVICES,ELECT PWR-PUMPING STATIONS,operating,FY2026,6,110000.0,88426.57,110000.0,2026-06-10,https://townofmarblehead-ma-ob.budget.socrata.com/#!/year/2026
BUDGETED ANNUAL FUNDS,GENERAL FUND - TOWN,BUILDING INSPECTION,SALARIES,PROFESSIONAL SALARY,ASSISTANT DIVISION HEAD,operating,FY2026,6,109036.0,78750.29,109036.0,2026-06-10,https://townofmarblehead-ma-ob.budget.socrata.com/#!/year/2026
BUDGETED ANNUAL FUNDS,SEWER ENTERPRISE OPERATING,SEWER,SALARIES,PROFESSIONAL SALARY,OVERTIME,operating,FY2026,6,107277.0,68673.63,102277.0,2026-06-10,https://townofmarblehead-ma-ob.budget.socrata.com/#!/year/2026
BUDGETED ANNUAL FUNDS,GENERAL FUND - TAX ARTICLES,EDUCATION,ATM25A8-SCH-UPHOLSTER ART CENT,CAPITAL,BUILDING IMPROVEMENTS,operating,FY2026,6,106958.0,0,0,2026-06-10,https://townofmarblehead-ma-ob.budget.socrata.com/#!/year/2026
BUDGETED ANNUAL FUNDS,WATER ENTERPRISE OPERATING,WATER,SALARIES,PROFESSIONAL SALARY,ASSISTANT DEPARTMENT HEAD,operating,FY2026,6,105602.0,100129.28,105602.0,2026-06-10,https://townofmarblehead-ma-ob.budget.socrata.com/#!/year/2026
BUDGETED ANNUAL FUNDS,SEWER ENTERPRISE OPERATING,SEWER,SALARIES,PROFESSIONAL SALARY,ASSISTANT DEPARTMENT HEAD,operating,FY2026,6,105602.0,100129.51,105602.0,2026-06-10,https://townofmarblehead-ma-ob.budget.socrata.com/#!/year/2026
OTHER FUNDS,CABLE OVERSIGHT COMMITTEE,CABLE TV OVERSIGHT COMMITTEE,UNDEFINED,OFU,BALANCE FORWARD,operating,FY2026,6,105145.94,0,101200.68,2026-06-10,https://townofmarblehead-ma-ob.budget.socrata.com/#!/year/2026
OTHER FUNDS,HISTORIC DONATION FUND,HISTORICAL COMMISSION,UNDEFINED,OFU,BALANCE FORWARD,operating,FY2026,6,103343.35,0,103343.35,2026-06-10,https://townofmarblehead-ma-ob.budget.socrata.com/#!/year/2026
OTHER FUNDS,MARION COLE BESSOM HOSPITAL,SELECT BOARD,UNDEFINED,OFU,BALANCE FORWARD,operating,FY2026,6,103151.98,0,99785.6,2026-06-10,https://townofmarblehead-ma-ob.budget.socrata.com/#!/year/2026
OTHER FUNDS,SPED REVOLVING FUND,EDUCATION,UNDEFINED,CONTRACTED SERVICES,PURCHASE SERVICES,operating,FY2026,6,100000.0,226.04,100000.0,2026-06-10,https://townofmarblehead-ma-ob.budget.socrata.com/#!/year/2026
OTHER FUNDS,SPED REVOLVING FUND,EDUCATION,UNDEFINED,PROFESSIONAL SALARY,PERSONAL SERVICES,operating,FY2026,6,100000.0,69204.31,100000.0,2026-06-10,https://townofmarblehead-ma-ob.budget.socrata.com/#!/year/2026
OTHER FUNDS,SCHOOL USER FEES,EDUCATION,UNDEFINED,PROFESSIONAL SALARY,PERSONAL SERVICES,operating,FY2026,6,100000.0,412067.93,100000.0,2026-06-10,https://townofmarblehead-ma-ob.budget.socrata.com/#!/year/2026
OTHER FUNDS,SCHOOL BUILDING RENTAL,EDUCATION,UNDEFINED,PROFESSIONAL SALARY,PERSONAL SERVICES,operating,FY2026,6,100000.0,11709.38,100000.0,2026-06-10,https://townofmarblehead-ma-ob.budget.socrata.com/#!/year/2026
BUDGETED ANNUAL FUNDS,WATER ENTERPRISE OPERATING,WATER,SALARIES,PROFESSIONAL SALARY,MECHANIC PIPEFITTER,operating,FY2026,6,99952.0,64519.45,99952.0,2026-06-10,https://townofmarblehead-ma-ob.budget.socrata.com/#!/year/2026
BUDGETED ANNUAL FUNDS,GENERAL FUND - TOWN,WASTE COLLECTION,SALARIES,PROFESSIONAL SALARY,DEPARTMENT HEAD,operating,FY2026,6,98640.0,92214.17,98640.0,2026-06-10,https://townofmarblehead-ma-ob.budget.socrata.com/#!/year/2026
BUDGETED ANNUAL FUNDS,GENERAL FUND - TOWN,PARKS & RECREATION,SALARIES,PROFESSIONAL SALARY,ASSISTANT DIVISION HEAD,operating,FY2026,6,98591.0,124939.91,98591.0,2026-06-10,https://townofmarblehead-ma-ob.budget.socrata.com/#!/year/2026
BUDGETED ANNUAL FUNDS,GENERAL FUND - TOWN,HUMAN RESOURCES,SALARIES,PROFESSIONAL SALARY,ASSISTANT DEPARTMENT HEAD,operating,FY2026,6,98247.0,119766.41,98247.0,2026-06-10,https://townofmarblehead-ma-ob.budget.socrata.com/#!/year/2026
BUDGETED ANNUAL FUNDS,HARBOR ENTERPRISE OPERATING,HARBOR,EXPENSES,CONTRACTED SERVICES,R&M FLOATS,operating,FY2026,6,95000.0,73760.54,95000.0,2026-06-10,https://townofmarblehead-ma-ob.budget.socrata.com/#!/year/2026
BUDGETED ANNUAL FUNDS,GENERAL FUND - TOWN,COMMUNITY DEVELOP AND PLANNING,SALARIES,PROFESSIONAL SALARY,PLANNER,operating,FY2026,6,94839.0,42949.48,94839.0,2026-06-10,https://townofmarblehead-ma-ob.budget.socrata.com/#!/year/2026
BUDGETED ANNUAL FUNDS,GENERAL FUND - TOWN,TOWN CLERK,SALARIES,PROFESSIONAL SALARY,DEPARTMENT HEAD,operating,FY2026,6,93048.0,85425.86,93048.0,2026-06-10,https://townofmarblehead-ma-ob.budget.socrata.com/#!/year/2026
OTHER FUNDS,ADAM ROSENTHAL SCHOLARSHIP,SELECT BOARD,UNDEFINED,OFU,BALANCE FORWARD,operating,FY2026,6,92978.96,0,87227.38,2026-06-10,https://townofmarblehead-ma-ob.budget.socrata.com/#!/year/2026
BUDGETED ANNUAL FUNDS,WATER ENTERPRISE OPERATING,WATER,SALARIES,PROFESSIONAL SALARY,OVERTIME,operating,FY2026,6,92550.0,67481.68,87550.0,2026-06-10,https://townofmarblehead-ma-ob.budget.socrata.com/#!/year/2026
BUDGETED ANNUAL FUNDS,GENERAL FUND - SCHOOL,GLOVER SCHOOL,UNDEFINED,OTHER SALARIES,OTHER SALARIES,operating,FY2026,6,92084.0,6222.0,0,2026-06-10,https://townofmarblehead-ma-ob.budget.socrata.com/#!/year/2026
BUDGETED ANNUAL FUNDS,GENERAL FUND - TOWN,PUBLIC WORKS,SALARIES,PROFESSIONAL SALARY,SENIOR CLERK,operating,FY2026,6,91622.0,66952.63,90922.0,2026-06-10,https://townofmarblehead-ma-ob.budget.socrata.com/#!/year/2026
BUDGETED ANNUAL FUNDS,WATER ENTERPRISE OPERATING,WATER,SALARIES,PROFESSIONAL SALARY,HEAVY EQUIP OPERATOR,operating,FY2026,6,91338.0,58006.39,91338.0,2026-06-10,https://townofmarblehead-ma-ob.budget.socrata.com/#!/year/2026
BUDGETED ANNUAL FUNDS,GENERAL FUND - TOWN,OTHER GOVERNMENTAL,GROUP INSURANCE,OTHER EXPENSE,LIFE INSURANCE,operating,FY2026,6,90998.0,62951.62,90998.0,2026-06-10,https://townofmarblehead-ma-ob.budget.socrata.com/#!/year/2026
OTHER FUNDS,WATER CAPITAL ARTICLES,WATER,ART 15 2023 WATER CONSTRUCTION,CAPITAL,WATER IMPROVEMENTS,operating,FY2026,6,90174.8,0,90174.8,2026-06-10,https://townofmarblehead-ma-ob.budget.socrata.com/#!/year/2026
BUDGETED ANNUAL FUNDS,GENERAL FUND - TOWN,WASTE COLLECTION,LANDFILL MONITORING EXPENSE,CONTRACTED SERVICES,OTHER PROF & TECHNICAL,operating,FY2026,6,90000.0,34875.72,90000.0,2026-06-10,https://townofmarblehead-ma-ob.budget.socrata.com/#!/year/2026
OTHER FUNDS,CC MATERNAL HEALTH GRANT,HEALTH,UNDEFINED,OFU,BALANCE FORWARD,operating,FY2026,6,90000.0,0,90000.0,2026-06-10,https://townofmarblehead-ma-ob.budget.socrata.com/#!/year/2026
OTHER FUNDS,HIGH SCHOOL DONATION FUND,EDUCATION,UNDEFINED,OFU,BALANCE FORWARD,operating,FY2026,6,88073.44,0,0,2026-06-10,https://townofmarblehead-ma-ob.budget.socrata.com/#!/year/2026
BUDGETED ANNUAL FUNDS,GENERAL FUND - SCHOOL,DISTRICTWIDE,UNDEFINED,OTHER SALARIES,TRANSP ATHLETIC DRIVERS,operating,FY2026,6,87000.0,56431.03,77000.0,2026-06-10,https://townofmarblehead-ma-ob.budget.socrata.com/#!/year/2026
BUDGETED ANNUAL FUNDS,GENERAL FUND - TOWN,POLICE,SALARIES,PROFESSIONAL SALARY,NIGHT DIFF,operating,FY2026,6,86528.0,93895.69,86528.0,2026-06-10,https://townofmarblehead-ma-ob.budget.socrata.com/#!/year/2026
BUDGETED ANNUAL FUNDS,GENERAL FUND - TOWN,SELECT BOARD,SALARIES,PROFESSIONAL SALARY,ASSISTANT DIVISION HEAD,operating,FY2026,6,86120.0,43314.85,86120.0,2026-06-10,https://townofmarblehead-ma-ob.budget.socrata.com/#!/year/2026
OTHER FUNDS,COA REVOLVING,COUNCIL ON AGING,UNDEFINED,OFU,BALANCE FORWARD,operating,FY2026,6,85829.99,0,254785.03,2026-06-10,https://townofmarblehead-ma-ob.budget.socrata.com/#!/year/2026
OTHER FUNDS,MSBA REIMBURSEMENT,TOWN ACCOUNTANT,UNDEFINED,OFU,BALANCE FORWARD,operating,FY2026,6,85660.85,0,85660.85,2026-06-10,https://townofmarblehead-ma-ob.budget.socrata.com/#!/year/2026
BUDGETED ANNUAL FUNDS,GENERAL FUND - SCHOOL,BROWN SCHOOL,UNDEFINED,OTHER SALARIES,OTHER SALARIES,operating,FY2026,6,85088.4,4151.43,0,2026-06-10,https://townofmarblehead-ma-ob.budget.socrata.com/#!/year/2026
OTHER FUNDS,SHATTUCK MEM FUND-HISTORIC,HISTORICAL COMMISSION,UNDEFINED,OFU,BALANCE FORWARD,operating,FY2026,6,85027.58,0,83955.91,2026-06-10,https://townofmarblehead-ma-ob.budget.socrata.com/#!/year/2026
BUDGETED ANNUAL FUNDS,GENERAL FUND - TAX ARTICLES,PUBLIC WORKS,ATM25A6-DPW-F350 W PLOW,CAPITAL,MOTOR VEHICLE,operating,FY2026,6,85000.0,84265.3,0,2026-06-10,https://townofmarblehead-ma-ob.budget.socrata.com/#!/year/2026
BUDGETED ANNUAL FUNDS,GENERAL FUND - TOWN,ABBOT LIBRARY,SALARIES,PROFESSIONAL SALARY,SPECIAL LABOR I,operating,FY2026,6,84628.0,62835.18,84628.0,2026-06-10,https://townofmarblehead-ma-ob.budget.socrata.com/#!/year/2026
OTHER FUNDS,MIDDLE SCHOOL STUDENT ACTIVITY,MIDDLE SCHOOL,UNDEFINED,UNDEFINED,EXPENSES,operating,FY2026,6,84357.2,2829.7,75000.0,2026-06-10,https://townofmarblehead-ma-ob.budget.socrata.com/#!/year/2026
BUDGETED ANNUAL FUNDS,GENERAL FUND - SCHOOL,GLOVER SCHOOL,UNDEFINED,CLERICAL SALARIES,SECRETARY SALARIES,operating,FY2026,6,84133.0,83389.6,68152.0,2026-06-10,https://townofmarblehead-ma-ob.budget.socrata.com/#!/year/2026
BUDGETED ANNUAL FUNDS,WATER ENTERPRISE OPERATING,WATER,SALARIES,PROFESSIONAL SALARY,WORKING FOREMAN,operating,FY2026,6,83858.0,80331.39,83858.0,2026-06-10,https://townofmarblehead-ma-ob.budget.socrata.com/#!/year/2026
OTHER FUNDS,WATER CAPITAL ARTICLES,WATER,ART 11 2024 WATER CONSTRUCTION,CAPITAL,WATER IMPROVEMENTS,operating,FY2026,6,83676.59,138861.95,83676.59,2026-06-10,https://townofmarblehead-ma-ob.budget.socrata.com/#!/year/2026
BUDGETED ANNUAL FUNDS,GENERAL FUND - SCHOOL,DISTRICTWIDE,UNDEFINED,CONTRACTED SERVICES,INFORMATION TECHNOLOGY,operating,FY2026,6,83602.0,65210.83,90602.0,2026-06-10,https://townofmarblehead-ma-ob.budget.socrata.com/#!/year/2026
OTHER FUNDS,CURTIS S COFFIN FUND,PARKS & RECREATION,UNDEFINED,OFU,BALANCE FORWARD,operating,FY2026,6,82821.64,0,79606.99,2026-06-10,https://townofmarblehead-ma-ob.budget.socrata.com/#!/year/2026
OTHER FUNDS,LIBRARY MUNICIPAL EQUAL GRANT,ABBOT LIBRARY,UNDEFINED,OFU,BALANCE FORWARD,operating,FY2026,6,82708.06,0,60615.22,2026-06-10,https://townofmarblehead-ma-ob.budget.socrata.com/#!/year/2026
BUDGETED ANNUAL FUNDS,GENERAL FUND - SCHOOL,HIGH SCHOOL,UNDEFINED,CONTRACTED SERVICES,RENTALS AND LEASES,operating,FY2026,6,82520.0,67564.4,82520.0,2026-06-10,https://townofmarblehead-ma-ob.budget.socrata.com/#!/year/2026
BUDGETED ANNUAL FUNDS,GENERAL FUND - TOWN,POLICE,SALARIES,PROFESSIONAL SALARY,TELECOMMUNICATOR SUPERV,operating,FY2026,6,81824.0,76927.0,81824.0,2026-06-10,https://townofmarblehead-ma-ob.budget.socrata.com/#!/year/2026
BUDGETED ANNUAL FUNDS,GENERAL FUND - TOWN,ABBOT LIBRARY,SALARIES,PROFESSIONAL SALARY,TECHNICAL SERVICES SUPERVISOR,operating,FY2026,6,81501.0,59315.93,81501.0,2026-06-10,https://townofmarblehead-ma-ob.budget.socrata.com/#!/year/2026
BUDGETED ANNUAL FUNDS,GENERAL FUND - SCHOOL,VILLAGE SCHOOL,UNDEFINED,SUPPLIES AND MATL,EDUCATIONAL SUPPLIES,operating,FY2026,6,81208.0,47788.12,81208.0,2026-06-10,https://townofmarblehead-ma-ob.budget.socrata.com/#!/year/2026
BUDGETED ANNUAL FUNDS,SEWER ENTERPRISE OPERATING,SEWER,SALARIES,PROFESSIONAL SALARY,WORKING FOREMAN,operating,FY2026,6,81153.0,79966.65,81153.0,2026-06-10,https://townofmarblehead-ma-ob.budget.socrata.com/#!/year/2026
BUDGETED ANNUAL FUNDS,GENERAL FUND - TOWN,ABBOT LIBRARY,SALARIES,PROFESSIONAL SALARY,HEAD PUBLIC SERVICES,operating,FY2026,6,81059.0,0,81059.0,2026-06-10,https://townofmarblehead-ma-ob.budget.socrata.com/#!/year/2026
BUDGETED ANNUAL FUNDS,GENERAL FUND - SCHOOL,DISTRICTWIDE,UNDEFINED,CAPITAL,COMPUTER EQUIPMENT,operating,FY2026,6,80000.0,75134.13,80000.0,2026-06-10,https://townofmarblehead-ma-ob.budget.socrata.com/#!/year/2026
BUDGETED ANNUAL FUNDS,GENERAL FUND - TOWN,COMMUNITY DEVELOP AND PLANNING,SALARIES,PROFESSIONAL SALARY,SUSTAINABILITY COORD,operating,FY2026,6,79445.0,65755.15,79445.0,2026-06-10,https://townofmarblehead-ma-ob.budget.socrata.com/#!/year/2026
BUDGETED ANNUAL FUNDS,GENERAL FUND - TOWN,COMMUNITY DEVELOP AND PLANNING,SALARIES,PROFESSIONAL SALARY,GRANT COORDINATOR,operating,FY2026,6,79064.0,72160.92,79064.0,2026-06-10,https://townofmarblehead-ma-ob.budget.socrata.com/#!/year/2026
BUDGETED ANNUAL FUNDS,GENERAL FUND - TOWN,VETERANS SERVICES,SALARIES,PROFESSIONAL SALARY,DEPARTMENT HEAD,operating,FY2026,6,78225.0,71906.02,78225.0,2026-06-10,https://townofmarblehead-ma-ob.budget.socrata.com/#!/year/2026
BUDGETED ANNUAL FUNDS,GENERAL FUND - TOWN,ASSESSORS,EXPENSES,CONTRACTED SERVICES,OTHER PROF & TECHNICAL,operating,FY2026,6,78102.85,77763.85,32000.0,2026-06-10,https://townofmarblehead-ma-ob.budget.socrata.com/#!/year/2026
BUDGETED ANNUAL FUNDS,HARBOR ENTERPRISE OPERATING,HARBOR,SALARIES,OTHER EXPENSE,RETIREMENT,operating,FY2026,6,77742.0,77742.0,77742.0,2026-06-10,https://townofmarblehead-ma-ob.budget.socrata.com/#!/year/2026
BUDGETED ANNUAL FUNDS,GENERAL FUND - TOWN,PUBLIC WORKS,SALARIES,PROFESSIONAL SALARY,WORKING FOREMAN/TREE SURGEON,operating,FY2026,6,76710.0,72416.27,76710.0,2026-06-10,https://townofmarblehead-ma-ob.budget.socrata.com/#!/year/2026
BUDGETED ANNUAL FUNDS,GENERAL FUND - TOWN,COUNCIL ON AGING,SALARIES,PROFESSIONAL SALARY,PROGRAM MANAGER,operating,FY2026,6,76407.0,72852.72,76407.0,2026-06-10,https://townofmarblehead-ma-ob.budget.socrata.com/#!/year/2026
BUDGETED ANNUAL FUNDS,GENERAL FUND - TOWN,POLICE,SALARIES,PROFESSIONAL SALARY,SUPERIOR OT,operating,FY2026,6,76095.0,140252.34,76095.0,2026-06-10,https://townofmarblehead-ma-ob.budget.socrata.com/#!/year/2026
BUDGETED ANNUAL FUNDS,GENERAL FUND - TOWN,POLICE,SALARIES,PROFESSIONAL SALARY,ASSISTANT DIVISION HEAD,operating,FY2026,6,75937.0,73726.72,75937.0,2026-06-10,https://townofmarblehead-ma-ob.budget.socrata.com/#!/year/2026
OTHER FUNDS,CONSERVATION FINES REVOLVING,CONSERVATION COMMISSION,UNDEFINED,CONTRACTED SERVICES,OTHER PROF & TECHNICAL,operating,FY2026,6,75600.0,0,0,2026-06-10,https://townofmarblehead-ma-ob.budget.socrata.com/#!/year/2026
BUDGETED ANNUAL FUNDS,GENERAL FUND - TOWN,PUBLIC WORKS,SALARIES,PROFESSIONAL SALARY,MECHANIC SUPERVISOR,operating,FY2026,6,74355.0,70214.22,74355.0,2026-06-10,https://townofmarblehead-ma-ob.budget.socrata.com/#!/year/2026
BUDGETED ANNUAL FUNDS,GENERAL FUND - SCHOOL,DISTRICTWIDE,UNDEFINED,CONTRACTED SERVICES,R&M MOTOR VEHICLES,operating,FY2026,6,73905.0,68430.08,58905.0,2026-06-10,https://townofmarblehead-ma-ob.budget.socrata.com/#!/year/2026
BUDGETED ANNUAL FUNDS,GENERAL FUND - TOWN,ABBOT LIBRARY,SALARIES,PROFESSIONAL SALARY,CHILD LIBRARIAN,operating,FY2026,6,73759.0,70109.02,73759.0,2026-06-10,https://townofmarblehead-ma-ob.budget.socrata.com/#!/year/2026
BUDGETED ANNUAL FUNDS,GENERAL FUND - TOWN,ABBOT LIBRARY,SALARIES,PROFESSIONAL SALARY,YOUNG ADULT LIBRARIAN,operating,FY2026,6,71834.0,59170.74,71834.0,2026-06-10,https://townofmarblehead-ma-ob.budget.socrata.com/#!/year/2026
BUDGETED ANNUAL FUNDS,GENERAL FUND - TOWN,ASSESSORS,SALARIES,PROFESSIONAL SALARY,SENIOR CLERK II,operating,FY2026,6,71723.0,66934.33,70923.0,2026-06-10,https://townofmarblehead-ma-ob.budget.socrata.com/#!/year/2026
BUDGETED ANNUAL FUNDS,GENERAL FUND - TOWN,COMMUNITY DEVELOP AND PLANNING,SALARIES,PROFESSIONAL SALARY,SENIOR CLERK II,operating,FY2026,6,71644.0,69630.91,70923.0,2026-06-10,https://townofmarblehead-ma-ob.budget.socrata.com/#!/year/2026
BUDGETED ANNUAL FUNDS,GENERAL FUND - TOWN,PARKS & RECREATION,SALARIES,PROFESSIONAL SALARY,WORKING FORMAN BLDG,operating,FY2026,6,71543.0,63233.09,71543.0,2026-06-10,https://townofmarblehead-ma-ob.budget.socrata.com/#!/year/2026
BUDGETED ANNUAL FUNDS,GENERAL FUND - TOWN,PARKS & RECREATION,SALARIES,PROFESSIONAL SALARY,FIELD CRAFTSMAN MECHANIC,operating,FY2026,6,70983.0,29986.3,67383.0,2026-06-10,https://townofmarblehead-ma-ob.budget.socrata.com/#!/year/2026
BUDGETED ANNUAL FUNDS,GENERAL FUND - TOWN,PARKS & RECREATION,SALARIES,PROFESSIONAL SALARY,PARK TURF SPECIALIST,operating,FY2026,6,70922.0,66952.63,70922.0,2026-06-10,https://townofmarblehead-ma-ob.budget.socrata.com/#!/year/2026
BUDGETED ANNUAL FUNDS,SEWER ENTERPRISE OPERATING,SEWER,SALARIES,PROFESSIONAL SALARY,DEPARTMENT HEAD,operating,FY2026,6,70457.0,65867.31,70457.0,2026-06-10,https://townofmarblehead-ma-ob.budget.socrata.com/#!/year/2026
BUDGETED ANNUAL FUNDS,WATER ENTERPRISE OPERATING,WATER,SALARIES,PROFESSIONAL SALARY,DEPARTMENT HEAD,operating,FY2026,6,70456.0,65867.31,70456.0,2026-06-10,https://townofmarblehead-ma-ob.budget.socrata.com/#!/year/2026
BUDGETED ANNUAL FUNDS,GENERAL FUND - TOWN,WASTE COLLECTION,SALARIES,PROFESSIONAL SALARY,LEADER HEAVY EQUIP OPERATOR,operating,FY2026,6,70450.0,97774.39,70450.0,2026-06-10,https://townofmarblehead-ma-ob.budget.socrata.com/#!/year/2026
BUDGETED ANNUAL FUNDS,GENERAL FUND - TOWN,PARKS & RECREATION,SALARIES,PROFESSIONAL SALARY,SEAS GROUNDS CARETAKER,operating,FY2026,6,70052.0,63676.17,70052.0,2026-06-10,https://townofmarblehead-ma-ob.budget.socrata.com/#!/year/2026
BUDGETED ANNUAL FUNDS,GENERAL FUND - SCHOOL,DISTRICTWIDE,UNDEFINED,OTHER EXPENSE,PROFFESIONAL REIMBURSEMENT,operating,FY2026,6,70000.0,12012.42,70000.0,2026-06-10,https://townofmarblehead-ma-ob.budget.socrata.com/#!/year/2026
BUDGETED ANNUAL FUNDS,WATER ENTERPRISE OPERATING,WATER,EXPENSES,OTHER EXPENSE,INSURANCE PREMIUMS,operating,FY2026,6,70000.0,27834.0,70000.0,2026-06-10,https://townofmarblehead-ma-ob.budget.socrata.com/#!/year/2026
BUDGETED ANNUAL FUNDS,SEWER ENTERPRISE OPERATING,SEWER,EXPENSES,OTHER EXPENSE,INSURANCE PREMIUMS,operating,FY2026,6,70000.0,19052.0,70000.0,2026-06-10,https://townofmarblehead-ma-ob.budget.socrata.com/#!/year/2026
BUDGETED ANNUAL FUNDS,GENERAL FUND - TAX ARTICLES,EDUCATION,ATM25A8-SCH-GLOVER HVAC CAFE,CAPITAL,BUILDING IMPROVEMENTS,operating,FY2026,6,70000.0,0,0,2026-06-10,https://townofmarblehead-ma-ob.budget.socrata.com/#!/year/2026
BUDGETED ANNUAL FUNDS,GENERAL FUND - TAX ARTICLES,PUBLIC BUILDINGS,ATM25A6-PB-F-150 CREW CAB,CAPITAL,MOTOR VEHICLE,operating,FY2026,6,70000.0,57820.0,0,2026-06-10,https://townofmarblehead-ma-ob.budget.socrata.com/#!/year/2026
BUDGETED ANNUAL FUNDS,GENERAL FUND - TAX ARTICLES,WASTE COLLECTION,ATM25A6-WASTE-F-150 CREW CAB,CAPITAL,MOTOR VEHICLE,operating,FY2026,6,70000.0,57820.0,0,2026-06-10,https://townofmarblehead-ma-ob.budget.socrata.com/#!/year/2026
BUDGETED ANNUAL FUNDS,HARBOR ENTERPRISE OPERATING,HARBOR,SALARIES,PROFESSIONAL SALARY,SENIOR CLERK,operating,FY2026,6,69987.0,74092.63,69293.0,2026-06-10,https://townofmarblehead-ma-ob.budget.socrata.com/#!/year/2026
BUDGETED ANNUAL FUNDS,WATER ENTERPRISE OPERATING,WATER,SALARIES,PROFESSIONAL SALARY,WATER TECHNICIAN,operating,FY2026,6,69773.0,66747.6,69773.0,2026-06-10,https://townofmarblehead-ma-ob.budget.socrata.com/#!/year/2026
BUDGETED ANNUAL FUNDS,GENERAL FUND - TOWN,ASSESSORS,SALARIES,PROFESSIONAL SALARY,SENIOR CLERK,operating,FY2026,6,69145.0,64501.82,68345.0,2026-06-10,https://townofmarblehead-ma-ob.budget.socrata.com/#!/year/2026
BUDGETED ANNUAL FUNDS,GENERAL FUND - TOWN,BUILDING INSPECTION,SALARIES,PROFESSIONAL SALARY,SENIOR CLERK,operating,FY2026,6,69045.0,64501.82,68345.0,2026-06-10,https://townofmarblehead-ma-ob.budget.socrata.com/#!/year/2026
BUDGETED ANNUAL FUNDS,GENERAL FUND - TOWN,POLICE,SALARIES,PROFESSIONAL SALARY,SENIOR CLERK,operating,FY2026,6,69044.0,67406.44,68344.0,2026-06-10,https://townofmarblehead-ma-ob.budget.socrata.com/#!/year/2026
BUDGETED ANNUAL FUNDS,GENERAL FUND - TOWN,ABBOT LIBRARY,SALARIES,PROFESSIONAL SALARY,SENIOR CLERK,operating,FY2026,6,68345.0,64519.45,68345.0,2026-06-10,https://townofmarblehead-ma-ob.budget.socrata.com/#!/year/2026
BUDGETED ANNUAL FUNDS,GENERAL FUND - SCHOOL,DISTRICTWIDE,UNDEFINED,OTHER EXPENSE,TSA/403B MATCH,operating,FY2026,6,68000.0,56389.0,68000.0,2026-06-10,https://townofmarblehead-ma-ob.budget.socrata.com/#!/year/2026
BUDGETED ANNUAL FUNDS,WATER ENTERPRISE OPERATING,WATER,EXPENSES,SUPPLIES AND MATL,MISC OTHER SUPPLIES,operating,FY2026,6,68000.0,52665.58,68000.0,2026-06-10,https://townofmarblehead-ma-ob.budget.socrata.com/#!/year/2026
BUDGETED ANNUAL FUNDS,GENERAL FUND - SCHOOL,VILLAGE SCHOOL,UNDEFINED,OTHER SALARIES,SUBSTITUTES,operating,FY2026,6,67800.0,65216.06,0,2026-06-10,https://townofmarblehead-ma-ob.budget.socrata.com/#!/year/2026
BUDGETED ANNUAL FUNDS,GENERAL FUND - SCHOOL,MIDDLE SCHOOL,UNDEFINED,OTHER SALARIES,SUBSTITUTES,operating,FY2026,6,67800.0,62636.4,67800.0,2026-06-10,https://townofmarblehead-ma-ob.budget.socrata.com/#!/year/2026
BUDGETED ANNUAL FUNDS,GENERAL FUND - TOWN,COUNCIL ON AGING,SALARIES,PROFESSIONAL SALARY,OUTREACH WORKER,operating,FY2026,6,67557.0,64787.21,67557.0,2026-06-10,https://townofmarblehead-ma-ob.budget.socrata.com/#!/year/2026
BUDGETED ANNUAL FUNDS,GENERAL FUND - TAX ARTICLES,PUBLIC WORKS,ART 7 2024 LEASE PURCHASE,CAPITAL,MOTOR VEHICLE,operating,FY2026,6,67105.0,67104.52,67105.0,2026-06-10,https://townofmarblehead-ma-ob.budget.socrata.com/#!/year/2026
BUDGETED ANNUAL FUNDS,GENERAL FUND - TOWN,FIRE,SALARIES,PROFESSIONAL SALARY,ASSISTANT DIVISION HEAD,operating,FY2026,6,66442.0,65541.82,66442.0,2026-06-10,https://townofmarblehead-ma-ob.budget.socrata.com/#!/year/2026
BUDGETED ANNUAL FUNDS,GENERAL FUND - TOWN,STATE ASSESSMENTS,EXPENSES,GOVERNMENTAL,SCHOOL CHOICE ASSESSMENT,operating,FY2026,6,66431.0,66088.0,66431.0,2026-06-10,https://townofmarblehead-ma-ob.budget.socrata.com/#!/year/2026
OTHER FUNDS,BUNNY HANNAWAY SCHOLARSHIP,SELECT BOARD,UNDEFINED,OFU,BALANCE FORWARD,operating,FY2026,6,66350.34,0,63556.23,2026-06-10,https://townofmarblehead-ma-ob.budget.socrata.com/#!/year/2026
BUDGETED ANNUAL FUNDS,GENERAL FUND - TOWN,SELECT BOARD,EXPENSES,CONTRACTED SERVICES,ACCOUNTING,operating,FY2026,6,66000.0,0,66000.0,2026-06-10,https://townofmarblehead-ma-ob.budget.socrata.com/#!/year/2026
BUDGETED ANNUAL FUNDS,GENERAL FUND - TOWN,CEMETERY,SALARIES,PROFESSIONAL SALARY,HEAVY EQUIP OPERATOR,operating,FY2026,6,65691.0,64519.45,65691.0,2026-06-10,https://townofmarblehead-ma-ob.budget.socrata.com/#!/year/2026
BUDGETED ANNUAL FUNDS,GENERAL FUND - TOWN,CEMETERY,SALARIES,PROFESSIONAL SALARY,SENIOR CLERK,operating,FY2026,6,65691.0,64519.45,65691.0,2026-06-10,https://townofmarblehead-ma-ob.budget.socrata.com/#!/year/2026
BUDGETED ANNUAL FUNDS,GENERAL FUND - TOWN,HUMAN RESOURCES,SALARIES,PROFESSIONAL SALARY,ASSISTANT DIVISION HEAD,operating,FY2026,6,65607.0,37337.35,0,2026-06-10,https://townofmarblehead-ma-ob.budget.socrata.com/#!/year/2026
BUDGETED ANNUAL FUNDS,GENERAL FUND - TOWN,VETERANS SERVICES,VETERANS BENEFITS,OTHER EXPENSE,VETERANS BENEFITS,operating,FY2026,6,65000.0,34552.11,65000.0,2026-06-10,https://townofmarblehead-ma-ob.budget.socrata.com/#!/year/2026
BUDGETED ANNUAL FUNDS,WATER ENTERPRISE OPERATING,WATER,SALARIES,PROFESSIONAL SALARY,RETIREMENT INCENTIVE,operating,FY2026,6,65000.0,0,65000.0,2026-06-10,https://townofmarblehead-ma-ob.budget.socrata.com/#!/year/2026
BUDGETED ANNUAL FUNDS,SEWER ENTERPRISE OPERATING,SEWER,SALARIES,PROFESSIONAL SALARY,RETIREMENT INCENTIVE,operating,FY2026,6,65000.0,0,65000.0,2026-06-10,https://townofmarblehead-ma-ob.budget.socrata.com/#!/year/2026
OTHER FUNDS,MHC FORT SEWALL GRANT,SELECT BOARD,UNDEFINED,OFU,BALANCE FORWARD,operating,FY2026,6,65000.0,0,65000.0,2026-06-10,https://townofmarblehead-ma-ob.budget.socrata.com/#!/year/2026
BUDGETED ANNUAL FUNDS,GENERAL FUND - TOWN,COUNCIL ON AGING,SALARIES,PROFESSIONAL SALARY,TRANSPORTATION COORDINATOR,operating,FY2026,6,64739.0,60996.89,64739.0,2026-06-10,https://townofmarblehead-ma-ob.budget.socrata.com/#!/year/2026
BUDGETED ANNUAL FUNDS,GENERAL FUND - TOWN,CEMETERY,SALARIES,PROFESSIONAL SALARY,MECHANIC,operating,FY2026,6,64678.0,61521.14,64678.0,2026-06-10,https://townofmarblehead-ma-ob.budget.socrata.com/#!/year/2026
BUDGETED ANNUAL FUNDS,GENERAL FUND - TOWN,ABBOT LIBRARY,SALARIES,PROFESSIONAL SALARY,LIBRARY COORDINATOR,operating,FY2026,6,64542.0,86062.7,64542.0,2026-06-10,https://townofmarblehead-ma-ob.budget.socrata.com/#!/year/2026
BUDGETED ANNUAL FUNDS,GENERAL FUND - TOWN,ABBOT LIBRARY,SALARIES,PROFESSIONAL SALARY,PROGRAM VOLUNTEER COORDINATOR,operating,FY2026,6,64542.0,31995.86,64542.0,2026-06-10,https://townofmarblehead-ma-ob.budget.socrata.com/#!/year/2026
BUDGETED ANNUAL FUNDS,GENERAL FUND - TOWN,SELECT BOARD,SALARIES,PROFESSIONAL SALARY,SENIOR CLERK,operating,FY2026,6,64259.0,0,64259.0,2026-06-10,https://townofmarblehead-ma-ob.budget.socrata.com/#!/year/2026
BUDGETED ANNUAL FUNDS,GENERAL FUND - TOWN,ABBOT LIBRARY,SALARIES,PROFESSIONAL SALARY,ADULT LIBRARIAN,operating,FY2026,6,64123.0,54958.41,64123.0,2026-06-10,https://townofmarblehead-ma-ob.budget.socrata.com/#!/year/2026
BUDGETED ANNUAL FUNDS,SEWER ENTERPRISE OPERATING,SEWER,SALARIES,PROFESSIONAL SALARY,SPECIAL CLERK,operating,FY2026,6,63577.0,76375.45,63577.0,2026-06-10,https://townofmarblehead-ma-ob.budget.socrata.com/#!/year/2026
BUDGETED ANNUAL FUNDS,GENERAL FUND - TOWN,ABBOT LIBRARY,SALARIES,PROFESSIONAL SALARY,LIBRARY TECH ADMIN,operating,FY2026,6,63576.0,60034.05,63576.0,2026-06-10,https://townofmarblehead-ma-ob.budget.socrata.com/#!/year/2026
BUDGETED ANNUAL FUNDS,GENERAL FUND - TOWN,SELECT BOARD,EXPENSES,CONTRACTED SERVICES,LABOR ATTORNEY,operating,FY2026,6,63000.0,58907.77,63000.0,2026-06-10,https://townofmarblehead-ma-ob.budget.socrata.com/#!/year/2026
OTHER FUNDS,FIREWORKS DONATION FUND,SELECT BOARD,UNDEFINED,OFU,BALANCE FORWARD,operating,FY2026,6,62752.22,0,0,2026-06-10,https://townofmarblehead-ma-ob.budget.socrata.com/#!/year/2026
BUDGETED ANNUAL FUNDS,GENERAL FUND - TOWN,WASTE COLLECTION,SALARIES,PROFESSIONAL SALARY,SPECIAL CLERK,operating,FY2026,6,62330.0,60017.65,62330.0,2026-06-10,https://townofmarblehead-ma-ob.budget.socrata.com/#!/year/2026
BUDGETED ANNUAL FUNDS,GENERAL FUND - TOWN,ABBOT LIBRARY,SALARIES,PROFESSIONAL SALARY,LIBRARY PARAPROFESSIONAL,operating,FY2026,6,62196.0,58654.32,62196.0,2026-06-10,https://townofmarblehead-ma-ob.budget.socrata.com/#!/year/2026
OTHER FUNDS,ATHLETIC FUND,EDUCATION,UNDEFINED,OFU,BALANCE FORWARD,operating,FY2026,6,61221.14,0,0,2026-06-10,https://townofmarblehead-ma-ob.budget.socrata.com/#!/year/2026
BUDGETED ANNUAL FUNDS,GENERAL FUND - SCHOOL,HIGH SCHOOL,UNDEFINED,OTHER SALARIES,SUBSTITUTES,operating,FY2026,6,61200.0,56076.4,61200.0,2026-06-10,https://townofmarblehead-ma-ob.budget.socrata.com/#!/year/2026
BUDGETED ANNUAL FUNDS,WATER ENTERPRISE OPERATING,WATER,EXPENSES,CAPITAL,WATER IMPROVEMENTS,operating,FY2026,6,61200.0,3287.16,61200.0,2026-06-10,https://townofmarblehead-ma-ob.budget.socrata.com/#!/year/2026
BUDGETED ANNUAL FUNDS,GENERAL FUND - TOWN,PUBLIC WORKS,SALARIES,PROFESSIONAL SALARY,STAFF ENGINEER,operating,FY2026,6,61135.0,0,61135.0,2026-06-10,https://townofmarblehead-ma-ob.budget.socrata.com/#!/year/2026
BUDGETED ANNUAL FUNDS,WATER ENTERPRISE OPERATING,WATER,SALARIES,PROFESSIONAL SALARY,BILLING TECH,operating,FY2026,6,61000.0,60204.2,61000.0,2026-06-10,https://townofmarblehead-ma-ob.budget.socrata.com/#!/year/2026
OTHER FUNDS,HARBOR CAPITAL ARTICLES,HARBOR,HARBOR ACCESS GRANT,OFU,BALANCE FORWARD,operating,FY2026,6,60859.89,0,60859.89,2026-06-10,https://townofmarblehead-ma-ob.budget.socrata.com/#!/year/2026
OTHER FUNDS,VILLAGE STUDENT ACTIVITY FUND,VILLAGE SCHOOL,UNDEFINED,UNDEFINED,EXPENSES,operating,FY2026,6,60021.76,39376.31,50000.0,2026-06-10,https://townofmarblehead-ma-ob.budget.socrata.com/#!/year/2026
BUDGETED ANNUAL FUNDS,GENERAL FUND - TOWN,OTHER GOVERNMENTAL,STREET LIGHTING,CONTRACTED SERVICES,STREET LIGHTING,operating,FY2026,6,60000.0,52735.86,60000.0,2026-06-10,https://townofmarblehead-ma-ob.budget.socrata.com/#!/year/2026
BUDGETED ANNUAL FUNDS,GENERAL FUND - TOWN,PUBLIC WORKS,SALARIES,PROFESSIONAL SALARY,VACATION PAY/BONUS,operating,FY2026,6,60000.0,45971.73,60000.0,2026-06-10,https://townofmarblehead-ma-ob.budget.socrata.com/#!/year/2026
BUDGETED ANNUAL FUNDS,GENERAL FUND - TOWN,HEALTH,EXPENSES,CONTRACTED SERVICES,PSYCHOLOGICAL COUNSELING,operating,FY2026,6,60000.0,59019.39,60000.0,2026-06-10,https://townofmarblehead-ma-ob.budget.socrata.com/#!/year/2026
BUDGETED ANNUAL FUNDS,GENERAL FUND - TAX ARTICLES,EDUCATION,ATM25A8-SCH-GLOVER PLAYGROUND,CAPITAL,GROUND IMPROVEMENTS,operating,FY2026,6,60000.0,60000.0,0,2026-06-10,https://townofmarblehead-ma-ob.budget.socrata.com/#!/year/2026
OTHER FUNDS,CAUSEWAY ALLOCATION GRANT,SELECT BOARD,UNDEFINED,OFU,BALANCE FORWARD,operating,FY2026,6,59748.8,0,59748.8,2026-06-10,https://townofmarblehead-ma-ob.budget.socrata.com/#!/year/2026
BUDGETED ANNUAL FUNDS,GENERAL FUND - TOWN,POLICE,SALARIES,PROFESSIONAL SALARY,SPECIAL LABOR 1,operating,FY2026,6,59141.0,55830.61,59141.0,2026-06-10,https://townofmarblehead-ma-ob.budget.socrata.com/#!/year/2026
BUDGETED ANNUAL FUNDS,GENERAL FUND - TOWN,COUNCIL ON AGING,SALARIES,PROFESSIONAL SALARY,GEN'L LABOR/NUTR COORD,operating,FY2026,6,59118.0,56370.83,59118.0,2026-06-10,https://townofmarblehead-ma-ob.budget.socrata.com/#!/year/2026
BUDGETED ANNUAL FUNDS,GENERAL FUND - SCHOOL,HIGH SCHOOL,UNDEFINED,OTHER SALARIES,OTHER SALARIES,operating,FY2026,6,58887.0,55178.95,50674.0,2026-06-10,https://townofmarblehead-ma-ob.budget.socrata.com/#!/year/2026
BUDGETED ANNUAL FUNDS,GENERAL FUND - TOWN,ABBOT LIBRARY,SALARIES,PROFESSIONAL SALARY,LIBRARY TECH,operating,FY2026,6,57857.0,39814.16,57857.0,2026-06-10,https://townofmarblehead-ma-ob.budget.socrata.com/#!/year/2026
BUDGETED ANNUAL FUNDS,GENERAL FUND - TOWN,PUBLIC WORKS,EXPENSES,CONTRACTED SERVICES,OTHER PROF & TECHNICAL,operating,FY2026,6,57480.0,11480.25,57480.0,2026-06-10,https://townofmarblehead-ma-ob.budget.socrata.com/#!/year/2026
BUDGETED ANNUAL FUNDS,GENERAL FUND - SCHOOL,HIGH SCHOOL,UNDEFINED,OTHER SALARIES,ATHLETICS OFFICIALS SALARIES,operating,FY2026,6,57120.0,57030.0,67120.0,2026-06-10,https://townofmarblehead-ma-ob.budget.socrata.com/#!/year/2026
BUDGETED ANNUAL FUNDS,GENERAL FUND - TOWN,PUBLIC WORKS,EXPENSES,CONTRACTED SERVICES,R&M MOTOR VEHICLES,operating,FY2026,6,57000.0,20007.28,57000.0,2026-06-10,https://townofmarblehead-ma-ob.budget.socrata.com/#!/year/2026
BUDGETED ANNUAL FUNDS,GENERAL FUND - TOWN,PUBLIC BUILDINGS,EXPENSES,CONTRACTED SERVICES,R&M BUILDING AND GROUNDS,operating,FY2026,6,56000.0,31160.66,20000.0,2026-06-10,https://townofmarblehead-ma-ob.budget.socrata.com/#!/year/2026
OTHER FUNDS,SARAH ELLEN THOMPSON SCHOLAR,SELECT BOARD,UNDEFINED,OFU,BALANCE FORWARD,operating,FY2026,6,55197.83,0,52816.82,2026-06-10,https://townofmarblehead-ma-ob.budget.socrata.com/#!/year/2026
BUDGETED ANNUAL FUNDS,GENERAL FUND - TOWN,ABBOT LIBRARY,SALARIES,PROFESSIONAL SALARY,SENIOR LIBRARY ASSISTANT,operating,FY2026,6,55000.0,52315.28,55000.0,2026-06-10,https://townofmarblehead-ma-ob.budget.socrata.com/#!/year/2026
BUDGETED ANNUAL FUNDS,GENERAL FUND - TOWN,ABBOT LIBRARY,SALARIES,PROFESSIONAL SALARY,LIBRARY TECH SVCS ASSISTANT,operating,FY2026,6,53557.0,33407.14,53557.0,2026-06-10,https://townofmarblehead-ma-ob.budget.socrata.com/#!/year/2026
BUDGETED ANNUAL FUNDS,GENERAL FUND - SCHOOL,BROWN SCHOOL,UNDEFINED,SUPPLIES AND MATL,EDUCATIONAL SUPPLIES,operating,FY2026,6,53550.0,48963.26,53550.0,2026-06-10,https://townofmarblehead-ma-ob.budget.socrata.com/#!/year/2026
BUDGETED ANNUAL FUNDS,GENERAL FUND - TOWN,POLICE,SALARIES,PROFESSIONAL SALARY,INSPECTOR OT,operating,FY2026,6,53171.0,18630.41,53171.0,2026-06-10,https://townofmarblehead-ma-ob.budget.socrata.com/#!/year/2026
BUDGETED ANNUAL FUNDS,GENERAL FUND - TOWN,WASTE COLLECTION,SALARIES,PROFESSIONAL SALARY,TRANSFER STATION OPERATOR,operating,FY2026,6,53071.0,49641.09,53071.0,2026-06-10,https://townofmarblehead-ma-ob.budget.socrata.com/#!/year/2026
BUDGETED ANNUAL FUNDS,GENERAL FUND - TOWN,BUILDING INSPECTION,EXPENSES,CONTRACTED SERVICES,OTHER PROF & TECHNICAL,operating,FY2026,6,52500.0,32418.46,52500.0,2026-06-10,https://townofmarblehead-ma-ob.budget.socrata.com/#!/year/2026
BUDGETED ANNUAL FUNDS,GENERAL FUND - TOWN,WASTE COLLECTION,SALARIES,PROFESSIONAL SALARY,SCHEDULED OT,operating,FY2026,6,52196.0,21090.44,48696.0,2026-06-10,https://townofmarblehead-ma-ob.budget.socrata.com/#!/year/2026
OTHER FUNDS,SPIRIT OF 76 DONATION FUND,SELECT BOARD,UNDEFINED,OFU,BALANCE FORWARD,operating,FY2026,6,52099.81,0,51357.81,2026-06-10,https://townofmarblehead-ma-ob.budget.socrata.com/#!/year/2026
BUDGETED ANNUAL FUNDS,GENERAL FUND - SCHOOL,DISTRICTWIDE,UNDEFINED,CONTRACTED SERVICES,TELEPHONE,operating,FY2026,6,51816.0,42651.51,51816.0,2026-06-10,https://townofmarblehead-ma-ob.budget.socrata.com/#!/year/2026
BUDGETED ANNUAL FUNDS,WATER ENTERPRISE OPERATING,WATER,SALARIES,PROFESSIONAL SALARY,SPECIAL LABOR 1,operating,FY2026,6,51090.0,103353.46,51090.0,2026-06-10,https://townofmarblehead-ma-ob.budget.socrata.com/#!/year/2026
BUDGETED ANNUAL FUNDS,GENERAL FUND - TOWN,PUBLIC BUILDINGS,EXPENSES,CONTRACTED SERVICES,ELECTRICITY,operating,FY2026,6,51000.0,44842.43,51000.0,2026-06-10,https://townofmarblehead-ma-ob.budget.socrata.com/#!/year/2026
BUDGETED ANNUAL FUNDS,GENERAL FUND - SCHOOL,HIGH SCHOOL,UNDEFINED,OTHER SALARIES,ATHLETICS MEDICAL SALARIES,operating,FY2026,6,50388.0,17550.0,50388.0,2026-06-10,https://townofmarblehead-ma-ob.budget.socrata.com/#!/year/2026
OTHER FUNDS,GLOVER ESTATE MAINTENANCE FUND,SELECT BOARD,UNDEFINED,OFU,BALANCE FORWARD,operating,FY2026,6,50102.37,0,50102.37,2026-06-10,https://townofmarblehead-ma-ob.budget.socrata.com/#!/year/2026
BUDGETED ANNUAL FUNDS,GENERAL FUND - TOWN,OTHER GOVERNMENTAL,SALARY RESERVE,PROFESSIONAL SALARY,UNUSED SICK-LEAVE BUYBACK,operating,FY2026,6,50000.0,4928.66,50000.0,2026-06-10,https://townofmarblehead-ma-ob.budget.socrata.com/#!/year/2026
BUDGETED ANNUAL FUNDS,GENERAL FUND - TOWN,PUBLIC WORKS,EXPENSES,SUPPLIES AND MATL,GASOLINE UNLEADED,operating,FY2026,6,50000.0,13558.83,50000.0,2026-06-10,https://townofmarblehead-ma-ob.budget.socrata.com/#!/year/2026
BUDGETED ANNUAL FUNDS,WATER ENTERPRISE OPERATING,WATER,EXPENSES,CAPITAL,WATER METERS,operating,FY2026,6,50000.0,17133.12,50000.0,2026-06-10,https://townofmarblehead-ma-ob.budget.socrata.com/#!/year/2026
BUDGETED ANNUAL FUNDS,GENERAL FUND - TAX ARTICLES,PUBLIC WORKS,ATM25A9-WALLS AND FENCES,CAPITAL,WALLS & FENCES,operating,FY2026,6,50000.0,0,50000.0,2026-06-10,https://townofmarblehead-ma-ob.budget.socrata.com/#!/year/2026
OTHER FUNDS,ALL DAY KINDERGARTEN,EDUCATION,UNDEFINED,CONTRACTED SERVICES,PURCHASE SERVICES,operating,FY2026,6,50000.0,0,50000.0,2026-06-10,https://townofmarblehead-ma-ob.budget.socrata.com/#!/year/2026
OTHER FUNDS,ALL DAY KINDERGARTEN,EDUCATION,UNDEFINED,SUPPLIES AND MATL,SUPPLIES,operating,FY2026,6,50000.0,0,50000.0,2026-06-10,https://townofmarblehead-ma-ob.budget.socrata.com/#!/year/2026
OTHER FUNDS,SPED REVOLVING FUND,EDUCATION,UNDEFINED,SUPPLIES AND MATL,SUPPLIES,operating,FY2026,6,50000.0,0,50000.0,2026-06-10,https://townofmarblehead-ma-ob.budget.socrata.com/#!/year/2026
OTHER FUNDS,SCHOOL TUITION REVOLVING,EDUCATION,UNDEFINED,CONTRACTED SERVICES,PURCHASE SERVICES,operating,FY2026,6,50000.0,3134.86,50000.0,2026-06-10,https://townofmarblehead-ma-ob.budget.socrata.com/#!/year/2026
OTHER FUNDS,SCHOOL TUITION REVOLVING,EDUCATION,UNDEFINED,SUPPLIES AND MATL,SUPPLIES,operating,FY2026,6,50000.0,13305.35,50000.0,2026-06-10,https://townofmarblehead-ma-ob.budget.socrata.com/#!/year/2026
OTHER FUNDS,SCHOOL USER FEES,EDUCATION,UNDEFINED,CONTRACTED SERVICES,PURCHASE SERVICES,operating,FY2026,6,50000.0,14947.57,50000.0,2026-06-10,https://townofmarblehead-ma-ob.budget.socrata.com/#!/year/2026
OTHER FUNDS,SCHOOL USER FEES,EDUCATION,UNDEFINED,OTHER EXPENSE,OTHER EXPENSES,operating,FY2026,6,50000.0,0,50000.0,2026-06-10,https://townofmarblehead-ma-ob.budget.socrata.com/#!/year/2026
OTHER FUNDS,SCHOOL USER FEES,EDUCATION,UNDEFINED,SUPPLIES AND MATL,SUPPLIES,operating,FY2026,6,50000.0,0,50000.0,2026-06-10,https://townofmarblehead-ma-ob.budget.socrata.com/#!/year/2026
OTHER FUNDS,SCHOOL BUILDING RENTAL,EDUCATION,UNDEFINED,CONTRACTED SERVICES,PURCHASE SERVICES,operating,FY2026,6,50000.0,20678.0,50000.0,2026-06-10,https://townofmarblehead-ma-ob.budget.socrata.com/#!/year/2026
OTHER FUNDS,SCHOOL BUILDING RENTAL,EDUCATION,UNDEFINED,SUPPLIES AND MATL,SUPPLIES,operating,FY2026,6,50000.0,0,50000.0,2026-06-10,https://townofmarblehead-ma-ob.budget.socrata.com/#!/year/2026
OTHER FUNDS,ATHLETIC FUND,EDUCATION,UNDEFINED,CONTRACTED SERVICES,PURCHASE SERVICES,operating,FY2026,6,50000.0,0,50000.0,2026-06-10,https://townofmarblehead-ma-ob.budget.socrata.com/#!/year/2026
OTHER FUNDS,ATHLETIC FUND,EDUCATION,UNDEFINED,OTHER EXPENSE,OTHER EXPENSES,operating,FY2026,6,50000.0,0,50000.0,2026-06-10,https://townofmarblehead-ma-ob.budget.socrata.com/#!/year/2026
OTHER FUNDS,ATHLETIC FUND,EDUCATION,UNDEFINED,SUPPLIES AND MATL,SUPPLIES,operating,FY2026,6,50000.0,0,50000.0,2026-06-10,https://townofmarblehead-ma-ob.budget.socrata.com/#!/year/2026
OTHER FUNDS,VETERANS SCHOOL DONATION,EDUCATION,UNDEFINED,CONTRACTED SERVICES,PURCHASE SERVICES,operating,FY2026,6,50000.0,0,50000.0,2026-06-10,https://townofmarblehead-ma-ob.budget.socrata.com/#!/year/2026
OTHER FUNDS,METCO DONATION,EDUCATION,UNDEFINED,CONTRACTED SERVICES,PURCHASE SERVICES,operating,FY2026,6,50000.0,0,50000.0,2026-06-10,https://townofmarblehead-ma-ob.budget.socrata.com/#!/year/2026
OTHER FUNDS,YOUTH BASEBALL DONATION FUND,PARKS & RECREATION,UNDEFINED,OFU,BALANCE FORWARD,operating,FY2026,6,50000.0,0,50000.0,2026-06-10,https://townofmarblehead-ma-ob.budget.socrata.com/#!/year/2026
BUDGETED ANNUAL FUNDS,GENERAL FUND - TOWN,SNOW REMOVAL,SALARIES,PROFESSIONAL SALARY,OVERTIME,operating,FY2026,6,49900.0,257969.74,49900.0,2026-06-10,https://townofmarblehead-ma-ob.budget.socrata.com/#!/year/2026
OTHER FUNDS,FRED L WOODS CHARITY,SELECT BOARD,UNDEFINED,OFU,BALANCE FORWARD,operating,FY2026,6,49724.83,0,48662.49,2026-06-10,https://townofmarblehead-ma-ob.budget.socrata.com/#!/year/2026
BUDGETED ANNUAL FUNDS,WATER ENTERPRISE OPERATING,WATER,SALARIES,PROFESSIONAL SALARY,SCHEDULED OT,operating,FY2026,6,49440.0,28906.58,49440.0,2026-06-10,https://townofmarblehead-ma-ob.budget.socrata.com/#!/year/2026
BUDGETED ANNUAL FUNDS,GENERAL FUND - TOWN,PUBLIC WORKS,EXPENSES,CONTRACTED SERVICES,R&M OTHER EQUIPMENT,operating,FY2026,6,49200.0,6311.84,49200.0,2026-06-10,https://townofmarblehead-ma-ob.budget.socrata.com/#!/year/2026
BUDGETED ANNUAL FUNDS,GENERAL FUND - TOWN,FIRE,EXPENSES,CONTRACTED SERVICES,R&M MOTOR VEHICLES,operating,FY2026,6,48924.0,86770.52,48924.0,2026-06-10,https://townofmarblehead-ma-ob.budget.socrata.com/#!/year/2026
BUDGETED ANNUAL FUNDS,GENERAL FUND - SCHOOL,VILLAGE SCHOOL,UNDEFINED,OTHER SALARIES,OTHER SALARIES - STIPENDS,operating,FY2026,6,48813.0,33122.4,0,2026-06-10,https://townofmarblehead-ma-ob.budget.socrata.com/#!/year/2026
BUDGETED ANNUAL FUNDS,GENERAL FUND - TOWN,FINANCE,SALARIES,PROFESSIONAL SALARY,ASSISTANT DIVISION HEAD,operating,FY2026,6,48208.69,41082.19,0,2026-06-10,https://townofmarblehead-ma-ob.budget.socrata.com/#!/year/2026
BUDGETED ANNUAL FUNDS,GENERAL FUND - TOWN,ABBOT LIBRARY,EXPENSES,CONTRACTED SERVICES,NOBLE SERVICES,operating,FY2026,6,48173.0,48173.0,48173.0,2026-06-10,https://townofmarblehead-ma-ob.budget.socrata.com/#!/year/2026
BUDGETED ANNUAL FUNDS,GENERAL FUND - TOWN,POLICE,SALARIES,PROFESSIONAL SALARY,POLICE DEFIBR STIPEND,operating,FY2026,6,47539.0,42475.55,47539.0,2026-06-10,https://townofmarblehead-ma-ob.budget.socrata.com/#!/year/2026
BUDGETED ANNUAL FUNDS,GENERAL FUND - TOWN,PUBLIC WORKS,SALARIES,OTHER EXPENSE,SICK OWED RETIREMENT,operating,FY2026,6,47000.0,30250.88,47000.0,2026-06-10,https://townofmarblehead-ma-ob.budget.socrata.com/#!/year/2026
BUDGETED ANNUAL FUNDS,GENERAL FUND - TOWN,ABBOT LIBRARY,EXPENSES,CONTRACTED SERVICES,ELECTRICITY,operating,FY2026,6,46751.0,52493.33,46751.0,2026-06-10,https://townofmarblehead-ma-ob.budget.socrata.com/#!/year/2026
OTHER FUNDS,APLF FUND,ABBOT LIBRARY,UNDEFINED,OFU,BALANCE FORWARD,operating,FY2026,6,46629.26,0,1629.26,2026-06-10,https://townofmarblehead-ma-ob.budget.socrata.com/#!/year/2026
BUDGETED ANNUAL FUNDS,GENERAL FUND - TOWN,STATE ASSESSMENTS,EXPENSES,GOVERNMENTAL,MOSQUITO CONTROL PROJECTS,operating,FY2026,6,46138.0,30760.0,46138.0,2026-06-10,https://townofmarblehead-ma-ob.budget.socrata.com/#!/year/2026
BUDGETED ANNUAL FUNDS,GENERAL FUND - TOWN,FIRE,SALARIES,PROFESSIONAL SALARY,NIGHT DIFF,operating,FY2026,6,46123.0,44490.85,46123.0,2026-06-10,https://townofmarblehead-ma-ob.budget.socrata.com/#!/year/2026
OTHER FUNDS,A36 2018 ABBOT HALL TOWER,SELECT BOARD,UNDEFINED,CAPITAL,BUILDING IMPROVEMENTS,operating,FY2026,6,46069.22,0,46069.22,2026-06-10,https://townofmarblehead-ma-ob.budget.socrata.com/#!/year/2026
BUDGETED ANNUAL FUNDS,GENERAL FUND - TOWN,PUBLIC WORKS,EXPENSES,SUPPLIES AND MATL,DIESEL FUEL,operating,FY2026,6,46000.0,18725.92,46000.0,2026-06-10,https://townofmarblehead-ma-ob.budget.socrata.com/#!/year/2026
BUDGETED ANNUAL FUNDS,GENERAL FUND - TAX ARTICLES,POLICE,ATM25A7-POL-2 FORD HYBRIDS,CAPITAL,MOTOR VEHICLE,operating,FY2026,6,45593.0,45592.35,0,2026-06-10,https://townofmarblehead-ma-ob.budget.socrata.com/#!/year/2026
BUDGETED ANNUAL FUNDS,GENERAL FUND - SCHOOL,GLOVER SCHOOL,UNDEFINED,SUPPLIES AND MATL,EDUCATIONAL SUPPLIES,operating,FY2026,6,45190.0,31953.9,52840.0,2026-06-10,https://townofmarblehead-ma-ob.budget.socrata.com/#!/year/2026
BUDGETED ANNUAL FUNDS,GENERAL FUND - TOWN,PUBLIC WORKS,SALARIES,PROFESSIONAL SALARY,SPECIAL LABOR I,operating,FY2026,6,45000.0,53856.69,45000.0,2026-06-10,https://townofmarblehead-ma-ob.budget.socrata.com/#!/year/2026
BUDGETED ANNUAL FUNDS,GENERAL FUND - TOWN,PARKS & RECREATION,EXPENSES,CONTRACTED SERVICES,OTHER PROF & TECHNICAL,operating,FY2026,6,45000.0,31956.08,45000.0,2026-06-10,https://townofmarblehead-ma-ob.budget.socrata.com/#!/year/2026
BUDGETED ANNUAL FUNDS,GENERAL FUND - TOWN,PARKS & RECREATION,EXPENSES,SUPPLIES AND MATL,LANDSCAPING SUPPLIES,operating,FY2026,6,45000.0,28122.6,45000.0,2026-06-10,https://townofmarblehead-ma-ob.budget.socrata.com/#!/year/2026
BUDGETED ANNUAL FUNDS,SEWER ENTERPRISE OPERATING,SEWER,EXPENSES,CAPITAL,WATER METERS,operating,FY2026,6,45000.0,13206.2,45000.0,2026-06-10,https://townofmarblehead-ma-ob.budget.socrata.com/#!/year/2026
BUDGETED ANNUAL FUNDS,GENERAL FUND - SCHOOL,HIGH SCHOOL,UNDEFINED,CONTRACTED SERVICES,PROFESSIONAL & TECHNICAL,operating,FY2026,6,43554.0,40389.43,43554.0,2026-06-10,https://townofmarblehead-ma-ob.budget.socrata.com/#!/year/2026
BUDGETED ANNUAL FUNDS,GENERAL FUND - TAX ARTICLES,FINANCE,ART 10 2022 LEASE PURCHASE,CAPITAL,MOTOR VEHICLE,operating,FY2026,6,42825.06,0,42825.06,2026-06-10,https://townofmarblehead-ma-ob.budget.socrata.com/#!/year/2026
BUDGETED ANNUAL FUNDS,GENERAL FUND - TOWN,HEALTH,SALARIES,PROFESSIONAL SALARY,DEPARTMENT HEAD,operating,FY2026,6,42604.0,39520.19,42604.0,2026-06-10,https://townofmarblehead-ma-ob.budget.socrata.com/#!/year/2026
OTHER FUNDS,STREET OPENNING REVOLVING,PUBLIC WORKS,UNDEFINED,OFU,BALANCE FORWARD,operating,FY2026,6,42420.0,0,534314.65,2026-06-10,https://townofmarblehead-ma-ob.budget.socrata.com/#!/year/2026
BUDGETED ANNUAL FUNDS,GENERAL FUND - TOWN,ABBOT LIBRARY,EXPENSES,CONTRACTED SERVICES,R&M BUILDING AND GROUNDS,operating,FY2026,6,42187.0,36216.2,42187.0,2026-06-10,https://townofmarblehead-ma-ob.budget.socrata.com/#!/year/2026
BUDGETED ANNUAL FUNDS,GENERAL FUND - TOWN,FINANCE,EXPENSES,CAPITAL,COMPUTER EQUIPMENT,operating,FY2026,6,41927.0,5731.32,41927.0,2026-06-10,https://townofmarblehead-ma-ob.budget.socrata.com/#!/year/2026
BUDGETED ANNUAL FUNDS,GENERAL FUND - SCHOOL,HIGH SCHOOL,UNDEFINED,OTHER EXPENSE,EDUCATIONAL SOFTWARE,operating,FY2026,6,41673.0,35682.0,41673.0,2026-06-10,https://townofmarblehead-ma-ob.budget.socrata.com/#!/year/2026
OTHER FUNDS,HOSP DONATION-UNRESTRICTED,SELECT BOARD,UNDEFINED,OFU,BALANCE FORWARD,operating,FY2026,6,41023.23,0,39614.22,2026-06-10,https://townofmarblehead-ma-ob.budget.socrata.com/#!/year/2026
OTHER FUNDS,"INSURANCE REIMBURS <$150,000",FIRE,UNDEFINED,OFU,BALANCE FORWARD,operating,FY2026,6,40627.28,0,29262.35,2026-06-10,https://townofmarblehead-ma-ob.budget.socrata.com/#!/year/2026
OTHER FUNDS,A11 2022 CAPITAL IMPROVEMENT,POLICE,UNDEFINED,CAPITAL,BLDG IMPROV - POLICE ROOF,operating,FY2026,6,40460.39,0,40460.39,2026-06-10,https://townofmarblehead-ma-ob.budget.socrata.com/#!/year/2026
BUDGETED ANNUAL FUNDS,GENERAL FUND - TOWN,POLICE,EXPENSES,SUPPLIES AND MATL,GASOLINE UNLEADED,operating,FY2026,6,40123.0,30090.5,40123.0,2026-06-10,https://townofmarblehead-ma-ob.budget.socrata.com/#!/year/2026
BUDGETED ANNUAL FUNDS,GENERAL FUND - TOWN,FINANCE,EXPENSES,CONTRACTED SERVICES,OTHER PROF & TECHNICAL,operating,FY2026,6,40000.0,180164.13,40000.0,2026-06-10,https://townofmarblehead-ma-ob.budget.socrata.com/#!/year/2026
BUDGETED ANNUAL FUNDS,GENERAL FUND - TOWN,FINANCE,EXPENSES,CONTRACTED SERVICES,POSTAGE,operating,FY2026,6,40000.0,41802.77,40000.0,2026-06-10,https://townofmarblehead-ma-ob.budget.socrata.com/#!/year/2026
OTHER FUNDS,KILLAM MEMORIAL FUND-LIBRARY,ABBOT LIBRARY,UNDEFINED,OFU,BALANCE FORWARD,operating,FY2026,6,39805.76,0,36349.02,2026-06-10,https://townofmarblehead-ma-ob.budget.socrata.com/#!/year/2026
BUDGETED ANNUAL FUNDS,GENERAL FUND - TAX ARTICLES,PUBLIC WORKS,ATM25A7-DPW-BUCKET LIFT TRUCK,CAPITAL,PUBLIC WORKS EQUIPMENT,operating,FY2026,6,39263.0,39262.94,0,2026-06-10,https://townofmarblehead-ma-ob.budget.socrata.com/#!/year/2026
OTHER FUNDS,EOHHS COVID EMERGENCY GRANT,HEALTH,UNDEFINED,OFU,BALANCE FORWARD,operating,FY2026,6,39225.65,0,39225.65,2026-06-10,https://townofmarblehead-ma-ob.budget.socrata.com/#!/year/2026
BUDGETED ANNUAL FUNDS,GENERAL FUND - TOWN,FIRE,EXPENSES,PROFESSIONAL SALARY,UNIFORM ALLOWANCE,operating,FY2026,6,38749.0,39000.0,38749.0,2026-06-10,https://townofmarblehead-ma-ob.budget.socrata.com/#!/year/2026
BUDGETED ANNUAL FUNDS,GENERAL FUND - TAX ARTICLES,PARKS & RECREATION,ATM25A7-P&R-WIDE AREA MOWER,CAPITAL,OTHER EQUIPMENT,operating,FY2026,6,38306.0,38305.07,0,2026-06-10,https://townofmarblehead-ma-ob.budget.socrata.com/#!/year/2026
OTHER FUNDS,OSCAR S HODGKINS HOSPITAL,SELECT BOARD,UNDEFINED,OFU,BALANCE FORWARD,operating,FY2026,6,37815.66,0,36516.83,2026-06-10,https://townofmarblehead-ma-ob.budget.socrata.com/#!/year/2026
BUDGETED ANNUAL FUNDS,GENERAL FUND - TOWN,PUBLIC WORKS,SALARIES,PROFESSIONAL SALARY,OVERTIME,operating,FY2026,6,37522.0,27673.28,34522.0,2026-06-10,https://townofmarblehead-ma-ob.budget.socrata.com/#!/year/2026
BUDGETED ANNUAL FUNDS,GENERAL FUND - TOWN,FIRE,SALARIES,PROFESSIONAL SALARY,INCENTIVE,operating,FY2026,6,37519.0,39262.8,37519.0,2026-06-10,https://townofmarblehead-ma-ob.budget.socrata.com/#!/year/2026
BUDGETED ANNUAL FUNDS,GENERAL FUND - TOWN,HEALTH,SALARIES,PROFESSIONAL SALARY,SENIOR CLERK,operating,FY2026,6,37442.0,29964.06,31942.0,2026-06-10,https://townofmarblehead-ma-ob.budget.socrata.com/#!/year/2026
BUDGETED ANNUAL FUNDS,GENERAL FUND - TOWN,WASTE COLLECTION,SALARIES,PROFESSIONAL SALARY,SENIOR CLERK,operating,FY2026,6,37441.0,29964.06,31941.0,2026-06-10,https://townofmarblehead-ma-ob.budget.socrata.com/#!/year/2026
BUDGETED ANNUAL FUNDS,GENERAL FUND - TOWN,ABBOT LIBRARY,SALARIES,PROFESSIONAL SALARY,TEMPORY LIBRARY ASSISTANT,operating,FY2026,6,37306.0,25365.47,37306.0,2026-06-10,https://townofmarblehead-ma-ob.budget.socrata.com/#!/year/2026
OTHER FUNDS,NONEXPEND TRUST-UNALLOCATED,UNASSIGNED,UNDEFINED,OFU,BALANCE FORWARD,operating,FY2026,6,36582.08,0,0,2026-06-10,https://townofmarblehead-ma-ob.budget.socrata.com/#!/year/2026
BUDGETED ANNUAL FUNDS,GENERAL FUND - TOWN,FIRE,EXPENSES,OTHER EXPENSE,SUBSCRIPTIONS,operating,FY2026,6,36031.0,13620.31,36031.0,2026-06-10,https://townofmarblehead-ma-ob.budget.socrata.com/#!/year/2026
BUDGETED ANNUAL FUNDS,GENERAL FUND - TOWN,WASTE COLLECTION,SALARIES,PROFESSIONAL SALARY,OVERTIME,operating,FY2026,6,35964.0,45653.84,32464.0,2026-06-10,https://townofmarblehead-ma-ob.budget.socrata.com/#!/year/2026
BUDGETED ANNUAL FUNDS,GENERAL FUND - TOWN,POLICE,SALARIES,PROFESSIONAL SALARY,IN-SERVICE TRAINING,operating,FY2026,6,35904.0,22463.68,35904.0,2026-06-10,https://townofmarblehead-ma-ob.budget.socrata.com/#!/year/2026
BUDGETED ANNUAL FUNDS,GENERAL FUND - SCHOOL,DISTRICTWIDE,UNDEFINED,OTHER SALARIES,OTHER SALARIES - STIPENDS,operating,FY2026,6,35800.0,26412.0,0,2026-06-10,https://townofmarblehead-ma-ob.budget.socrata.com/#!/year/2026
BUDGETED ANNUAL FUNDS,GENERAL FUND - TOWN,FIRE,SALARIES,PROFESSIONAL SALARY,LONGEVITY,operating,FY2026,6,35765.0,27884.72,35765.0,2026-06-10,https://townofmarblehead-ma-ob.budget.socrata.com/#!/year/2026
OTHER FUNDS,APRIL 2007 STORM,FINANCE,UNDEFINED,OFU,BALANCE FORWARD,operating,FY2026,6,35366.17,0,35366.17,2026-06-10,https://townofmarblehead-ma-ob.budget.socrata.com/#!/year/2026
BUDGETED ANNUAL FUNDS,GENERAL FUND - TOWN,PUBLIC BUILDINGS,EXPENSES,CONTRACTED SERVICES,GAS USED FOR HEAT,operating,FY2026,6,35000.0,36114.8,35000.0,2026-06-10,https://townofmarblehead-ma-ob.budget.socrata.com/#!/year/2026
OTHER FUNDS,POLICE DUTY FIREARMS GRANT,POLICE,UNDEFINED,SUPPLIES AND MATL,FIREARMS,operating,FY2026,6,35000.0,0,0,2026-06-10,https://townofmarblehead-ma-ob.budget.socrata.com/#!/year/2026
BUDGETED ANNUAL FUNDS,GENERAL FUND - TAX ARTICLES,EDUCATION,ATM25A7-SCH-7D VAN,CAPITAL,MOTOR VEHICLE,operating,FY2026,6,34385.0,34385.0,0,2026-06-10,https://townofmarblehead-ma-ob.budget.socrata.com/#!/year/2026
OTHER FUNDS,NICHOLS AND GRAY HOSPITAL,SELECT BOARD,UNDEFINED,OFU,BALANCE FORWARD,operating,FY2026,6,34253.9,0,34246.8,2026-06-10,https://townofmarblehead-ma-ob.budget.socrata.com/#!/year/2026
BUDGETED ANNUAL FUNDS,GENERAL FUND - TOWN,FIRE,EXPENSES,SUPPLIES AND MATL,UNIFORMS/PROTECTIVE CLOTHING,operating,FY2026,6,34020.0,6208.16,34020.0,2026-06-10,https://townofmarblehead-ma-ob.budget.socrata.com/#!/year/2026
OTHER FUNDS,STATE 911 TRAINING GRANT,POLICE,UNDEFINED,PROFESSIONAL SALARY,IN-SERVICE TRAINING,operating,FY2026,6,33695.48,4772.0,33695.48,2026-06-10,https://townofmarblehead-ma-ob.budget.socrata.com/#!/year/2026
BUDGETED ANNUAL FUNDS,SEWER ENTERPRISE OPERATING,SEWER,SALARIES,PROFESSIONAL SALARY,SCHEDULED OT,operating,FY2026,6,33600.0,29190.54,33600.0,2026-06-10,https://townofmarblehead-ma-ob.budget.socrata.com/#!/year/2026
BUDGETED ANNUAL FUNDS,GENERAL FUND - TAX ARTICLES,FINANCE,ART 10 2023 LEASE PURCHASE,CAPITAL,MOTOR VEHICLE,operating,FY2026,6,32531.23,0,32531.23,2026-06-10,https://townofmarblehead-ma-ob.budget.socrata.com/#!/year/2026
BUDGETED ANNUAL FUNDS,GENERAL FUND - TOWN,FINANCE,EXPENSES,CONTRACTED SERVICES,TELEPHONE,operating,FY2026,6,32510.0,215.82,32510.0,2026-06-10,https://townofmarblehead-ma-ob.budget.socrata.com/#!/year/2026
BUDGETED ANNUAL FUNDS,WATER ENTERPRISE OPERATING,WATER,SALARIES,PROFESSIONAL SALARY,STAND BY PAY,operating,FY2026,6,32300.0,36550.0,32300.0,2026-06-10,https://townofmarblehead-ma-ob.budget.socrata.com/#!/year/2026
BUDGETED ANNUAL FUNDS,SEWER ENTERPRISE OPERATING,SEWER,SALARIES,PROFESSIONAL SALARY,STAND BY PAY,operating,FY2026,6,32300.0,34465.0,32300.0,2026-06-10,https://townofmarblehead-ma-ob.budget.socrata.com/#!/year/2026
BUDGETED ANNUAL FUNDS,GENERAL FUND - TAX ARTICLES,EDUCATION,ATM25A7-SCH-LARGE BUS,CAPITAL,MOTOR VEHICLE,operating,FY2026,6,32207.0,32206.92,0,2026-06-10,https://townofmarblehead-ma-ob.budget.socrata.com/#!/year/2026
BUDGETED ANNUAL FUNDS,GENERAL FUND - TOWN,ABBOT LIBRARY,SALARIES,PROFESSIONAL SALARY,ADULT PAGE,operating,FY2026,6,32103.0,25638.75,32103.0,2026-06-10,https://townofmarblehead-ma-ob.budget.socrata.com/#!/year/2026
BUDGETED ANNUAL FUNDS,WATER ENTERPRISE OPERATING,WATER,SALARIES,PROFESSIONAL SALARY,GIS FIELD TECHNICIAN,operating,FY2026,6,32103.0,33050.89,32103.0,2026-06-10,https://townofmarblehead-ma-ob.budget.socrata.com/#!/year/2026
BUDGETED ANNUAL FUNDS,SEWER ENTERPRISE OPERATING,SEWER,SALARIES,PROFESSIONAL SALARY,GIS FIELD TECHNICIAN,operating,FY2026,6,32103.0,31719.66,32103.0,2026-06-10,https://townofmarblehead-ma-ob.budget.socrata.com/#!/year/2026
BUDGETED ANNUAL FUNDS,WATER ENTERPRISE OPERATING,WATER,EXPENSES,CAPITAL,OTHER EQUIPMENT,operating,FY2026,6,32000.0,10393.88,32000.0,2026-06-10,https://townofmarblehead-ma-ob.budget.socrata.com/#!/year/2026
BUDGETED ANNUAL FUNDS,GENERAL FUND - SCHOOL,MIDDLE SCHOOL,UNDEFINED,SUPPLIES AND MATL,EDUCATIONAL SUPPLIES,operating,FY2026,6,31633.0,26325.61,31633.0,2026-06-10,https://townofmarblehead-ma-ob.budget.socrata.com/#!/year/2026
OTHER FUNDS,HISTORCIAL COMM GIFT SHOP,HISTORICAL COMMISSION,UNDEFINED,OTHER EXPENSE,OTHER MISC EXPENSE,operating,FY2026,6,31266.64,4089.04,0,2026-06-10,https://townofmarblehead-ma-ob.budget.socrata.com/#!/year/2026
BUDGETED ANNUAL FUNDS,GENERAL FUND - SCHOOL,DISTRICTWIDE,UNDEFINED,SUPPLIES AND MATL,TECHNOLOGY EQUIPMENT,operating,FY2026,6,31000.0,27752.4,31000.0,2026-06-10,https://townofmarblehead-ma-ob.budget.socrata.com/#!/year/2026
BUDGETED ANNUAL FUNDS,WATER ENTERPRISE OPERATING,WATER,EXPENSES,CONTRACTED SERVICES,ELECT PWR-PUMPING STATIONS,operating,FY2026,6,31000.0,25544.1,31000.0,2026-06-10,https://townofmarblehead-ma-ob.budget.socrata.com/#!/year/2026
BUDGETED ANNUAL FUNDS,GENERAL FUND - SCHOOL,BROWN SCHOOL,UNDEFINED,OTHER SALARIES,SUBSTITUTES,operating,FY2026,6,30600.0,27818.2,0,2026-06-10,https://townofmarblehead-ma-ob.budget.socrata.com/#!/year/2026
BUDGETED ANNUAL FUNDS,GENERAL FUND - SCHOOL,GLOVER SCHOOL,UNDEFINED,OTHER SALARIES,SUBSTITUTES,operating,FY2026,6,30600.0,15300.01,0,2026-06-10,https://townofmarblehead-ma-ob.budget.socrata.com/#!/year/2026
BUDGETED ANNUAL FUNDS,GENERAL FUND - SCHOOL,MIDDLE SCHOOL,UNDEFINED,OTHER SALARIES,OTHER SALARIES - STIPENDS,operating,FY2026,6,30508.0,12678.71,0,2026-06-10,https://townofmarblehead-ma-ob.budget.socrata.com/#!/year/2026
BUDGETED ANNUAL FUNDS,GENERAL FUND - SCHOOL,GLOVER SCHOOL,UNDEFINED,OTHER SALARIES,OTHER SALARIES - STIPENDS,operating,FY2026,6,30508.0,20021.0,0,2026-06-10,https://townofmarblehead-ma-ob.budget.socrata.com/#!/year/2026
BUDGETED ANNUAL FUNDS,GENERAL FUND - TOWN,POLICE,SALARIES,OTHER EXPENSE,SICK OWED RETIREMENT,operating,FY2026,6,30000.0,30000.0,30000.0,2026-06-10,https://townofmarblehead-ma-ob.budget.socrata.com/#!/year/2026
BUDGETED ANNUAL FUNDS,GENERAL FUND - TOWN,PUBLIC WORKS,EXPENSES,CONTRACTED SERVICES,ELECTRICITY,operating,FY2026,6,30000.0,15471.24,30000.0,2026-06-10,https://townofmarblehead-ma-ob.budget.socrata.com/#!/year/2026
BUDGETED ANNUAL FUNDS,GENERAL FUND - TOWN,PUBLIC WORKS,PW MAINTAIN STREETS & SIDEWALK,SUPPLIES AND MATL,PAVEMENT MARKING SUPPLIES,operating,FY2026,6,30000.0,0,30000.0,2026-06-10,https://townofmarblehead-ma-ob.budget.socrata.com/#!/year/2026
BUDGETED ANNUAL FUNDS,GENERAL FUND - TOWN,ASSESSORS,EXPENSES,CONTRACTED SERVICES,INFORMATION TECHNOLOGY,operating,FY2026,6,30000.0,1496.0,30000.0,2026-06-10,https://townofmarblehead-ma-ob.budget.socrata.com/#!/year/2026
OTHER FUNDS,DISTRICT DONATION,EDUCATION,UNDEFINED,CONTRACTED SERVICES,PURCHASE SERVICES,operating,FY2026,6,30000.0,0,30000.0,2026-06-10,https://townofmarblehead-ma-ob.budget.socrata.com/#!/year/2026
OTHER FUNDS,GLOVER STUDENT ACTIVITY,GLOVER SCHOOL,UNDEFINED,UNDEFINED,EXPENSES,operating,FY2026,6,29922.77,6115.0,25000.0,2026-06-10,https://townofmarblehead-ma-ob.budget.socrata.com/#!/year/2026
BUDGETED ANNUAL FUNDS,GENERAL FUND - TAX ARTICLES,EDUCATION,ART 7 2024 LEASE PURCHASE,CAPITAL,MOTOR VEHICLE,operating,FY2026,6,29920.55,0,29920.55,2026-06-10,https://townofmarblehead-ma-ob.budget.socrata.com/#!/year/2026
BUDGETED ANNUAL FUNDS,GENERAL FUND - TAX ARTICLES,WASTE COLLECTION,ATM25A7-WASTE-BACKHOE LEASE,CAPITAL,MOTOR VEHICLE,operating,FY2026,6,29917.0,29916.06,0,2026-06-10,https://townofmarblehead-ma-ob.budget.socrata.com/#!/year/2026
OTHER FUNDS,COMMERCIAL WASTE COLL REVOLV,WASTE COLLECTION,UNDEFINED,OFU,TRANSFER TO GENERAL FUND,operating,FY2026,6,29917.0,29917.0,29917.0,2026-06-10,https://townofmarblehead-ma-ob.budget.socrata.com/#!/year/2026
OTHER FUNDS,HARBOR CAPITAL ARTICLES,HARBOR,HARBOR CAPITAL OUTLAYS,CAPITAL,WATERFRONT IMPROVEMENTS,operating,FY2026,6,29892.8,14725.72,29892.8,2026-06-10,https://townofmarblehead-ma-ob.budget.socrata.com/#!/year/2026
BUDGETED ANNUAL FUNDS,SEWER ENTERPRISE OPERATING,SEWER,SALARIES,PROFESSIONAL SALARY,MECHANIC PIPEFITTER II,operating,FY2026,6,29808.0,0,29808.0,2026-06-10,https://townofmarblehead-ma-ob.budget.socrata.com/#!/year/2026
BUDGETED ANNUAL FUNDS,GENERAL FUND - SCHOOL,DISTRICTWIDE,UNDEFINED,OTHER EXPENSE,INSURANCE PREMIUMS,operating,FY2026,6,29641.0,29640.0,0,2026-06-10,https://townofmarblehead-ma-ob.budget.socrata.com/#!/year/2026
OTHER FUNDS,HARBOR CAPITAL ARTICLES,HARBOR,HARBOR CAPITAL OUTLAY FY18,CAPITAL,WATERFRONT IMPROVEMENTS,operating,FY2026,6,29437.43,0,29437.43,2026-06-10,https://townofmarblehead-ma-ob.budget.socrata.com/#!/year/2026
BUDGETED ANNUAL FUNDS,WATER ENTERPRISE OPERATING,WATER,EXPENSES,CONTRACTED SERVICES,R&M MOTOR VEHICLES,operating,FY2026,6,29000.0,7846.78,29000.0,2026-06-10,https://townofmarblehead-ma-ob.budget.socrata.com/#!/year/2026
OTHER FUNDS,METCO DONATION,EDUCATION,UNDEFINED,OFU,BALANCE FORWARD,operating,FY2026,6,28865.34,0,0,2026-06-10,https://townofmarblehead-ma-ob.budget.socrata.com/#!/year/2026
OTHER FUNDS,HARBOR CAPITAL ARTICLES,HARBOR,ART 10 2019 PURCH OF EQUIP,SUPPLIES AND MATL,WATERFRONT EQUIPMENT,operating,FY2026,6,28329.59,0,28329.59,2026-06-10,https://townofmarblehead-ma-ob.budget.socrata.com/#!/year/2026
OTHER FUNDS,MARCH 2019 STATE ST PIER,FINANCE,UNDEFINED,OFU,BALANCE FORWARD,operating,FY2026,6,27917.65,0,27917.65,2026-06-10,https://townofmarblehead-ma-ob.budget.socrata.com/#!/year/2026
OTHER FUNDS,PUBLIC IMPROVEMENT DONATION,SELECT BOARD,UNDEFINED,OFU,BALANCE FORWARD,operating,FY2026,6,27589.67,0,27589.67,2026-06-10,https://townofmarblehead-ma-ob.budget.socrata.com/#!/year/2026
BUDGETED ANNUAL FUNDS,GENERAL FUND - TOWN,PUBLIC WORKS,EXPENSES,CONTRACTED SERVICES,GAS USED FOR HEAT,operating,FY2026,6,27500.0,29468.61,27500.0,2026-06-10,https://townofmarblehead-ma-ob.budget.socrata.com/#!/year/2026
BUDGETED ANNUAL FUNDS,HARBOR ENTERPRISE OPERATING,HARBOR,EXPENSES,OFU,TRANSFER TO GENERAL FUND,operating,FY2026,6,27412.0,27412.0,27412.0,2026-06-10,https://townofmarblehead-ma-ob.budget.socrata.com/#!/year/2026
BUDGETED ANNUAL FUNDS,SEWER ENTERPRISE OPERATING,SEWER,SALARIES,PROFESSIONAL SALARY,HEAVY EQUIP OPERATOR,operating,FY2026,6,27300.0,58901.99,27300.0,2026-06-10,https://townofmarblehead-ma-ob.budget.socrata.com/#!/year/2026
BUDGETED ANNUAL FUNDS,GENERAL FUND - SCHOOL,DISTRICTWIDE,UNDEFINED,OTHER SALARIES,BUS MONITOR,operating,FY2026,6,27210.0,13811.9,0,2026-06-10,https://townofmarblehead-ma-ob.budget.socrata.com/#!/year/2026
BUDGETED ANNUAL FUNDS,GENERAL FUND - TOWN,PARKS & RECREATION,EXPENSES,CONTRACTED SERVICES,WATER/SEWER,operating,FY2026,6,27000.0,25976.87,27000.0,2026-06-10,https://townofmarblehead-ma-ob.budget.socrata.com/#!/year/2026
OTHER FUNDS,ABBOT LIBRARY DONATION FUND,ABBOT LIBRARY,UNDEFINED,OFU,BALANCE FORWARD,operating,FY2026,6,26925.85,0,24349.56,2026-06-10,https://townofmarblehead-ma-ob.budget.socrata.com/#!/year/2026
OTHER FUNDS,SHATTUCK MEM FUND-PARK,PARKS & RECREATION,UNDEFINED,OFU,BALANCE FORWARD,operating,FY2026,6,26868.4,0,26031.64,2026-06-10,https://townofmarblehead-ma-ob.budget.socrata.com/#!/year/2026
OTHER FUNDS,111F INJURY LEAVE FUND,WORKERS COMPENSATION,UNDEFINED,OFU,BALANCE FORWARD,operating,FY2026,6,26554.34,0,24784.67,2026-06-10,https://townofmarblehead-ma-ob.budget.socrata.com/#!/year/2026
BUDGETED ANNUAL FUNDS,GENERAL FUND - SCHOOL,VILLAGE SCHOOL,UNDEFINED,OTHER SALARIES,OTHER SALARIES,operating,FY2026,6,26295.0,8734.26,0,2026-06-10,https://townofmarblehead-ma-ob.budget.socrata.com/#!/year/2026
BUDGETED ANNUAL FUNDS,GENERAL FUND - TAX ARTICLES,WASTE COLLECTION,ATM25A7-WASTE-JD LOADER,CAPITAL,MOTOR VEHICLE,operating,FY2026,6,26079.0,26078.91,0,2026-06-10,https://townofmarblehead-ma-ob.budget.socrata.com/#!/year/2026
OTHER FUNDS,HARRY PARKER STEELE COA FUND,COUNCIL ON AGING,UNDEFINED,OFU,BALANCE FORWARD,operating,FY2026,6,26011.32,0,25119.5,2026-06-10,https://townofmarblehead-ma-ob.budget.socrata.com/#!/year/2026
BUDGETED ANNUAL FUNDS,GENERAL FUND - SCHOOL,DISTRICTWIDE,UNDEFINED,OTHER EXPENSE,OTHER MISC EXPENSE,operating,FY2026,6,26000.0,1835.0,62641.0,2026-06-10,https://townofmarblehead-ma-ob.budget.socrata.com/#!/year/2026
BUDGETED ANNUAL FUNDS,GENERAL FUND - TAX ARTICLES,PUBLIC BUILDINGS,ART 6 2024 PURCHASE OF EQUIP,CAPITAL,WALLS & FENCES,operating,FY2026,6,26000.0,7735.0,26000.0,2026-06-10,https://townofmarblehead-ma-ob.budget.socrata.com/#!/year/2026
OTHER FUNDS,BROWN STUDENT ACTIVITY FUND,BROWN SCHOOL,UNDEFINED,UNDEFINED,EXPENSES,operating,FY2026,6,25801.63,3239.0,25000.0,2026-06-10,https://townofmarblehead-ma-ob.budget.socrata.com/#!/year/2026
BUDGETED ANNUAL FUNDS,SEWER ENTERPRISE OPERATING,SEWER,EXPENSES,CAPITAL,OTHER EQUIPMENT,operating,FY2026,6,25500.0,0,25500.0,2026-06-10,https://townofmarblehead-ma-ob.budget.socrata.com/#!/year/2026
OTHER FUNDS,VETERANS SCHOOL DONATION,EDUCATION,UNDEFINED,OFU,BALANCE FORWARD,operating,FY2026,6,25461.08,0,0,2026-06-10,https://townofmarblehead-ma-ob.budget.socrata.com/#!/year/2026
BUDGETED ANNUAL FUNDS,WATER ENTERPRISE OPERATING,WATER,EXPENSES,CONTRACTED SERVICES,COMPUTER RENTAL/LEASE,operating,FY2026,6,25400.0,11428.0,25400.0,2026-06-10,https://townofmarblehead-ma-ob.budget.socrata.com/#!/year/2026
BUDGETED ANNUAL FUNDS,GENERAL FUND - SCHOOL,HIGH SCHOOL,UNDEFINED,SUPPLIES AND MATL,BOOKS,operating,FY2026,6,25247.95,18460.56,24005.0,2026-06-10,https://townofmarblehead-ma-ob.budget.socrata.com/#!/year/2026
BUDGETED ANNUAL FUNDS,GENERAL FUND - TAX ARTICLES,PARKS & RECREATION,ATM25A6-P&R-ELECTRIC MOWER,CAPITAL,OTHER EQUIPMENT,operating,FY2026,6,25094.0,25094.0,0,2026-06-10,https://townofmarblehead-ma-ob.budget.socrata.com/#!/year/2026
BUDGETED ANNUAL FUNDS,GENERAL FUND - SCHOOL,HIGH SCHOOL,UNDEFINED,CONTRACTED SERVICES,OTHER PURCHASED SERVICES,operating,FY2026,6,25059.0,3930.48,25059.0,2026-06-10,https://townofmarblehead-ma-ob.budget.socrata.com/#!/year/2026
BUDGETED ANNUAL FUNDS,GENERAL FUND - TAX ARTICLES,POLICE,ATM25A7-POL-CRUISER,CAPITAL,MOTOR VEHICLE,operating,FY2026,6,25000.0,23759.97,0,2026-06-10,https://townofmarblehead-ma-ob.budget.socrata.com/#!/year/2026
OTHER FUNDS,ALL DAY KINDERGARTEN,EDUCATION,UNDEFINED,OTHER EXPENSE,OTHER EXPENSES,operating,FY2026,6,25000.0,0,25000.0,2026-06-10,https://townofmarblehead-ma-ob.budget.socrata.com/#!/year/2026
OTHER FUNDS,SCHOOL TUITION REVOLVING,EDUCATION,UNDEFINED,OTHER EXPENSE,OTHER EXPENSES,operating,FY2026,6,25000.0,545.27,25000.0,2026-06-10,https://townofmarblehead-ma-ob.budget.socrata.com/#!/year/2026
OTHER FUNDS,SCHOOL BUILDING RENTAL,EDUCATION,UNDEFINED,OTHER EXPENSE,OTHER EXPENSES,operating,FY2026,6,25000.0,0,25000.0,2026-06-10,https://townofmarblehead-ma-ob.budget.socrata.com/#!/year/2026
OTHER FUNDS,HIGH SCHOOL DONATION FUND,EDUCATION,UNDEFINED,CONTRACTED SERVICES,PURCHASE SERVICES,operating,FY2026,6,25000.0,3500.0,25000.0,2026-06-10,https://townofmarblehead-ma-ob.budget.socrata.com/#!/year/2026
OTHER FUNDS,HIGH SCHOOL DONATION FUND,EDUCATION,UNDEFINED,SUPPLIES AND MATL,SUPPLIES,operating,FY2026,6,25000.0,1137.15,25000.0,2026-06-10,https://townofmarblehead-ma-ob.budget.socrata.com/#!/year/2026
OTHER FUNDS,VETERANS SCHOOL DONATION,EDUCATION,UNDEFINED,SUPPLIES AND MATL,SUPPLIES,operating,FY2026,6,25000.0,0,25000.0,2026-06-10,https://townofmarblehead-ma-ob.budget.socrata.com/#!/year/2026
OTHER FUNDS,VILLAGE SCHOOL DONATION,EDUCATION,UNDEFINED,CONTRACTED SERVICES,PURCHASE SERVICES,operating,FY2026,6,25000.0,0,25000.0,2026-06-10,https://townofmarblehead-ma-ob.budget.socrata.com/#!/year/2026
OTHER FUNDS,VILLAGE SCHOOL DONATION,EDUCATION,UNDEFINED,SUPPLIES AND MATL,SUPPLIES,operating,FY2026,6,25000.0,13191.6,25000.0,2026-06-10,https://townofmarblehead-ma-ob.budget.socrata.com/#!/year/2026
OTHER FUNDS,FINE ARTS REVOLVING,EDUCATION,UNDEFINED,CONTRACTED SERVICES,PURCHASE SERVICES,operating,FY2026,6,25000.0,0,25000.0,2026-06-10,https://townofmarblehead-ma-ob.budget.socrata.com/#!/year/2026
OTHER FUNDS,FINE ARTS REVOLVING,EDUCATION,UNDEFINED,SUPPLIES AND MATL,SUPPLIES,operating,FY2026,6,25000.0,0,25000.0,2026-06-10,https://townofmarblehead-ma-ob.budget.socrata.com/#!/year/2026
OTHER FUNDS,SCHOOL TRANSPORTATION REVOLVIN,EDUCATION,UNDEFINED,OTHER EXPENSE,OTHER EXPENSES,operating,FY2026,6,25000.0,0,0,2026-06-10,https://townofmarblehead-ma-ob.budget.socrata.com/#!/year/2026
OTHER FUNDS,SCHOOL MEALS TAX,EDUCATION,UNDEFINED,UNDEFINED,EXPENSES,operating,FY2026,6,25000.0,0,25000.0,2026-06-10,https://townofmarblehead-ma-ob.budget.socrata.com/#!/year/2026
BUDGETED ANNUAL FUNDS,WATER ENTERPRISE OPERATING,WATER,EXPENSES,CONTRACTED SERVICES,TESTING SERVICES,operating,FY2026,6,24950.0,2018.44,24950.0,2026-06-10,https://townofmarblehead-ma-ob.budget.socrata.com/#!/year/2026
OTHER FUNDS,VILLAGE SCHOOL DONATION,EDUCATION,UNDEFINED,OFU,BALANCE FORWARD,operating,FY2026,6,24862.92,0,0,2026-06-10,https://townofmarblehead-ma-ob.budget.socrata.com/#!/year/2026
BUDGETED ANNUAL FUNDS,SEWER ENTERPRISE OPERATING,SEWER,EXPENSES,CONTRACTED SERVICES,COMPUTER RENTAL/LEASE,operating,FY2026,6,24800.0,11428.0,24800.0,2026-06-10,https://townofmarblehead-ma-ob.budget.socrata.com/#!/year/2026
BUDGETED ANNUAL FUNDS,GENERAL FUND - TOWN,WASTE COLLECTION,LANDFILL MONITORING EXPENSE,CONTRACTED SERVICES,GRINDING/COMPOST REMOVAL,operating,FY2026,6,24600.0,2400.0,24600.0,2026-06-10,https://townofmarblehead-ma-ob.budget.socrata.com/#!/year/2026
BUDGETED ANNUAL FUNDS,WATER ENTERPRISE OPERATING,WATER,SALARIES,PROFESSIONAL SALARY,OFFICE ASSISTANT,operating,FY2026,6,24534.0,6667.37,24534.0,2026-06-10,https://townofmarblehead-ma-ob.budget.socrata.com/#!/year/2026
BUDGETED ANNUAL FUNDS,SEWER ENTERPRISE OPERATING,SEWER,SALARIES,PROFESSIONAL SALARY,OFFICE ASSISTANT,operating,FY2026,6,24534.0,6667.37,24534.0,2026-06-10,https://townofmarblehead-ma-ob.budget.socrata.com/#!/year/2026
BUDGETED ANNUAL FUNDS,GENERAL FUND - TOWN,POLICE,SALARIES,PROFESSIONAL SALARY,TEMP OFFICER,operating,FY2026,6,24429.0,24095.24,24429.0,2026-06-10,https://townofmarblehead-ma-ob.budget.socrata.com/#!/year/2026
BUDGETED ANNUAL FUNDS,GENERAL FUND - SCHOOL,BROWN SCHOOL,UNDEFINED,OTHER SALARIES,OTHER SALARIES - STIPENDS,operating,FY2026,6,24407.0,19150.4,0,2026-06-10,https://townofmarblehead-ma-ob.budget.socrata.com/#!/year/2026
BUDGETED ANNUAL FUNDS,GENERAL FUND - TOWN,SELECT BOARD,EXPENSES,CONTRACTED SERVICES,OTHER PROF & TECHNICAL,operating,FY2026,6,24200.0,5231.95,24200.0,2026-06-10,https://townofmarblehead-ma-ob.budget.socrata.com/#!/year/2026
BUDGETED ANNUAL FUNDS,WATER ENTERPRISE OPERATING,WATER,EXPENSES,SUPPLIES AND MATL,GASOLINE UNLEADED,operating,FY2026,6,24000.0,8794.33,24000.0,2026-06-10,https://townofmarblehead-ma-ob.budget.socrata.com/#!/year/2026
BUDGETED ANNUAL FUNDS,GENERAL FUND - TAX ARTICLES,PUBLIC WORKS,ATM25A7-DPW-F550 TRUCK W PLOW,CAPITAL,PUBLIC WORKS EQUIPMENT,operating,FY2026,6,23953.0,23952.67,0,2026-06-10,https://townofmarblehead-ma-ob.budget.socrata.com/#!/year/2026
OTHER FUNDS,FLOWER ENDOWMENT FUND,CEMETERY,UNDEFINED,OFU,BALANCE FORWARD,operating,FY2026,6,23851.77,0,23468.46,2026-06-10,https://townofmarblehead-ma-ob.budget.socrata.com/#!/year/2026
BUDGETED ANNUAL FUNDS,GENERAL FUND - TOWN,POLICE,SALARIES,PROFESSIONAL SALARY,LONGEVITY,operating,FY2026,6,23825.0,23274.35,23825.0,2026-06-10,https://townofmarblehead-ma-ob.budget.socrata.com/#!/year/2026
BUDGETED ANNUAL FUNDS,SEWER ENTERPRISE OPERATING,SEWER,EXPENSES,CONTRACTED SERVICES,R&M OTHER EQUIPMENT,operating,FY2026,6,23825.0,15522.89,23825.0,2026-06-10,https://townofmarblehead-ma-ob.budget.socrata.com/#!/year/2026
OTHER FUNDS,VIRGINIA CARTEN LIBRARY FUND,ABBOT LIBRARY,UNDEFINED,OFU,BALANCE FORWARD,operating,FY2026,6,23793.25,0,22638.99,2026-06-10,https://townofmarblehead-ma-ob.budget.socrata.com/#!/year/2026
BUDGETED ANNUAL FUNDS,SEWER ENTERPRISE OPERATING,SEWER,EXPENSES,CONTRACTED SERVICES,R&M MOTOR VEHICLES,operating,FY2026,6,23325.0,6451.69,23325.0,2026-06-10,https://townofmarblehead-ma-ob.budget.socrata.com/#!/year/2026
OTHER FUNDS,TAX CHECKOFF ELDERLY & DISABLE,SELECT BOARD,UNDEFINED,OFU,BALANCE FORWARD,operating,FY2026,6,23144.02,0,0,2026-06-10,https://townofmarblehead-ma-ob.budget.socrata.com/#!/year/2026
BUDGETED ANNUAL FUNDS,GENERAL FUND - TAX ARTICLES,EDUCATION,ART 8 2024 CAPITAL IMPROVEMENT,CAPITAL,BUILDING IMPROVEMENTS,operating,FY2026,6,23075.2,0,1640.26,2026-06-10,https://townofmarblehead-ma-ob.budget.socrata.com/#!/year/2026
BUDGETED ANNUAL FUNDS,GENERAL FUND - SCHOOL,HIGH SCHOOL,UNDEFINED,OTHER SALARIES,ATHLETICS CUSTODIAN,operating,FY2026,6,23038.0,19783.77,23038.0,2026-06-10,https://townofmarblehead-ma-ob.budget.socrata.com/#!/year/2026
BUDGETED ANNUAL FUNDS,SEWER ENTERPRISE OPERATING,SEWER,EXPENSES,SUPPLIES AND MATL,GASOLINE UNLEADED,operating,FY2026,6,23000.0,9599.6,23000.0,2026-06-10,https://townofmarblehead-ma-ob.budget.socrata.com/#!/year/2026
BUDGETED ANNUAL FUNDS,GENERAL FUND - TAX ARTICLES,CEMETERY,ART 30 2024 CAPITAL TRANSFERS,CONTRACTED SERVICES,R&M BUILDING AND GROUNDS,operating,FY2026,6,23000.0,8205.92,23000.0,2026-06-10,https://townofmarblehead-ma-ob.budget.socrata.com/#!/year/2026
BUDGETED ANNUAL FUNDS,GENERAL FUND - TOWN,CEMETERY,SALARIES,PROFESSIONAL SALARY,SEASONAL LABOR,operating,FY2026,6,22834.0,6126.79,22834.0,2026-06-10,https://townofmarblehead-ma-ob.budget.socrata.com/#!/year/2026
OTHER FUNDS,A35 2021 ABBOT LIBRARY RENOV,ABBOT LIBRARY,UNDEFINED,CAPITAL,BUILDING IMPROVEMENTS,operating,FY2026,6,22822.5,16746.63,22822.5,2026-06-10,https://townofmarblehead-ma-ob.budget.socrata.com/#!/year/2026
BUDGETED ANNUAL FUNDS,GENERAL FUND - TOWN,POLICE,SALARIES,PROFESSIONAL SALARY,TEMP DISPATCHER,operating,FY2026,6,22730.0,26560.11,22730.0,2026-06-10,https://townofmarblehead-ma-ob.budget.socrata.com/#!/year/2026
BUDGETED ANNUAL FUNDS,GENERAL FUND - SCHOOL,HIGH SCHOOL,UNDEFINED,PROFESSIONAL SALARY,OVERTIME,operating,FY2026,6,22672.0,10731.16,0,2026-06-10,https://townofmarblehead-ma-ob.budget.socrata.com/#!/year/2026
OTHER FUNDS,SHATTUCK MEM FUND-PARK,PARKS & RECREATION,UNDEFINED,CONTRACTED SERVICES,R&M BUILDING AND GROUNDS,operating,FY2026,6,22500.0,28706.38,0,2026-06-10,https://townofmarblehead-ma-ob.budget.socrata.com/#!/year/2026
OTHER FUNDS,BOH DONATION FUND,HEALTH,UNDEFINED,OFU,BALANCE FORWARD,operating,FY2026,6,22500.0,0,0,2026-06-10,https://townofmarblehead-ma-ob.budget.socrata.com/#!/year/2026
OTHER FUNDS,HOME CONSORTIUM PROGRAM,SELECT BOARD,UNDEFINED,OFU,BALANCE FORWARD,operating,FY2026,6,22300.0,0,22300.0,2026-06-10,https://townofmarblehead-ma-ob.budget.socrata.com/#!/year/2026
BUDGETED ANNUAL FUNDS,GENERAL FUND - SCHOOL,HIGH SCHOOL,UNDEFINED,CONTRACTED SERVICES,TUITION-COLLABORATIVES,operating,FY2026,6,22000.0,8140.3,-1541702.0,2026-06-10,https://townofmarblehead-ma-ob.budget.socrata.com/#!/year/2026
BUDGETED ANNUAL FUNDS,WATER ENTERPRISE OPERATING,WATER,EXPENSES,CONTRACTED SERVICES,GAS USED FOR HEAT,operating,FY2026,6,22000.0,12672.35,22000.0,2026-06-10,https://townofmarblehead-ma-ob.budget.socrata.com/#!/year/2026
BUDGETED ANNUAL FUNDS,GENERAL FUND - TOWN,FIRE,EXPENSES,CONTRACTED SERVICES,ELECTRICITY,operating,FY2026,6,21872.0,10098.59,21872.0,2026-06-10,https://townofmarblehead-ma-ob.budget.socrata.com/#!/year/2026
BUDGETED ANNUAL FUNDS,GENERAL FUND - TAX ARTICLES,POLICE,ATM25A6-POL-RADAR REPLACEMENT,CAPITAL,OTHER EQUIPMENT,operating,FY2026,6,21690.0,0,0,2026-06-10,https://townofmarblehead-ma-ob.budget.socrata.com/#!/year/2026
BUDGETED ANNUAL FUNDS,GENERAL FUND - SCHOOL,DISTRICTWIDE,UNDEFINED,OTHER EXPENSE,IN-STATE TRAVEL,operating,FY2026,6,21600.0,8213.36,31850.0,2026-06-10,https://townofmarblehead-ma-ob.budget.socrata.com/#!/year/2026
BUDGETED ANNUAL FUNDS,GENERAL FUND - TAX ARTICLES,POLICE,ATM25A7-POL-FORD INTERCEPTOR,CAPITAL,MOTOR VEHICLE,operating,FY2026,6,21538.0,21537.25,0,2026-06-10,https://townofmarblehead-ma-ob.budget.socrata.com/#!/year/2026
OTHER FUNDS,ARPA COSTAL RESILIENCY (FED),SELECT BOARD,UNDEFINED,CONTRACTED SERVICES,OTHER PROF & TECHNICAL,operating,FY2026,6,21414.61,15787.5,21414.61,2026-06-10,https://townofmarblehead-ma-ob.budget.socrata.com/#!/year/2026
BUDGETED ANNUAL FUNDS,GENERAL FUND - SCHOOL,MIDDLE SCHOOL,UNDEFINED,CLERICAL SALARIES,SECRETARY SALARIES,operating,FY2026,6,21224.0,10452.8,143061.0,2026-06-10,https://townofmarblehead-ma-ob.budget.socrata.com/#!/year/2026
BUDGETED ANNUAL FUNDS,GENERAL FUND - TAX ARTICLES,PARKS & RECREATION,ATM25A7-P&R-F-450 DUMP TRUCK,CAPITAL,MOTOR VEHICLE,operating,FY2026,6,21159.0,21158.74,0,2026-06-10,https://townofmarblehead-ma-ob.budget.socrata.com/#!/year/2026
BUDGETED ANNUAL FUNDS,SEWER ENTERPRISE OPERATING,SEWER,EXPENSES,SUPPLIES AND MATL,STATION EQUIP & SUPPLIES,operating,FY2026,6,21000.0,15141.79,21000.0,2026-06-10,https://townofmarblehead-ma-ob.budget.socrata.com/#!/year/2026
OTHER FUNDS,ETERNAL FLAME DONATION FUND,CEMETERY,UNDEFINED,OFU,BALANCE FORWARD,operating,FY2026,6,20574.64,0,20574.64,2026-06-10,https://townofmarblehead-ma-ob.budget.socrata.com/#!/year/2026
BUDGETED ANNUAL FUNDS,GENERAL FUND - TOWN,POLICE,EXPENSES,CONTRACTED SERVICES,R&M COMPUTER EQUIPMENT,operating,FY2026,6,20568.0,24674.44,20568.0,2026-06-10,https://townofmarblehead-ma-ob.budget.socrata.com/#!/year/2026
OTHER FUNDS,STRENGTHEN CYBER SECURITY,SELECT BOARD,UNDEFINED,OFU,BALANCE FORWARD,operating,FY2026,6,20550.0,0,0,2026-06-10,https://townofmarblehead-ma-ob.budget.socrata.com/#!/year/2026
BUDGETED ANNUAL FUNDS,GENERAL FUND - TOWN,POLICE,SALARIES,PROFESSIONAL SALARY,COURT OT,operating,FY2026,6,20400.0,7756.29,20400.0,2026-06-10,https://townofmarblehead-ma-ob.budget.socrata.com/#!/year/2026
OTHER FUNDS,ARTS LOTTERY GRANT,ARTS COUNCIL,UNDEFINED,OFU,BALANCE FORWARD,operating,FY2026,6,20384.8,0,7231.47,2026-06-10,https://townofmarblehead-ma-ob.budget.socrata.com/#!/year/2026
BUDGETED ANNUAL FUNDS,GENERAL FUND - TOWN,WASTE COLLECTION,EXPENSES,CONTRACTED SERVICES,R&M OTHER EQUIPMENT,operating,FY2026,6,20000.0,8507.5,20000.0,2026-06-10,https://townofmarblehead-ma-ob.budget.socrata.com/#!/year/2026
BUDGETED ANNUAL FUNDS,GENERAL FUND - TOWN,COMMUNITY DEVELOP AND PLANNING,EXPENSES,CONTRACTED SERVICES,OTHER PROF & TECHNICAL,operating,FY2026,6,20000.0,4577.74,20000.0,2026-06-10,https://townofmarblehead-ma-ob.budget.socrata.com/#!/year/2026
BUDGETED ANNUAL FUNDS,GENERAL FUND - TOWN,ELECTION & REGISTRATION,EXPENSES,SUPPLIES AND MATL,BALLOTS,operating,FY2026,6,20000.0,0,20000.0,2026-06-10,https://townofmarblehead-ma-ob.budget.socrata.com/#!/year/2026
BUDGETED ANNUAL FUNDS,WATER ENTERPRISE OPERATING,WATER,SALARIES,PROFESSIONAL SALARY,TEMP GENERAL CLERK,operating,FY2026,6,20000.0,1197.89,20000.0,2026-06-10,https://townofmarblehead-ma-ob.budget.socrata.com/#!/year/2026
BUDGETED ANNUAL FUNDS,SEWER ENTERPRISE OPERATING,SEWER,EXPENSES,SUPPLIES AND MATL,MISC OTHER SUPPLIES,operating,FY2026,6,20000.0,11279.15,20000.0,2026-06-10,https://townofmarblehead-ma-ob.budget.socrata.com/#!/year/2026
OTHER FUNDS,SCHOOL TUITION REVOLVING,EDUCATION,UNDEFINED,PROFESSIONAL SALARY,PERSONAL SERVICES,operating,FY2026,6,20000.0,1513.8,20000.0,2026-06-10,https://townofmarblehead-ma-ob.budget.socrata.com/#!/year/2026
OTHER FUNDS,ATHLETIC FUND,EDUCATION,UNDEFINED,PROFESSIONAL SALARY,PERSONAL SERVICES,operating,FY2026,6,20000.0,8613.65,20000.0,2026-06-10,https://townofmarblehead-ma-ob.budget.socrata.com/#!/year/2026
OTHER FUNDS,BROWN DONATION FUND,EDUCATION,UNDEFINED,CONTRACTED SERVICES,PURCHASE SERVICES,operating,FY2026,6,20000.0,0,20000.0,2026-06-10,https://townofmarblehead-ma-ob.budget.socrata.com/#!/year/2026
OTHER FUNDS,BROWN DONATION FUND,EDUCATION,UNDEFINED,SUPPLIES AND MATL,SUPPLIES,operating,FY2026,6,20000.0,12835.85,20000.0,2026-06-10,https://townofmarblehead-ma-ob.budget.socrata.com/#!/year/2026
OTHER FUNDS,COA TRANSPORTATION GRANT,COUNCIL ON AGING,UNDEFINED,PROFESSIONAL SALARY,GRANT EMPLOYEES,operating,FY2026,6,20000.0,15422.5,0,2026-06-10,https://townofmarblehead-ma-ob.budget.socrata.com/#!/year/2026
BUDGETED ANNUAL FUNDS,SEWER ENTERPRISE OPERATING,SEWER,EXPENSES,CONTRACTED SERVICES,OTHER PROF & TECHNICAL,operating,FY2026,6,19950.0,5541.11,19950.0,2026-06-10,https://townofmarblehead-ma-ob.budget.socrata.com/#!/year/2026
OTHER FUNDS,ROAD SAFETY GRANT,POLICE,UNDEFINED,CONTRACTED SERVICES,OTHER PROF & TECHNICAL,operating,FY2026,6,19883.5,1782.58,19883.5,2026-06-10,https://townofmarblehead-ma-ob.budget.socrata.com/#!/year/2026
BUDGETED ANNUAL FUNDS,GENERAL FUND - TOWN,PUBLIC WORKS,SALARIES,PROFESSIONAL SALARY,LONGEVITY,operating,FY2026,6,19650.0,14700.0,19650.0,2026-06-10,https://townofmarblehead-ma-ob.budget.socrata.com/#!/year/2026
BUDGETED ANNUAL FUNDS,GENERAL FUND - TOWN,FIRE,EXPENSES,SUPPLIES AND MATL,MISC MEDICAL & SURGICAL,operating,FY2026,6,19649.0,9697.85,19649.0,2026-06-10,https://townofmarblehead-ma-ob.budget.socrata.com/#!/year/2026
BUDGETED ANNUAL FUNDS,GENERAL FUND - TOWN,PARKS & RECREATION,PARK FACILITY,CONTRACTED SERVICES,ELECTRICITY,operating,FY2026,6,19500.0,16833.3,19500.0,2026-06-10,https://townofmarblehead-ma-ob.budget.socrata.com/#!/year/2026
BUDGETED ANNUAL FUNDS,GENERAL FUND - TAX ARTICLES,POLICE,ATM25A6-POL-PORTABLE RADIOS,CAPITAL,OTHER EQUIPMENT,operating,FY2026,6,18861.0,40545.64,0,2026-06-10,https://townofmarblehead-ma-ob.budget.socrata.com/#!/year/2026
OTHER FUNDS,CARTEN COA HOSP FUND,SELECT BOARD,UNDEFINED,OFU,BALANCE FORWARD,operating,FY2026,6,18842.6,0,18012.61,2026-06-10,https://townofmarblehead-ma-ob.budget.socrata.com/#!/year/2026
OTHER FUNDS,ROBERT MORSE HIGH SCH LIBRAR,EDUCATION,UNDEFINED,OFU,BALANCE FORWARD,operating,FY2026,6,18828.6,0,18426.26,2026-06-10,https://townofmarblehead-ma-ob.budget.socrata.com/#!/year/2026
BUDGETED ANNUAL FUNDS,GENERAL FUND - SCHOOL,HIGH SCHOOL,UNDEFINED,SUPPLIES AND MATL,OFFICE SUPPLIES,operating,FY2026,6,18766.94,15965.52,15012.0,2026-06-10,https://townofmarblehead-ma-ob.budget.socrata.com/#!/year/2026
OTHER FUNDS,REC AND PARK DONATION FUND,PARKS & RECREATION,UNDEFINED,OFU,BALANCE FORWARD,operating,FY2026,6,18739.31,0,10648.11,2026-06-10,https://townofmarblehead-ma-ob.budget.socrata.com/#!/year/2026
BUDGETED ANNUAL FUNDS,HARBOR ENTERPRISE OPERATING,HARBOR,EXPENSES,CONTRACTED SERVICES,INFORMATION TECHNOLOGY,operating,FY2026,6,18500.0,19846.17,18500.0,2026-06-10,https://townofmarblehead-ma-ob.budget.socrata.com/#!/year/2026
OTHER FUNDS,ROBERT MORSE HS LIBRARY DONAT,EDUCATION,UNDEFINED,OFU,BALANCE FORWARD,operating,FY2026,6,18426.26,0,0,2026-06-10,https://townofmarblehead-ma-ob.budget.socrata.com/#!/year/2026
BUDGETED ANNUAL FUNDS,GENERAL FUND - TOWN,POLICE,EXPENSES,CONTRACTED SERVICES,ELECTRICITY,operating,FY2026,6,18170.0,13372.88,18170.0,2026-06-10,https://townofmarblehead-ma-ob.budget.socrata.com/#!/year/2026
OTHER FUNDS,VETERANS DONATION FUND,VETERANS SERVICES,UNDEFINED,OFU,BALANCE FORWARD,operating,FY2026,6,18115.04,0,18115.04,2026-06-10,https://townofmarblehead-ma-ob.budget.socrata.com/#!/year/2026
OTHER FUNDS,SHATTUCK MEM FUND-LIBRARY,ABBOT LIBRARY,UNDEFINED,OFU,BALANCE FORWARD,operating,FY2026,6,18002.08,0,2901.82,2026-06-10,https://townofmarblehead-ma-ob.budget.socrata.com/#!/year/2026
BUDGETED ANNUAL FUNDS,GENERAL FUND - TOWN,POLICE,EXPENSES,SUPPLIES AND MATL,TRAINING SUPPLIES,operating,FY2026,6,18000.0,14714.2,18000.0,2026-06-10,https://townofmarblehead-ma-ob.budget.socrata.com/#!/year/2026
BUDGETED ANNUAL FUNDS,GENERAL FUND - TOWN,PARKS & RECREATION,EXPENSES,SUPPLIES AND MATL,GASOLINE UNLEADED,operating,FY2026,6,18000.0,11589.74,18000.0,2026-06-10,https://townofmarblehead-ma-ob.budget.socrata.com/#!/year/2026
BUDGETED ANNUAL FUNDS,WATER ENTERPRISE OPERATING,WATER,EXPENSES,CONTRACTED SERVICES,OTHER PURCHASED SERVICES,operating,FY2026,6,18000.0,5260.68,18000.0,2026-06-10,https://townofmarblehead-ma-ob.budget.socrata.com/#!/year/2026
BUDGETED ANNUAL FUNDS,SEWER ENTERPRISE OPERATING,SEWER,SALARIES,OTHER EXPENSE,MEDICARE,operating,FY2026,6,17985.0,7501.24,17985.0,2026-06-10,https://townofmarblehead-ma-ob.budget.socrata.com/#!/year/2026
OTHER FUNDS,TRANS NETWORK,FINANCE,UNDEFINED,OFU,BALANCE FORWARD,operating,FY2026,6,17903.5,0,17903.5,2026-06-10,https://townofmarblehead-ma-ob.budget.socrata.com/#!/year/2026
BUDGETED ANNUAL FUNDS,GENERAL FUND - SCHOOL,DISTRICTWIDE,UNDEFINED,CONTRACTED SERVICES,EMPLOYEE TRAINING/SEMINARS,operating,FY2026,6,17819.0,4938.16,0,2026-06-10,https://townofmarblehead-ma-ob.budget.socrata.com/#!/year/2026
OTHER FUNDS,JUDY HALEY DAPONTE SCHOLARSHIP,EDUCATION,UNDEFINED,OFU,BALANCE FORWARD,operating,FY2026,6,17600.0,0,0,2026-06-10,https://townofmarblehead-ma-ob.budget.socrata.com/#!/year/2026
BUDGETED ANNUAL FUNDS,GENERAL FUND - TOWN,PARKS & RECREATION,PARK FACILITY,CONTRACTED SERVICES,GAS USED FOR HEAT,operating,FY2026,6,17500.0,14516.85,17500.0,2026-06-10,https://townofmarblehead-ma-ob.budget.socrata.com/#!/year/2026
BUDGETED ANNUAL FUNDS,GENERAL FUND - TAX ARTICLES,SELECT BOARD,A41 2019 TRANS NETWORK FUND,CONTRACTED SERVICES,OTHER PROF & TECHNICAL,operating,FY2026,6,17388.8,0,17388.8,2026-06-10,https://townofmarblehead-ma-ob.budget.socrata.com/#!/year/2026
OTHER FUNDS,JAMES RAMSDELL CHARITY,SELECT BOARD,UNDEFINED,OFU,BALANCE FORWARD,operating,FY2026,6,17388.58,0,17031.55,2026-06-10,https://townofmarblehead-ma-ob.budget.socrata.com/#!/year/2026
BUDGETED ANNUAL FUNDS,WATER ENTERPRISE OPERATING,WATER,EXPENSES,CONTRACTED SERVICES,R&M OTHER EQUIPMENT,operating,FY2026,6,17350.0,4599.42,17350.0,2026-06-10,https://townofmarblehead-ma-ob.budget.socrata.com/#!/year/2026
BUDGETED ANNUAL FUNDS,GENERAL FUND - TOWN,SNOW REMOVAL,EXPENSES,CONTRACTED SERVICES,R&M MOTOR VEHICLES,operating,FY2026,6,17201.0,55331.37,17201.0,2026-06-10,https://townofmarblehead-ma-ob.budget.socrata.com/#!/year/2026
BUDGETED ANNUAL FUNDS,GENERAL FUND - SCHOOL,VILLAGE SCHOOL,UNDEFINED,PROFESSIONAL SALARY,OVERTIME,operating,FY2026,6,17004.0,6392.03,0,2026-06-10,https://townofmarblehead-ma-ob.budget.socrata.com/#!/year/2026
BUDGETED ANNUAL FUNDS,GENERAL FUND - SCHOOL,MIDDLE SCHOOL,UNDEFINED,PROFESSIONAL SALARY,OVERTIME,operating,FY2026,6,17004.0,28433.36,0,2026-06-10,https://townofmarblehead-ma-ob.budget.socrata.com/#!/year/2026
BUDGETED ANNUAL FUNDS,GENERAL FUND - SCHOOL,BROWN SCHOOL,UNDEFINED,PROFESSIONAL SALARY,OVERTIME,operating,FY2026,6,17004.0,12171.77,0,2026-06-10,https://townofmarblehead-ma-ob.budget.socrata.com/#!/year/2026
BUDGETED ANNUAL FUNDS,GENERAL FUND - SCHOOL,GLOVER SCHOOL,UNDEFINED,PROFESSIONAL SALARY,OVERTIME,operating,FY2026,6,17004.0,7850.02,0,2026-06-10,https://townofmarblehead-ma-ob.budget.socrata.com/#!/year/2026
BUDGETED ANNUAL FUNDS,SEWER ENTERPRISE OPERATING,SEWER,EXPENSES,SUPPLIES AND MATL,MISC BLDG R&M SUPPLIES,operating,FY2026,6,17000.0,0,17000.0,2026-06-10,https://townofmarblehead-ma-ob.budget.socrata.com/#!/year/2026
OTHER FUNDS,THINK RINK INC FUND,PARKS & RECREATION,UNDEFINED,OFU,BALANCE FORWARD,operating,FY2026,6,16786.98,0,16293.69,2026-06-10,https://townofmarblehead-ma-ob.budget.socrata.com/#!/year/2026
OTHER FUNDS,BROOK YANOW SCHOLARSHIP,SELECT BOARD,UNDEFINED,OFU,BALANCE FORWARD,operating,FY2026,6,16729.06,0,15963.46,2026-06-10,https://townofmarblehead-ma-ob.budget.socrata.com/#!/year/2026
OTHER FUNDS,ABBOT FUND - HALL INCOME,SELECT BOARD,UNDEFINED,OFU,BALANCE FORWARD,operating,FY2026,6,16663.45,0,14257.2,2026-06-10,https://townofmarblehead-ma-ob.budget.socrata.com/#!/year/2026
BUDGETED ANNUAL FUNDS,WATER ENTERPRISE OPERATING,WATER,SALARIES,OTHER EXPENSE,MEDICARE,operating,FY2026,6,16542.0,8833.01,16542.0,2026-06-10,https://townofmarblehead-ma-ob.budget.socrata.com/#!/year/2026
BUDGETED ANNUAL FUNDS,SEWER ENTERPRISE OPERATING,SEWER,SALARIES,OTHER EXPENSE,HEALTH REIMB MEDICARE,operating,FY2026,6,16500.0,11947.2,16500.0,2026-06-10,https://townofmarblehead-ma-ob.budget.socrata.com/#!/year/2026
BUDGETED ANNUAL FUNDS,GENERAL FUND - TOWN,FIRE,EXPENSES,SUPPLIES AND MATL,DIESEL FUEL,operating,FY2026,6,16453.0,11723.65,16453.0,2026-06-10,https://townofmarblehead-ma-ob.budget.socrata.com/#!/year/2026
BUDGETED ANNUAL FUNDS,GENERAL FUND - TOWN,POLICE,SALARIES,PROFESSIONAL SALARY,UNIFORM ALLOWANCE,operating,FY2026,6,16450.0,12770.54,16450.0,2026-06-10,https://townofmarblehead-ma-ob.budget.socrata.com/#!/year/2026
OTHER FUNDS,GREEN ST BIKE PARK DONATION,PARKS & RECREATION,UNDEFINED,CONTRACTED SERVICES,OTHER PROF & TECHNICAL,operating,FY2026,6,16267.29,1600.0,16231.34,2026-06-10,https://townofmarblehead-ma-ob.budget.socrata.com/#!/year/2026
OTHER FUNDS,ART 39 2011 GLOVER SCH RENOVAT,EDUCATION,UNDEFINED,CAPITAL,FURNISHING AND EQUIPMENT,operating,FY2026,6,16142.06,0,16142.06,2026-06-10,https://townofmarblehead-ma-ob.budget.socrata.com/#!/year/2026
BUDGETED ANNUAL FUNDS,SEWER ENTERPRISE OPERATING,SEWER,SALARIES,PROFESSIONAL SALARY,IN-SERVICE TRAINING,operating,FY2026,6,16125.0,169.01,16125.0,2026-06-10,https://townofmarblehead-ma-ob.budget.socrata.com/#!/year/2026
BUDGETED ANNUAL FUNDS,GENERAL FUND - SCHOOL,DISTRICTWIDE,UNDEFINED,SUPPLIES AND MATL,TESTING SUPPLIES,operating,FY2026,6,16100.0,11560.62,0,2026-06-10,https://townofmarblehead-ma-ob.budget.socrata.com/#!/year/2026
BUDGETED ANNUAL FUNDS,GENERAL FUND - TOWN,SNOW REMOVAL,EXPENSES,SUPPLIES AND MATL,SALT,operating,FY2026,6,16085.0,145475.9,16085.0,2026-06-10,https://townofmarblehead-ma-ob.budget.socrata.com/#!/year/2026
BUDGETED ANNUAL FUNDS,GENERAL FUND - TOWN,FINANCE,EXPENSES,OTHER EXPENSE,IN-STATE TRAVEL,operating,FY2026,6,16000.0,4914.67,16000.0,2026-06-10,https://townofmarblehead-ma-ob.budget.socrata.com/#!/year/2026
BUDGETED ANNUAL FUNDS,GENERAL FUND - SCHOOL,HIGH SCHOOL,UNDEFINED,OTHER SALARIES,ATHLETIC POLICE DUTY SALARY,operating,FY2026,6,16000.0,4584.14,6000.0,2026-06-10,https://townofmarblehead-ma-ob.budget.socrata.com/#!/year/2026
BUDGETED ANNUAL FUNDS,SEWER ENTERPRISE OPERATING,SEWER,EXPENSES,SUPPLIES AND MATL,PRINTING/FORMS,operating,FY2026,6,16000.0,11030.44,16000.0,2026-06-10,https://townofmarblehead-ma-ob.budget.socrata.com/#!/year/2026
OTHER FUNDS,GUDIANCE SERVICES FUND,EDUCATION,UNDEFINED,OFU,BALANCE FORWARD,operating,FY2026,6,15790.49,0,0,2026-06-10,https://townofmarblehead-ma-ob.budget.socrata.com/#!/year/2026
BUDGETED ANNUAL FUNDS,GENERAL FUND - TAX ARTICLES,FIRE,ATM25A7-FIRE-TRAIN VEHICLE,CAPITAL,MOTOR VEHICLE,operating,FY2026,6,15704.0,0,0,2026-06-10,https://townofmarblehead-ma-ob.budget.socrata.com/#!/year/2026
OTHER FUNDS,DEVEREUX BEACH DONATION,PARKS & RECREATION,UNDEFINED,OFU,BALANCE FORWARD,operating,FY2026,6,15600.58,0,15600.58,2026-06-10,https://townofmarblehead-ma-ob.budget.socrata.com/#!/year/2026
BUDGETED ANNUAL FUNDS,HARBOR ENTERPRISE OPERATING,HARBOR,SALARIES,PROFESSIONAL SALARY,SEAS HARBOR PUMPOUT ASSIST,operating,FY2026,6,15430.0,3905.78,15430.0,2026-06-10,https://townofmarblehead-ma-ob.budget.socrata.com/#!/year/2026
BUDGETED ANNUAL FUNDS,GENERAL FUND - SCHOOL,DISTRICTWIDE,UNDEFINED,SUPPLIES AND MATL,GASOLINE UNLEADED,operating,FY2026,6,15300.0,13365.3,15300.0,2026-06-10,https://townofmarblehead-ma-ob.budget.socrata.com/#!/year/2026
BUDGETED ANNUAL FUNDS,GENERAL FUND - TOWN,FIRE,EXPENSES,PROFESSIONAL SALARY,IN-SERVICE TRAINING,operating,FY2026,6,15295.0,2791.9,15295.0,2026-06-10,https://townofmarblehead-ma-ob.budget.socrata.com/#!/year/2026
BUDGETED ANNUAL FUNDS,GENERAL FUND - TOWN,STATE ASSESSMENTS,EXPENSES,GOVERNMENTAL,RMV NONRENEWAL SURCHARGE,operating,FY2026,6,15200.0,10136.0,15200.0,2026-06-10,https://townofmarblehead-ma-ob.budget.socrata.com/#!/year/2026
BUDGETED ANNUAL FUNDS,GENERAL FUND - TOWN,OTHER GOVERNMENTAL,TRAINING,PROFESSIONAL SALARY,IN-SERVICE TRAINING,operating,FY2026,6,15000.0,5411.25,15000.0,2026-06-10,https://townofmarblehead-ma-ob.budget.socrata.com/#!/year/2026
BUDGETED ANNUAL FUNDS,GENERAL FUND - TOWN,POLICE,SALARIES,PROFESSIONAL SALARY,PERM POLICE,operating,FY2026,6,15000.0,6732.75,15000.0,2026-06-10,https://townofmarblehead-ma-ob.budget.socrata.com/#!/year/2026
BUDGETED ANNUAL FUNDS,GENERAL FUND - TOWN,POLICE,EXPENSES,CONTRACTED SERVICES,TELEPHONE,operating,FY2026,6,15000.0,2742.9,15000.0,2026-06-10,https://townofmarblehead-ma-ob.budget.socrata.com/#!/year/2026
BUDGETED ANNUAL FUNDS,GENERAL FUND - TOWN,WASTE COLLECTION,EXPENSES,SUPPLIES AND MATL,DIESEL FUEL,operating,FY2026,6,15000.0,12941.45,15000.0,2026-06-10,https://townofmarblehead-ma-ob.budget.socrata.com/#!/year/2026
BUDGETED ANNUAL FUNDS,GENERAL FUND - TOWN,WASTE COLLECTION,EXPENSES,SUPPLIES AND MATL,DISPOSAL AREA MAINT SUPPLIES,operating,FY2026,6,15000.0,12575.0,15000.0,2026-06-10,https://townofmarblehead-ma-ob.budget.socrata.com/#!/year/2026
BUDGETED ANNUAL FUNDS,GENERAL FUND - TOWN,PARKS & RECREATION,EXPENSES,SUPPLIES AND MATL,GRASS SEED,operating,FY2026,6,15000.0,14134.15,15000.0,2026-06-10,https://townofmarblehead-ma-ob.budget.socrata.com/#!/year/2026
BUDGETED ANNUAL FUNDS,GENERAL FUND - TOWN,BUILDING INSPECTION,EXPENSES,CONTRACTED SERVICES,R&M TRAFFIC CONTROL EQUIP,operating,FY2026,6,15000.0,6109.48,15000.0,2026-06-10,https://townofmarblehead-ma-ob.budget.socrata.com/#!/year/2026
BUDGETED ANNUAL FUNDS,WATER ENTERPRISE OPERATING,WATER,EXPENSES,CONTRACTED SERVICES,ENGINEERING/ARCHITECTURAL,operating,FY2026,6,15000.0,14120.0,15000.0,2026-06-10,https://townofmarblehead-ma-ob.budget.socrata.com/#!/year/2026
BUDGETED ANNUAL FUNDS,WATER ENTERPRISE OPERATING,WATER,EXPENSES,SUPPLIES AND MATL,DIESEL FUEL,operating,FY2026,6,15000.0,5238.77,15000.0,2026-06-10,https://townofmarblehead-ma-ob.budget.socrata.com/#!/year/2026
BUDGETED ANNUAL FUNDS,SEWER ENTERPRISE OPERATING,SEWER,EXPENSES,CONTRACTED SERVICES,ENGINEERING/ARCHITECTURAL,operating,FY2026,6,15000.0,2653.75,15000.0,2026-06-10,https://townofmarblehead-ma-ob.budget.socrata.com/#!/year/2026
BUDGETED ANNUAL FUNDS,GENERAL FUND - TAX ARTICLES,POLICE,ATM25A8-POL-FLOOR REPLCE,CAPITAL,BUILDING IMPROVEMENTS,operating,FY2026,6,15000.0,14234.0,0,2026-06-10,https://townofmarblehead-ma-ob.budget.socrata.com/#!/year/2026
OTHER FUNDS,VETERANS SCHOOL DONATION,EDUCATION,UNDEFINED,OTHER EXPENSE,OTHER EXPENSES,operating,FY2026,6,15000.0,585.0,15000.0,2026-06-10,https://townofmarblehead-ma-ob.budget.socrata.com/#!/year/2026
OTHER FUNDS,DISTRICT DONATION,EDUCATION,UNDEFINED,SUPPLIES AND MATL,SUPPLIES,operating,FY2026,6,15000.0,0,15000.0,2026-06-10,https://townofmarblehead-ma-ob.budget.socrata.com/#!/year/2026
OTHER FUNDS,GUDIANCE SERVICES FUND,EDUCATION,UNDEFINED,CONTRACTED SERVICES,PURCHASE SERVICES,operating,FY2026,6,15000.0,4773.06,15000.0,2026-06-10,https://townofmarblehead-ma-ob.budget.socrata.com/#!/year/2026
OTHER FUNDS,HOBBS MEM BLDG REVOLVING,SELECT BOARD,UNDEFINED,OTHER EXPENSE,OTHER MISC EXPENSE,operating,FY2026,6,15000.0,7475.0,0,2026-06-10,https://townofmarblehead-ma-ob.budget.socrata.com/#!/year/2026
OTHER FUNDS,SHIPYARD DISTRICT SURVEY GRANT,HISTORICAL COMMISSION,UNDEFINED,OFU,BALANCE FORWARD,operating,FY2026,6,15000.0,0,15000.0,2026-06-10,https://townofmarblehead-ma-ob.budget.socrata.com/#!/year/2026
BUDGETED ANNUAL FUNDS,GENERAL FUND - TOWN,FIRE,EXPENSES,CONTRACTED SERVICES,R&M BUILDING AND GROUNDS,operating,FY2026,6,14650.0,15545.46,14650.0,2026-06-10,https://townofmarblehead-ma-ob.budget.socrata.com/#!/year/2026
BUDGETED ANNUAL FUNDS,GENERAL FUND - TOWN,POLICE,EXPENSES,CONTRACTED SERVICES,R&M MOTOR VEHICLES,operating,FY2026,6,14532.0,18304.14,14532.0,2026-06-10,https://townofmarblehead-ma-ob.budget.socrata.com/#!/year/2026
BUDGETED ANNUAL FUNDS,GENERAL FUND - TOWN,POLICE,SALARIES,PROFESSIONAL SALARY,DOUBLE TIME,operating,FY2026,6,14233.0,25540.82,14233.0,2026-06-10,https://townofmarblehead-ma-ob.budget.socrata.com/#!/year/2026
OTHER FUNDS,DISTRICT DONATION,EDUCATION,UNDEFINED,OFU,BALANCE FORWARD,operating,FY2026,6,14132.34,0,0,2026-06-10,https://townofmarblehead-ma-ob.budget.socrata.com/#!/year/2026
BUDGETED ANNUAL FUNDS,GENERAL FUND - SCHOOL,MIDDLE SCHOOL,UNDEFINED,SUPPLIES AND MATL,BOOKS,operating,FY2026,6,14076.0,8600.96,8976.0,2026-06-10,https://townofmarblehead-ma-ob.budget.socrata.com/#!/year/2026
BUDGETED ANNUAL FUNDS,GENERAL FUND - TOWN,FINANCE,EXPENSES,CONTRACTED SERVICES,R&M RADIO,operating,FY2026,6,14000.0,5907.28,14000.0,2026-06-10,https://townofmarblehead-ma-ob.budget.socrata.com/#!/year/2026
BUDGETED ANNUAL FUNDS,WATER ENTERPRISE OPERATING,WATER,EXPENSES,OTHER EXPENSE,LICENSE/PERMITS EXPENSE,operating,FY2026,6,14000.0,7842.67,14000.0,2026-06-10,https://townofmarblehead-ma-ob.budget.socrata.com/#!/year/2026
BUDGETED ANNUAL FUNDS,SEWER ENTERPRISE OPERATING,SEWER,EXPENSES,CONTRACTED SERVICES,GAS USED FOR HEAT,operating,FY2026,6,14000.0,10168.65,14000.0,2026-06-10,https://townofmarblehead-ma-ob.budget.socrata.com/#!/year/2026
BUDGETED ANNUAL FUNDS,GENERAL FUND - SCHOOL,VILLAGE SCHOOL,UNDEFINED,OTHER EXPENSE,EDUCATIONAL SOFTWARE,operating,FY2026,6,13860.0,10312.5,13860.0,2026-06-10,https://townofmarblehead-ma-ob.budget.socrata.com/#!/year/2026
OTHER FUNDS,TREE DONATION FUND,TREE,UNDEFINED,OFU,BALANCE FORWARD,operating,FY2026,6,13647.26,0,13647.26,2026-06-10,https://townofmarblehead-ma-ob.budget.socrata.com/#!/year/2026
OTHER FUNDS,R IRENE BARBARUS CHARITY,SELECT BOARD,UNDEFINED,OFU,BALANCE FORWARD,operating,FY2026,6,13581.47,0,13183.54,2026-06-10,https://townofmarblehead-ma-ob.budget.socrata.com/#!/year/2026
BUDGETED ANNUAL FUNDS,GENERAL FUND - TOWN,PUBLIC WORKS,SALARIES,PROFESSIONAL SALARY,SICK BONUS ANNUAL,operating,FY2026,6,13500.0,3000.0,13500.0,2026-06-10,https://townofmarblehead-ma-ob.budget.socrata.com/#!/year/2026
BUDGETED ANNUAL FUNDS,WATER ENTERPRISE OPERATING,WATER,EXPENSES,SUPPLIES AND MATL,PRINTING/FORMS,operating,FY2026,6,13500.0,11030.41,13500.0,2026-06-10,https://townofmarblehead-ma-ob.budget.socrata.com/#!/year/2026
BUDGETED ANNUAL FUNDS,GENERAL FUND - TOWN,PUBLIC WORKS,SALARIES,PROFESSIONAL SALARY,INSIDE DETAIL,operating,FY2026,6,13450.0,1000.48,13450.0,2026-06-10,https://townofmarblehead-ma-ob.budget.socrata.com/#!/year/2026
BUDGETED ANNUAL FUNDS,GENERAL FUND - TAX ARTICLES,FINANCE,ART 9 2023 PURCH OF EQUIPMENT,CAPITAL,WALLS & FENCES,operating,FY2026,6,13310.0,0,13310.0,2026-06-10,https://townofmarblehead-ma-ob.budget.socrata.com/#!/year/2026
BUDGETED ANNUAL FUNDS,GENERAL FUND - SCHOOL,MIDDLE SCHOOL,UNDEFINED,OTHER EXPENSE,EDUCATIONAL SOFTWARE,operating,FY2026,6,13260.0,9839.96,13260.0,2026-06-10,https://townofmarblehead-ma-ob.budget.socrata.com/#!/year/2026
BUDGETED ANNUAL FUNDS,WATER ENTERPRISE OPERATING,WATER,SALARIES,OTHER EXPENSE,HEALTH REIMB MEDICARE,operating,FY2026,6,13143.0,9756.88,13143.0,2026-06-10,https://townofmarblehead-ma-ob.budget.socrata.com/#!/year/2026
BUDGETED ANNUAL FUNDS,GENERAL FUND - TOWN,ABBOT LIBRARY,EXPENSES,CONTRACTED SERVICES,GAS USED FOR HEAT,operating,FY2026,6,13000.0,6464.94,13000.0,2026-06-10,https://townofmarblehead-ma-ob.budget.socrata.com/#!/year/2026
BUDGETED ANNUAL FUNDS,SEWER ENTERPRISE OPERATING,SEWER,SALARIES,PROFESSIONAL SALARY,TEMP GENERAL CLERK,operating,FY2026,6,13000.0,27542.39,13000.0,2026-06-10,https://townofmarblehead-ma-ob.budget.socrata.com/#!/year/2026
BUDGETED ANNUAL FUNDS,GENERAL FUND - TOWN,PUBLIC WORKS,SALARIES,PROFESSIONAL SALARY,STAND BY PAY,operating,FY2026,6,12880.0,55420.0,12880.0,2026-06-10,https://townofmarblehead-ma-ob.budget.socrata.com/#!/year/2026
BUDGETED ANNUAL FUNDS,GENERAL FUND - TAX ARTICLES,FIRE,ART 30 2024 CAPITAL TRANSFERS,CONTRACTED SERVICES,R&M BUILDING AND GROUNDS,operating,FY2026,6,12750.0,0,12750.0,2026-06-10,https://townofmarblehead-ma-ob.budget.socrata.com/#!/year/2026
OTHER FUNDS,SALE OF REAL ESTATE,TOWN ACCOUNTANT,UNDEFINED,OFU,BALANCE FORWARD,operating,FY2026,6,12743.0,0,12743.0,2026-06-10,https://townofmarblehead-ma-ob.budget.socrata.com/#!/year/2026
OTHER FUNDS,MARBLEHEAD FAMILY DONATION,SELECT BOARD,UNDEFINED,OFU,BALANCE FORWARD,operating,FY2026,6,12587.95,0,12587.95,2026-06-10,https://townofmarblehead-ma-ob.budget.socrata.com/#!/year/2026
BUDGETED ANNUAL FUNDS,GENERAL FUND - TOWN,POLICE,EXPENSES,OTHER EXPENSE,DUES,operating,FY2026,6,12575.0,13558.27,12575.0,2026-06-10,https://townofmarblehead-ma-ob.budget.socrata.com/#!/year/2026
BUDGETED ANNUAL FUNDS,GENERAL FUND - TOWN,POLICE,EXPENSES,SUPPLIES AND MATL,SMALL EQUIPMENT,operating,FY2026,6,12480.0,748.04,12480.0,2026-06-10,https://townofmarblehead-ma-ob.budget.socrata.com/#!/year/2026
OTHER FUNDS,WATERWAY DONATION FUND,SELECT BOARD,UNDEFINED,OFU,BALANCE FORWARD,operating,FY2026,6,12479.02,0,12479.02,2026-06-10,https://townofmarblehead-ma-ob.budget.socrata.com/#!/year/2026
BUDGETED ANNUAL FUNDS,GENERAL FUND - TOWN,STATE ASSESSMENTS,EXPENSES,GOVERNMENTAL,METRO AREA PLANNING COUNC,operating,FY2026,6,12327.0,7182.0,12327.0,2026-06-10,https://townofmarblehead-ma-ob.budget.socrata.com/#!/year/2026
OTHER FUNDS,FIRE DETAIL,FIRE,UNDEFINED,PROFESSIONAL SALARY,OUTSIDE DETAIL,operating,FY2026,6,12313.94,0,-740.32,2026-06-10,https://townofmarblehead-ma-ob.budget.socrata.com/#!/year/2026
BUDGETED ANNUAL FUNDS,GENERAL FUND - TOWN,POLICE,EXPENSES,CONTRACTED SERVICES,OTHER PROF & TECHNICAL,operating,FY2026,6,12261.0,12780.0,0,2026-06-10,https://townofmarblehead-ma-ob.budget.socrata.com/#!/year/2026
BUDGETED ANNUAL FUNDS,GENERAL FUND - TOWN,PUBLIC WORKS,EXPENSES,SUPPLIES AND MATL,SIGNS,operating,FY2026,6,12250.0,2189.61,12250.0,2026-06-10,https://townofmarblehead-ma-ob.budget.socrata.com/#!/year/2026
OTHER FUNDS,WALTER CHAPMAN JR SCHOLARSHIP,SELECT BOARD,UNDEFINED,OFU,BALANCE FORWARD,operating,FY2026,6,12007.18,0,11765.51,2026-06-10,https://townofmarblehead-ma-ob.budget.socrata.com/#!/year/2026
BUDGETED ANNUAL FUNDS,GENERAL FUND - TOWN,PUBLIC WORKS,EXPENSES,SUPPLIES AND MATL,TREES & SHRUBS SUPPLIES,operating,FY2026,6,12000.0,0,12000.0,2026-06-10,https://townofmarblehead-ma-ob.budget.socrata.com/#!/year/2026
BUDGETED ANNUAL FUNDS,GENERAL FUND - TOWN,PUBLIC BUILDINGS,EXPENSES,CONTRACTED SERVICES,R&M OTHER EQUIPMENT,operating,FY2026,6,12000.0,11214.02,12000.0,2026-06-10,https://townofmarblehead-ma-ob.budget.socrata.com/#!/year/2026
BUDGETED ANNUAL FUNDS,GENERAL FUND - TOWN,PUBLIC BUILDINGS,EXPENSES,CONTRACTED SERVICES,WATER/SEWER,operating,FY2026,6,12000.0,8653.32,12000.0,2026-06-10,https://townofmarblehead-ma-ob.budget.socrata.com/#!/year/2026
BUDGETED ANNUAL FUNDS,GENERAL FUND - SCHOOL,VILLAGE SCHOOL,UNDEFINED,CAPITAL,EQUIPMENT (REPLACEMENT),operating,FY2026,6,12000.0,3741.37,0,2026-06-10,https://townofmarblehead-ma-ob.budget.socrata.com/#!/year/2026
BUDGETED ANNUAL FUNDS,WATER ENTERPRISE OPERATING,WATER,EXPENSES,CONTRACTED SERVICES,OTHER PROF & TECHNICAL,operating,FY2026,6,12000.0,1662.29,12000.0,2026-06-10,https://townofmarblehead-ma-ob.budget.socrata.com/#!/year/2026
BUDGETED ANNUAL FUNDS,SEWER ENTERPRISE OPERATING,SEWER,EXPENSES,CONTRACTED SERVICES,OTHER PURCHASED SERVICES,operating,FY2026,6,12000.0,2500.0,12000.0,2026-06-10,https://townofmarblehead-ma-ob.budget.socrata.com/#!/year/2026
OTHER FUNDS,DUE TO COMMONWEALTH-FIREARMS,POLICE,UNDEFINED,UNDEFINED,EXPENSES,operating,FY2026,6,11962.5,19425.0,0,2026-06-10,https://townofmarblehead-ma-ob.budget.socrata.com/#!/year/2026
OTHER FUNDS,VACCINE REVOLVING FUND,HEALTH,UNDEFINED,SUPPLIES AND MATL,VACCINE,operating,FY2026,6,11799.14,8390.31,0,2026-06-10,https://townofmarblehead-ma-ob.budget.socrata.com/#!/year/2026
BUDGETED ANNUAL FUNDS,HARBOR ENTERPRISE OPERATING,HARBOR,EXPENSES,OTHER EXPENSE,INSURANCE PREMIUMS,operating,FY2026,6,11673.0,18234.0,11673.0,2026-06-10,https://townofmarblehead-ma-ob.budget.socrata.com/#!/year/2026
BUDGETED ANNUAL FUNDS,GENERAL FUND - TOWN,FIRE,EXPENSES,CONTRACTED SERVICES,TESTING SERVICES,operating,FY2026,6,11580.0,3086.21,11580.0,2026-06-10,https://townofmarblehead-ma-ob.budget.socrata.com/#!/year/2026
OTHER FUNDS,SCHOOL TRANSPORTATION REVOLVIN,EDUCATION,UNDEFINED,OFU,BALANCE FORWARD,operating,FY2026,6,11389.94,0,0,2026-06-10,https://townofmarblehead-ma-ob.budget.socrata.com/#!/year/2026
BUDGETED ANNUAL FUNDS,GENERAL FUND - TAX ARTICLES,PUBLIC BUILDINGS,ART 30 2024 CAPITAL TRANSFERS,CONTRACTED SERVICES,R&M BUILDING AND GROUNDS,operating,FY2026,6,11276.0,10701.0,11276.0,2026-06-10,https://townofmarblehead-ma-ob.budget.socrata.com/#!/year/2026
BUDGETED ANNUAL FUNDS,GENERAL FUND - SCHOOL,DISTRICTWIDE,UNDEFINED,SUPPLIES AND MATL,DIESEL FUEL,operating,FY2026,6,11220.0,11854.16,11220.0,2026-06-10,https://townofmarblehead-ma-ob.budget.socrata.com/#!/year/2026
BUDGETED ANNUAL FUNDS,GENERAL FUND - TOWN,FIRE,EXPENSES,CONTRACTED SERVICES,GAS USED FOR HEAT,operating,FY2026,6,11000.0,12654.3,11000.0,2026-06-10,https://townofmarblehead-ma-ob.budget.socrata.com/#!/year/2026
BUDGETED ANNUAL FUNDS,GENERAL FUND - TOWN,POLICE,SALARIES,PROFESSIONAL SALARY,MATRON MONITOR,operating,FY2026,6,11000.0,7775.11,11000.0,2026-06-10,https://townofmarblehead-ma-ob.budget.socrata.com/#!/year/2026
BUDGETED ANNUAL FUNDS,GENERAL FUND - TOWN,HUMAN RESOURCES,EXPENSES,CONTRACTED SERVICES,OTHER PROF & TECHNICAL,operating,FY2026,6,11000.0,8525.0,11000.0,2026-06-10,https://townofmarblehead-ma-ob.budget.socrata.com/#!/year/2026
BUDGETED ANNUAL FUNDS,GENERAL FUND - TOWN,PUBLIC BUILDINGS,SALARIES,PROFESSIONAL SALARY,SEASONAL DOCENT,operating,FY2026,6,10899.0,2961.37,10899.0,2026-06-10,https://townofmarblehead-ma-ob.budget.socrata.com/#!/year/2026
OTHER FUNDS,VETERANS MEMORIAL DONATION,SELECT BOARD,UNDEFINED,OFU,BALANCE FORWARD,operating,FY2026,6,10875.18,0,10875.18,2026-06-10,https://townofmarblehead-ma-ob.budget.socrata.com/#!/year/2026
BUDGETED ANNUAL FUNDS,GENERAL FUND - SCHOOL,DISTRICTWIDE,UNDEFINED,SUPPLIES AND MATL,OFFICE SUPPLIES,operating,FY2026,6,10720.0,9989.49,0,2026-06-10,https://townofmarblehead-ma-ob.budget.socrata.com/#!/year/2026
BUDGETED ANNUAL FUNDS,SEWER ENTERPRISE OPERATING,SEWER,EXPENSES,CONTRACTED SERVICES,POSTAGE,operating,FY2026,6,10705.0,10425.26,10705.0,2026-06-10,https://townofmarblehead-ma-ob.budget.socrata.com/#!/year/2026
BUDGETED ANNUAL FUNDS,GENERAL FUND - TOWN,STATE ASSESSMENTS,EXPENSES,GOVERNMENTAL,AIR POLUTION CONTROL,operating,FY2026,6,10585.0,8090.0,10585.0,2026-06-10,https://townofmarblehead-ma-ob.budget.socrata.com/#!/year/2026
OTHER FUNDS,OLD BURIAL HILL DONATION,SELECT BOARD,UNDEFINED,OFU,BALANCE FORWARD,operating,FY2026,6,10578.46,0,10578.46,2026-06-10,https://townofmarblehead-ma-ob.budget.socrata.com/#!/year/2026
BUDGETED ANNUAL FUNDS,HARBOR ENTERPRISE OPERATING,HARBOR,SALARIES,PROFESSIONAL SALARY,SEAS SUMMER CLERICAL,operating,FY2026,6,10504.0,0,10504.0,2026-06-10,https://townofmarblehead-ma-ob.budget.socrata.com/#!/year/2026
BUDGETED ANNUAL FUNDS,GENERAL FUND - TOWN,WASTE COLLECTION,EXPENSES,CONTRACTED SERVICES,ELECTRICITY,operating,FY2026,6,10500.0,14497.56,10500.0,2026-06-10,https://townofmarblehead-ma-ob.budget.socrata.com/#!/year/2026
BUDGETED ANNUAL FUNDS,WATER ENTERPRISE OPERATING,WATER,EXPENSES,CONTRACTED SERVICES,POSTAGE,operating,FY2026,6,10500.0,10446.75,10500.0,2026-06-10,https://townofmarblehead-ma-ob.budget.socrata.com/#!/year/2026
BUDGETED ANNUAL FUNDS,GENERAL FUND - TOWN,POLICE,EXPENSES,SUPPLIES AND MATL,UNIFORMS/PROTECTIVE CLOTHING,operating,FY2026,6,10400.0,4060.59,10400.0,2026-06-10,https://townofmarblehead-ma-ob.budget.socrata.com/#!/year/2026
OTHER FUNDS,SUMP PUMP REVOLVING,DRAINS,UNDEFINED,CONTRACTED SERVICES,R&M MOTOR VEHICLES,operating,FY2026,6,10325.0,0,0,2026-06-10,https://townofmarblehead-ma-ob.budget.socrata.com/#!/year/2026
OTHER FUNDS,PERPETUAL CARE DONATIONS,CEMETERY,UNDEFINED,OFU,TSF TO NONEXPENDABLE TRUST,operating,FY2026,6,10300.0,0,0,2026-06-10,https://townofmarblehead-ma-ob.budget.socrata.com/#!/year/2026
BUDGETED ANNUAL FUNDS,GENERAL FUND - SCHOOL,DISTRICTWIDE,UNDEFINED,OTHER EXPENSE,IN-STATE CONFERENCE,operating,FY2026,6,10250.0,1429.97,0,2026-06-10,https://townofmarblehead-ma-ob.budget.socrata.com/#!/year/2026
OTHER FUNDS,"INSURANCE REIMBURS <$150,000",SEWER,UNDEFINED,CONTRACTED SERVICES,R&M MOTOR VEHICLES,operating,FY2026,6,10179.95,0,10179.95,2026-06-10,https://townofmarblehead-ma-ob.budget.socrata.com/#!/year/2026
BUDGETED ANNUAL FUNDS,GENERAL FUND - TOWN,WASTE COLLECTION,EXPENSES,CONTRACTED SERVICES,R&M VEHICLES NON-HIGHWAY,operating,FY2026,6,10000.0,13481.03,10000.0,2026-06-10,https://townofmarblehead-ma-ob.budget.socrata.com/#!/year/2026
BUDGETED ANNUAL FUNDS,GENERAL FUND - TOWN,WASTE COLLECTION,EXPENSES,SUPPLIES AND MATL,PRINTING/FORMS,operating,FY2026,6,10000.0,12288.95,10000.0,2026-06-10,https://townofmarblehead-ma-ob.budget.socrata.com/#!/year/2026
BUDGETED ANNUAL FUNDS,GENERAL FUND - TOWN,WASTE COLLECTION,SALARIES,PROFESSIONAL SALARY,VACATION OWED,operating,FY2026,6,10000.0,0,10000.0,2026-06-10,https://townofmarblehead-ma-ob.budget.socrata.com/#!/year/2026
BUDGETED ANNUAL FUNDS,GENERAL FUND - TOWN,FINANCE,SALARIES,PROFESSIONAL SALARY,INCENTIVE,operating,FY2026,6,10000.0,4961.34,10000.0,2026-06-10,https://townofmarblehead-ma-ob.budget.socrata.com/#!/year/2026
BUDGETED ANNUAL FUNDS,GENERAL FUND - TOWN,FINANCE,EXPENSES,CONTRACTED SERVICES,LEGAL SERVICES,operating,FY2026,6,10000.0,33100.0,10000.0,2026-06-10,https://townofmarblehead-ma-ob.budget.socrata.com/#!/year/2026
BUDGETED ANNUAL FUNDS,GENERAL FUND - TOWN,PARKS & RECREATION,EXPENSES,CONTRACTED SERVICES,R&M MOTOR VEHICLES,operating,FY2026,6,10000.0,7211.11,10000.0,2026-06-10,https://townofmarblehead-ma-ob.budget.socrata.com/#!/year/2026
BUDGETED ANNUAL FUNDS,GENERAL FUND - TOWN,PARKS & RECREATION,EXPENSES,CONTRACTED SERVICES,R&M OTHER EQUIPMENT,operating,FY2026,6,10000.0,6633.79,10000.0,2026-06-10,https://townofmarblehead-ma-ob.budget.socrata.com/#!/year/2026
BUDGETED ANNUAL FUNDS,GENERAL FUND - TOWN,COUNCIL ON AGING,SALARIES,PROFESSIONAL SALARY,COA TEMP SPECIAL CLERK,operating,FY2026,6,10000.0,6627.47,10000.0,2026-06-10,https://townofmarblehead-ma-ob.budget.socrata.com/#!/year/2026
BUDGETED ANNUAL FUNDS,GENERAL FUND - TOWN,COUNCIL ON AGING,EXPENSES,OTHER EXPENSE,OTHER MISC EXPENSE,operating,FY2026,6,10000.0,9645.67,10000.0,2026-06-10,https://townofmarblehead-ma-ob.budget.socrata.com/#!/year/2026
BUDGETED ANNUAL FUNDS,GENERAL FUND - TOWN,ELECTION & REGISTRATION,EXPENSES,CONTRACTED SERVICES,POSTAGE,operating,FY2026,6,10000.0,7233.27,10000.0,2026-06-10,https://townofmarblehead-ma-ob.budget.socrata.com/#!/year/2026
BUDGETED ANNUAL FUNDS,WATER ENTERPRISE OPERATING,WATER,SALARIES,PROFESSIONAL SALARY,TEMP SPECIAL CLERK,operating,FY2026,6,10000.0,1133.38,10000.0,2026-06-10,https://townofmarblehead-ma-ob.budget.socrata.com/#!/year/2026
BUDGETED ANNUAL FUNDS,WATER ENTERPRISE OPERATING,WATER,SALARIES,PROFESSIONAL SALARY,VACATION OWED,operating,FY2026,6,10000.0,6698.66,10000.0,2026-06-10,https://townofmarblehead-ma-ob.budget.socrata.com/#!/year/2026
BUDGETED ANNUAL FUNDS,WATER ENTERPRISE OPERATING,WATER,EXPENSES,CAPITAL,COMPUTER EQUIPMENT,operating,FY2026,6,10000.0,0,10000.0,2026-06-10,https://townofmarblehead-ma-ob.budget.socrata.com/#!/year/2026
BUDGETED ANNUAL FUNDS,SEWER ENTERPRISE OPERATING,SEWER,SALARIES,PROFESSIONAL SALARY,TEMP SPECIAL CLERK,operating,FY2026,6,10000.0,0,10000.0,2026-06-10,https://townofmarblehead-ma-ob.budget.socrata.com/#!/year/2026
BUDGETED ANNUAL FUNDS,SEWER ENTERPRISE OPERATING,SEWER,EXPENSES,SUPPLIES AND MATL,DIESEL FUEL,operating,FY2026,6,10000.0,6014.51,10000.0,2026-06-10,https://townofmarblehead-ma-ob.budget.socrata.com/#!/year/2026
BUDGETED ANNUAL FUNDS,HARBOR ENTERPRISE OPERATING,HARBOR,SALARIES,OTHER EXPENSE,WORKERS COMP BILLS,operating,FY2026,6,10000.0,0,10000.0,2026-06-10,https://townofmarblehead-ma-ob.budget.socrata.com/#!/year/2026
OTHER FUNDS,HIGH SCHOOL DONATION FUND,EDUCATION,UNDEFINED,OTHER EXPENSE,OTHER EXPENSES,operating,FY2026,6,10000.0,0,10000.0,2026-06-10,https://townofmarblehead-ma-ob.budget.socrata.com/#!/year/2026
OTHER FUNDS,METCO DONATION,EDUCATION,UNDEFINED,OTHER EXPENSE,OTHER EXPENSES,operating,FY2026,6,10000.0,0,10000.0,2026-06-10,https://townofmarblehead-ma-ob.budget.socrata.com/#!/year/2026
OTHER FUNDS,METCO DONATION,EDUCATION,UNDEFINED,SUPPLIES AND MATL,SUPPLIES,operating,FY2026,6,10000.0,0,10000.0,2026-06-10,https://townofmarblehead-ma-ob.budget.socrata.com/#!/year/2026
OTHER FUNDS,VILLAGE SCHOOL DONATION,EDUCATION,UNDEFINED,OTHER EXPENSE,OTHER EXPENSES,operating,FY2026,6,10000.0,1250.0,10000.0,2026-06-10,https://townofmarblehead-ma-ob.budget.socrata.com/#!/year/2026
OTHER FUNDS,DISTRICT DONATION,EDUCATION,UNDEFINED,OTHER EXPENSE,OTHER EXPENSES,operating,FY2026,6,10000.0,0,10000.0,2026-06-10,https://townofmarblehead-ma-ob.budget.socrata.com/#!/year/2026
OTHER FUNDS,FINE ARTS REVOLVING,EDUCATION,UNDEFINED,OTHER EXPENSE,OTHER EXPENSES,operating,FY2026,6,10000.0,0,10000.0,2026-06-10,https://townofmarblehead-ma-ob.budget.socrata.com/#!/year/2026
OTHER FUNDS,BROWN DONATION FUND,EDUCATION,UNDEFINED,OTHER EXPENSE,OTHER EXPENSES,operating,FY2026,6,10000.0,0,10000.0,2026-06-10,https://townofmarblehead-ma-ob.budget.socrata.com/#!/year/2026
OTHER FUNDS,GUDIANCE SERVICES FUND,EDUCATION,UNDEFINED,PROFESSIONAL SALARY,PERSONAL SERVICES,operating,FY2026,6,10000.0,0,10000.0,2026-06-10,https://townofmarblehead-ma-ob.budget.socrata.com/#!/year/2026
OTHER FUNDS,GLOVER SCHOOL DONATION,EDUCATION,UNDEFINED,CONTRACTED SERVICES,PURCHASE SERVICES,operating,FY2026,6,10000.0,14400.0,10000.0,2026-06-10,https://townofmarblehead-ma-ob.budget.socrata.com/#!/year/2026
OTHER FUNDS,GLOVER SCHOOL DONATION,EDUCATION,UNDEFINED,SUPPLIES AND MATL,SUPPLIES,operating,FY2026,6,10000.0,30528.9,10000.0,2026-06-10,https://townofmarblehead-ma-ob.budget.socrata.com/#!/year/2026
OTHER FUNDS,A34 2016 GERRY SCHOOL FEAS,EDUCATION,UNDEFINED,CAPITAL,BUILDING DESIGN,operating,FY2026,6,9927.6,0,9927.6,2026-06-10,https://townofmarblehead-ma-ob.budget.socrata.com/#!/year/2026
BUDGETED ANNUAL FUNDS,HARBOR ENTERPRISE OPERATING,HARBOR,EXPENSES,SUPPLIES AND MATL,BOAT GASOLINE,operating,FY2026,6,9800.0,4480.79,9800.0,2026-06-10,https://townofmarblehead-ma-ob.budget.socrata.com/#!/year/2026
BUDGETED ANNUAL FUNDS,SEWER ENTERPRISE OPERATING,SEWER,SALARIES,PROFESSIONAL SALARY,LONGEVITY,operating,FY2026,6,9425.0,9500.0,9425.0,2026-06-10,https://townofmarblehead-ma-ob.budget.socrata.com/#!/year/2026
BUDGETED ANNUAL FUNDS,GENERAL FUND - SCHOOL,HIGH SCHOOL,UNDEFINED,OTHER EXPENSE,DUES,operating,FY2026,6,9404.0,8473.0,9404.0,2026-06-10,https://townofmarblehead-ma-ob.budget.socrata.com/#!/year/2026
OTHER FUNDS,HARBOR CAPITAL ARTICLES,HARBOR,HARBOR CAPITAL OUTLAY FY20,SUPPLIES AND MATL,WATERFRONT EQUIPMENT,operating,FY2026,6,9186.67,0,9186.67,2026-06-10,https://townofmarblehead-ma-ob.budget.socrata.com/#!/year/2026
OTHER FUNDS,MARCH 2 2018 PROTECTIVE MEAS,FINANCE,UNDEFINED,OFU,BALANCE FORWARD,operating,FY2026,6,9183.23,0,9183.23,2026-06-10,https://townofmarblehead-ma-ob.budget.socrata.com/#!/year/2026
BUDGETED ANNUAL FUNDS,GENERAL FUND - SCHOOL,DISTRICTWIDE,UNDEFINED,CONTRACTED SERVICES,OTHER PURCHASED SERVICES,operating,FY2026,6,9180.0,8741.81,9180.0,2026-06-10,https://townofmarblehead-ma-ob.budget.socrata.com/#!/year/2026
BUDGETED ANNUAL FUNDS,WATER ENTERPRISE OPERATING,WATER,SALARIES,PROFESSIONAL SALARY,IN-SERVICE TRAINING,operating,FY2026,6,9125.0,0,9125.0,2026-06-10,https://townofmarblehead-ma-ob.budget.socrata.com/#!/year/2026
BUDGETED ANNUAL FUNDS,GENERAL FUND - SCHOOL,HIGH SCHOOL,UNDEFINED,CAPITAL,EQUIPMENT (REPLACEMENT),operating,FY2026,6,9078.0,156.55,9894.0,2026-06-10,https://townofmarblehead-ma-ob.budget.socrata.com/#!/year/2026
BUDGETED ANNUAL FUNDS,WATER ENTERPRISE OPERATING,WATER,SALARIES,PROFESSIONAL SALARY,LONGEVITY,operating,FY2026,6,9075.0,8940.38,9075.0,2026-06-10,https://townofmarblehead-ma-ob.budget.socrata.com/#!/year/2026
BUDGETED ANNUAL FUNDS,GENERAL FUND - TOWN,POLICE,SALARIES,PROFESSIONAL SALARY,SICK BONUS ANNUAL,operating,FY2026,6,9000.0,7500.0,9000.0,2026-06-10,https://townofmarblehead-ma-ob.budget.socrata.com/#!/year/2026
BUDGETED ANNUAL FUNDS,GENERAL FUND - TOWN,PARKS & RECREATION,EXPENSES,CONTRACTED SERVICES,GAS USED FOR HEAT,operating,FY2026,6,9000.0,8040.73,9000.0,2026-06-10,https://townofmarblehead-ma-ob.budget.socrata.com/#!/year/2026
BUDGETED ANNUAL FUNDS,GENERAL FUND - TOWN,PARKS & RECREATION,EXPENSES,CONTRACTED SERVICES,R&M BUILDING AND GROUNDS,operating,FY2026,6,9000.0,4002.97,9000.0,2026-06-10,https://townofmarblehead-ma-ob.budget.socrata.com/#!/year/2026
BUDGETED ANNUAL FUNDS,WATER ENTERPRISE OPERATING,WATER,SALARIES,PROFESSIONAL SALARY,SPECIAL LICENSE STIPEND,operating,FY2026,6,9000.0,7500.0,9000.0,2026-06-10,https://townofmarblehead-ma-ob.budget.socrata.com/#!/year/2026
BUDGETED ANNUAL FUNDS,GENERAL FUND - TOWN,CEMETERY,SALARIES,PROFESSIONAL SALARY,OVERTIME,operating,FY2026,6,8949.0,4220.77,3749.0,2026-06-10,https://townofmarblehead-ma-ob.budget.socrata.com/#!/year/2026
BUDGETED ANNUAL FUNDS,GENERAL FUND - SCHOOL,HIGH SCHOOL,UNDEFINED,OTHER EXPENSE,DUES AND MEMBERSHIPS,operating,FY2026,6,8836.0,1150.0,1020.0,2026-06-10,https://townofmarblehead-ma-ob.budget.socrata.com/#!/year/2026
BUDGETED ANNUAL FUNDS,GENERAL FUND - TOWN,FIRE,SALARIES,PROFESSIONAL SALARY,SICK BONUS ANNUAL,operating,FY2026,6,8750.0,4500.0,8750.0,2026-06-10,https://townofmarblehead-ma-ob.budget.socrata.com/#!/year/2026
BUDGETED ANNUAL FUNDS,GENERAL FUND - TOWN,SELECT BOARD,EXPENSES,OTHER EXPENSE,DUES,operating,FY2026,6,8713.0,8581.0,8713.0,2026-06-10,https://townofmarblehead-ma-ob.budget.socrata.com/#!/year/2026
BUDGETED ANNUAL FUNDS,GENERAL FUND - TOWN,PARKS & RECREATION,SALARIES,PROFESSIONAL SALARY,SEAS BEACH SUPERVISOR,operating,FY2026,6,8710.0,8329.64,8710.0,2026-06-10,https://townofmarblehead-ma-ob.budget.socrata.com/#!/year/2026
BUDGETED ANNUAL FUNDS,GENERAL FUND - TOWN,ABBOT LIBRARY,EXPENSES,CONTRACTED SERVICES,R&M COMPUTER EQUIPMENT,operating,FY2026,6,8647.0,11463.36,8647.0,2026-06-10,https://townofmarblehead-ma-ob.budget.socrata.com/#!/year/2026
BUDGETED ANNUAL FUNDS,GENERAL FUND - TOWN,OTHER GOVERNMENTAL,GROUP INSURANCE,OTHER EXPENSE,INJURY LEAVE BILLS,operating,FY2026,6,8500.0,6863.5,8500.0,2026-06-10,https://townofmarblehead-ma-ob.budget.socrata.com/#!/year/2026
BUDGETED ANNUAL FUNDS,GENERAL FUND - SCHOOL,DISTRICTWIDE,UNDEFINED,CONTRACTED SERVICES,PROFESSIONAL DEVELOPMENT,operating,FY2026,6,8500.0,861.19,2500.0,2026-06-10,https://townofmarblehead-ma-ob.budget.socrata.com/#!/year/2026
BUDGETED ANNUAL FUNDS,GENERAL FUND - SCHOOL,HIGH SCHOOL,UNDEFINED,OTHER EXPENSE,INSURANCE PREMIUMS,operating,FY2026,6,8500.0,8500.0,8500.0,2026-06-10,https://townofmarblehead-ma-ob.budget.socrata.com/#!/year/2026
BUDGETED ANNUAL FUNDS,HARBOR ENTERPRISE OPERATING,HARBOR,SALARIES,OTHER EXPENSE,HEALTH REIMB MEDICARE,operating,FY2026,6,8363.0,8363.04,8363.0,2026-06-10,https://townofmarblehead-ma-ob.budget.socrata.com/#!/year/2026
BUDGETED ANNUAL FUNDS,GENERAL FUND - TOWN,ASSESSORS,EXPENSES,OTHER EXPENSE,IN-STATE TRAVEL,operating,FY2026,6,8300.0,1197.27,8300.0,2026-06-10,https://townofmarblehead-ma-ob.budget.socrata.com/#!/year/2026
BUDGETED ANNUAL FUNDS,GENERAL FUND - TOWN,ABBOT LIBRARY,SALARIES,PROFESSIONAL SALARY,SICK BONUS ANNUAL,operating,FY2026,6,8250.0,750.0,8250.0,2026-06-10,https://townofmarblehead-ma-ob.budget.socrata.com/#!/year/2026
BUDGETED ANNUAL FUNDS,GENERAL FUND - TOWN,PUBLIC WORKS,EXPENSES,OTHER EXPENSE,LICENSE/PERMITS EXPENSE,operating,FY2026,6,8200.0,5399.85,8200.0,2026-06-10,https://townofmarblehead-ma-ob.budget.socrata.com/#!/year/2026
OTHER FUNDS,MASS DEP RECLYCLING,WASTE COLLECTION,UNDEFINED,OFU,BALANCE FORWARD,operating,FY2026,6,8190.0,0,8190.0,2026-06-10,https://townofmarblehead-ma-ob.budget.socrata.com/#!/year/2026
BUDGETED ANNUAL FUNDS,GENERAL FUND - SCHOOL,VILLAGE SCHOOL,UNDEFINED,SUPPLIES AND MATL,BOOKS,operating,FY2026,6,8140.0,997.92,1000.0,2026-06-10,https://townofmarblehead-ma-ob.budget.socrata.com/#!/year/2026
OTHER FUNDS,FIRE SAFE GRANT,FIRE,UNDEFINED,OFU,BALANCE FORWARD,operating,FY2026,6,8100.0,0,8100.0,2026-06-10,https://townofmarblehead-ma-ob.budget.socrata.com/#!/year/2026
BUDGETED ANNUAL FUNDS,GENERAL FUND - TOWN,ABBOT LIBRARY,EXPENSES,SUPPLIES AND MATL,LIBRARY SUPPLIES,operating,FY2026,6,8075.0,6836.49,8075.0,2026-06-10,https://townofmarblehead-ma-ob.budget.socrata.com/#!/year/2026
OTHER FUNDS,MRS GRANT,POLICE,UNDEFINED,OFU,BALANCE FORWARD,operating,FY2026,6,8009.98,0,-4119.89,2026-06-10,https://townofmarblehead-ma-ob.budget.socrata.com/#!/year/2026
BUDGETED ANNUAL FUNDS,GENERAL FUND - TOWN,WASTE COLLECTION,EXPENSES,SUPPLIES AND MATL,CURBSIDE RECYCLING BINS,operating,FY2026,6,8000.0,7900.0,8000.0,2026-06-10,https://townofmarblehead-ma-ob.budget.socrata.com/#!/year/2026
BUDGETED ANNUAL FUNDS,GENERAL FUND - TOWN,PUBLIC WORKS,PW MAINTAIN STREETS & SIDEWALK,SUPPLIES AND MATL,STONE DUST,operating,FY2026,6,8000.0,0,8000.0,2026-06-10,https://townofmarblehead-ma-ob.budget.socrata.com/#!/year/2026
BUDGETED ANNUAL FUNDS,GENERAL FUND - TOWN,ABBOT LIBRARY,SALARIES,PROFESSIONAL SALARY,OVERTIME,operating,FY2026,6,8000.0,11085.39,0,2026-06-10,https://townofmarblehead-ma-ob.budget.socrata.com/#!/year/2026
BUDGETED ANNUAL FUNDS,GENERAL FUND - TOWN,PARKS & RECREATION,EXPENSES,SUPPLIES AND MATL,PAINT,operating,FY2026,6,8000.0,8048.06,8000.0,2026-06-10,https://townofmarblehead-ma-ob.budget.socrata.com/#!/year/2026
BUDGETED ANNUAL FUNDS,GENERAL FUND - TOWN,PARKING CLERK,EXPENSES,CONTRACTED SERVICES,INFORMATION TECHNOLOGY,operating,FY2026,6,8000.0,0,8000.0,2026-06-10,https://townofmarblehead-ma-ob.budget.socrata.com/#!/year/2026
BUDGETED ANNUAL FUNDS,GENERAL FUND - SCHOOL,BROWN SCHOOL,UNDEFINED,SUPPLIES AND MATL,LIBRARY MATERIALS,operating,FY2026,6,7854.0,4954.23,7854.0,2026-06-10,https://townofmarblehead-ma-ob.budget.socrata.com/#!/year/2026
BUDGETED ANNUAL FUNDS,GENERAL FUND - TAX ARTICLES,PARKS & RECREATION,ART 30 2024 CAPITAL TRANSFERS,CONTRACTED SERVICES,R&M BUILDING AND GROUNDS,operating,FY2026,6,7831.0,0,7831.0,2026-06-10,https://townofmarblehead-ma-ob.budget.socrata.com/#!/year/2026
BUDGETED ANNUAL FUNDS,GENERAL FUND - TOWN,CEMETERY,EXPENSES,SUPPLIES AND MATL,GASOLINE UNLEADED,operating,FY2026,6,7800.0,3027.39,7800.0,2026-06-10,https://townofmarblehead-ma-ob.budget.socrata.com/#!/year/2026
OTHER FUNDS,HARBOR CAPITAL ARTICLES,HARBOR,HARBOR CAPITAL OUTLAYS FY19,CAPITAL,WATERFRONT IMPROVEMENTS,operating,FY2026,6,7793.97,0,7793.97,2026-06-10,https://townofmarblehead-ma-ob.budget.socrata.com/#!/year/2026
BUDGETED ANNUAL FUNDS,GENERAL FUND - TOWN,PUBLIC BUILDINGS,EXPENSES,SUPPLIES AND MATL,MISC CUSTODIAL SUPPLIES,operating,FY2026,6,7775.0,4581.19,7775.0,2026-06-10,https://townofmarblehead-ma-ob.budget.socrata.com/#!/year/2026
BUDGETED ANNUAL FUNDS,GENERAL FUND - SCHOOL,GLOVER SCHOOL,UNDEFINED,SUPPLIES AND MATL,PAPER & PRINTER SUPPLIES,operating,FY2026,6,7650.0,9667.56,0,2026-06-10,https://townofmarblehead-ma-ob.budget.socrata.com/#!/year/2026
OTHER FUNDS,FIRE DONATION FUND,FIRE,UNDEFINED,OFU,BALANCE FORWARD,operating,FY2026,6,7523.8,0,7523.8,2026-06-10,https://townofmarblehead-ma-ob.budget.socrata.com/#!/year/2026
OTHER FUNDS,ELAINE HOFF SORENSON LIBRARY,ABBOT LIBRARY,UNDEFINED,OFU,BALANCE FORWARD,operating,FY2026,6,7514.25,0,7505.36,2026-06-10,https://townofmarblehead-ma-ob.budget.socrata.com/#!/year/2026
BUDGETED ANNUAL FUNDS,GENERAL FUND - TOWN,WASTE COLLECTION,EXPENSES,SUPPLIES AND MATL,TIRES,operating,FY2026,6,7500.0,0,7500.0,2026-06-10,https://townofmarblehead-ma-ob.budget.socrata.com/#!/year/2026
BUDGETED ANNUAL FUNDS,GENERAL FUND - TOWN,PUBLIC WORKS,EXPENSES,SUPPLIES AND MATL,STREET SWEEPER SUPPLIES,operating,FY2026,6,7500.0,8676.71,7500.0,2026-06-10,https://townofmarblehead-ma-ob.budget.socrata.com/#!/year/2026
BUDGETED ANNUAL FUNDS,GENERAL FUND - TOWN,PARKS & RECREATION,EXPENSES,CONTRACTED SERVICES,R&M RESTROOMS,operating,FY2026,6,7500.0,1281.65,7500.0,2026-06-10,https://townofmarblehead-ma-ob.budget.socrata.com/#!/year/2026
BUDGETED ANNUAL FUNDS,GENERAL FUND - TOWN,ELECTION & REGISTRATION,SALARIES,PROFESSIONAL SALARY,OVERRIDE ELECTION SALARIES,operating,FY2026,6,7500.0,2076.14,7500.0,2026-06-10,https://townofmarblehead-ma-ob.budget.socrata.com/#!/year/2026
BUDGETED ANNUAL FUNDS,GENERAL FUND - TOWN,ELECTION & REGISTRATION,SALARIES,PROFESSIONAL SALARY,TOWN ELECTION SALARIES,operating,FY2026,6,7500.0,491.94,7500.0,2026-06-10,https://townofmarblehead-ma-ob.budget.socrata.com/#!/year/2026
BUDGETED ANNUAL FUNDS,WATER ENTERPRISE OPERATING,WATER,SALARIES,PROFESSIONAL SALARY,SICK BONUS ANNUAL,operating,FY2026,6,7500.0,2250.0,7500.0,2026-06-10,https://townofmarblehead-ma-ob.budget.socrata.com/#!/year/2026
BUDGETED ANNUAL FUNDS,SEWER ENTERPRISE OPERATING,SEWER,SALARIES,PROFESSIONAL SALARY,SICK BONUS ANNUAL,operating,FY2026,6,7500.0,1500.0,7500.0,2026-06-10,https://townofmarblehead-ma-ob.budget.socrata.com/#!/year/2026
BUDGETED ANNUAL FUNDS,SEWER ENTERPRISE OPERATING,SEWER,SALARIES,PROFESSIONAL SALARY,SPECIAL LICENSE STIPEND,operating,FY2026,6,7500.0,3750.0,7500.0,2026-06-10,https://townofmarblehead-ma-ob.budget.socrata.com/#!/year/2026
BUDGETED ANNUAL FUNDS,GENERAL FUND - TOWN,POLICE,SALARIES,PROFESSIONAL SALARY,PROSECUTOR,operating,FY2026,6,7485.0,6544.1,7485.0,2026-06-10,https://townofmarblehead-ma-ob.budget.socrata.com/#!/year/2026
OTHER FUNDS,MARCH 13 2019 POTECTIVE MEAS,FINANCE,UNDEFINED,OFU,BALANCE FORWARD,operating,FY2026,6,7452.41,0,7452.41,2026-06-10,https://townofmarblehead-ma-ob.budget.socrata.com/#!/year/2026
BUDGETED ANNUAL FUNDS,GENERAL FUND - TOWN,ABBOT LIBRARY,SALARIES,PROFESSIONAL SALARY,LONGEVITY,operating,FY2026,6,7428.0,8100.76,7428.0,2026-06-10,https://townofmarblehead-ma-ob.budget.socrata.com/#!/year/2026
BUDGETED ANNUAL FUNDS,GENERAL FUND - TOWN,ASSESSORS,EXPENSES,CONTRACTED SERVICES,APPRAISOR SERVICES,operating,FY2026,6,7323.03,0,57500.0,2026-06-10,https://townofmarblehead-ma-ob.budget.socrata.com/#!/year/2026
OTHER FUNDS,WATER CAPITAL ARTICLES,WATER,ART 14 2022 WATER CONSTRUCTION,CAPITAL,WATER IMPROVEMENTS,operating,FY2026,6,7317.36,1770.2,7317.36,2026-06-10,https://townofmarblehead-ma-ob.budget.socrata.com/#!/year/2026
BUDGETED ANNUAL FUNDS,GENERAL FUND - TOWN,POLICE,EXPENSES,CONTRACTED SERVICES,R&M OTHER EQUIPMENT,operating,FY2026,6,7280.0,11859.04,7280.0,2026-06-10,https://townofmarblehead-ma-ob.budget.socrata.com/#!/year/2026
BUDGETED ANNUAL FUNDS,HARBOR ENTERPRISE OPERATING,HARBOR,SALARIES,PROFESSIONAL SALARY,OVERTIME,operating,FY2026,6,7210.0,15451.05,6210.0,2026-06-10,https://townofmarblehead-ma-ob.budget.socrata.com/#!/year/2026
BUDGETED ANNUAL FUNDS,GENERAL FUND - TOWN,COMMUNITY DEVELOP AND PLANNING,EXPENSES,CONTRACTED SERVICES,INFORMATION TECHNOLOGY,operating,FY2026,6,7206.0,1683.0,7206.0,2026-06-10,https://townofmarblehead-ma-ob.budget.socrata.com/#!/year/2026
BUDGETED ANNUAL FUNDS,GENERAL FUND - SCHOOL,HIGH SCHOOL,UNDEFINED,SUPPLIES AND MATL,TECHNOLOGY EQUIPMENT,operating,FY2026,6,7140.0,3180.0,7140.0,2026-06-10,https://townofmarblehead-ma-ob.budget.socrata.com/#!/year/2026
BUDGETED ANNUAL FUNDS,GENERAL FUND - SCHOOL,HIGH SCHOOL,UNDEFINED,SUPPLIES AND MATL,MEDICAL & SURGICAL SUPPLIES,operating,FY2026,6,7031.0,3884.96,6831.0,2026-06-10,https://townofmarblehead-ma-ob.budget.socrata.com/#!/year/2026
BUDGETED ANNUAL FUNDS,GENERAL FUND - TOWN,POLICE,EXPENSES,CONTRACTED SERVICES,GAS USED FOR HEAT,operating,FY2026,6,7008.0,6665.1,7008.0,2026-06-10,https://townofmarblehead-ma-ob.budget.socrata.com/#!/year/2026
BUDGETED ANNUAL FUNDS,GENERAL FUND - TOWN,FINANCE,SALARIES,PROFESSIONAL SALARY,SICK BONUS ANNUAL,operating,FY2026,6,7000.0,3250.0,7000.0,2026-06-10,https://townofmarblehead-ma-ob.budget.socrata.com/#!/year/2026
BUDGETED ANNUAL FUNDS,GENERAL FUND - SCHOOL,DISTRICTWIDE,UNDEFINED,CLERICAL SALARIES,CLERICAL PARA SALARIES,operating,FY2026,6,7000.0,0,0,2026-06-10,https://townofmarblehead-ma-ob.budget.socrata.com/#!/year/2026
BUDGETED ANNUAL FUNDS,GENERAL FUND - TOWN,OTHER GOVERNMENTAL,GROUP INSURANCE,OTHER EXPENSE,MEDICARE PENALTY,operating,FY2026,6,6986.0,1542.0,6986.0,2026-06-10,https://townofmarblehead-ma-ob.budget.socrata.com/#!/year/2026
BUDGETED ANNUAL FUNDS,HARBOR ENTERPRISE OPERATING,HARBOR,SALARIES,OTHER EXPENSE,MEDICARE,operating,FY2026,6,6899.0,3729.58,6899.0,2026-06-10,https://townofmarblehead-ma-ob.budget.socrata.com/#!/year/2026
BUDGETED ANNUAL FUNDS,SEWER ENTERPRISE OPERATING,SEWER,SALARIES,PROFESSIONAL SALARY,SPECIAL LABOR I,operating,FY2026,6,6892.0,0,0,2026-06-10,https://townofmarblehead-ma-ob.budget.socrata.com/#!/year/2026
BUDGETED ANNUAL FUNDS,GENERAL FUND - TOWN,PARKS & RECREATION,SALARIES,PROFESSIONAL SALARY,LONGEVITY,operating,FY2026,6,6825.0,6000.0,6825.0,2026-06-10,https://townofmarblehead-ma-ob.budget.socrata.com/#!/year/2026
BUDGETED ANNUAL FUNDS,GENERAL FUND - TOWN,POLICE,SALARIES,PROFESSIONAL SALARY,OUT OF RANK,operating,FY2026,6,6772.0,8535.75,6772.0,2026-06-10,https://townofmarblehead-ma-ob.budget.socrata.com/#!/year/2026
BUDGETED ANNUAL FUNDS,GENERAL FUND - TOWN,WASTE COLLECTION,EXPENSES,SUPPLIES AND MATL,MISC BLDG R&M SUPPLIES,operating,FY2026,6,6500.0,0,6500.0,2026-06-10,https://townofmarblehead-ma-ob.budget.socrata.com/#!/year/2026
BUDGETED ANNUAL FUNDS,GENERAL FUND - TOWN,PUBLIC WORKS,EXPENSES,CONTRACTED SERVICES,CELLULAR PHONES,operating,FY2026,6,6500.0,4731.27,6500.0,2026-06-10,https://townofmarblehead-ma-ob.budget.socrata.com/#!/year/2026
BUDGETED ANNUAL FUNDS,WATER ENTERPRISE OPERATING,WATER,SALARIES,OTHER EXPENSE,WORKERS COMP BILLS,operating,FY2026,6,6500.0,0,6500.0,2026-06-10,https://townofmarblehead-ma-ob.budget.socrata.com/#!/year/2026
BUDGETED ANNUAL FUNDS,SEWER ENTERPRISE OPERATING,SEWER,SALARIES,OTHER EXPENSE,WORKERS COMP BILLS,operating,FY2026,6,6500.0,0,6500.0,2026-06-10,https://townofmarblehead-ma-ob.budget.socrata.com/#!/year/2026
OTHER FUNDS,HOBBS PLAYGROUND DONATION,SELECT BOARD,UNDEFINED,OFU,BALANCE FORWARD,operating,FY2026,6,6450.0,0,6450.0,2026-06-10,https://townofmarblehead-ma-ob.budget.socrata.com/#!/year/2026
OTHER FUNDS,HISTORIC BUILDING PRESERVATION,SELECT BOARD,UNDEFINED,OFU,BALANCE FORWARD,operating,FY2026,6,6400.98,0,6400.98,2026-06-10,https://townofmarblehead-ma-ob.budget.socrata.com/#!/year/2026
BUDGETED ANNUAL FUNDS,GENERAL FUND - TOWN,POLICE,SALARIES,PROFESSIONAL SALARY,TRAIN ACADEMY,operating,FY2026,6,6400.0,0,6400.0,2026-06-10,https://townofmarblehead-ma-ob.budget.socrata.com/#!/year/2026
BUDGETED ANNUAL FUNDS,GENERAL FUND - TOWN,FIRE,EXPENSES,SUPPLIES AND MATL,CLEANING SUPPLIES,operating,FY2026,6,6325.0,5391.89,6325.0,2026-06-10,https://townofmarblehead-ma-ob.budget.socrata.com/#!/year/2026
BUDGETED ANNUAL FUNDS,GENERAL FUND - TOWN,POLICE,EXPENSES,CONTRACTED SERVICES,CELLULAR PHONES,operating,FY2026,6,6240.0,4935.53,6240.0,2026-06-10,https://townofmarblehead-ma-ob.budget.socrata.com/#!/year/2026
OTHER FUNDS,A32 2021 FIRE PUMPER TRUCK,FIRE,UNDEFINED,CAPITAL,FIRE PUMPER TRUCK,operating,FY2026,6,6166.58,0,6166.58,2026-06-10,https://townofmarblehead-ma-ob.budget.socrata.com/#!/year/2026
BUDGETED ANNUAL FUNDS,GENERAL FUND - SCHOOL,HIGH SCHOOL,UNDEFINED,CLERICAL SALARIES,OTHER CLERICAL SALARIES,operating,FY2026,6,6120.0,6020.51,6120.0,2026-06-10,https://townofmarblehead-ma-ob.budget.socrata.com/#!/year/2026
BUDGETED ANNUAL FUNDS,GENERAL FUND - SCHOOL,VILLAGE SCHOOL,UNDEFINED,SUPPLIES AND MATL,LIBRARY MATERIALS,operating,FY2026,6,6120.0,2385.38,7140.0,2026-06-10,https://townofmarblehead-ma-ob.budget.socrata.com/#!/year/2026
BUDGETED ANNUAL FUNDS,GENERAL FUND - TOWN,PUBLIC BUILDINGS,SALARIES,PROFESSIONAL SALARY,OVERTIME,operating,FY2026,6,6100.0,1784.74,4100.0,2026-06-10,https://townofmarblehead-ma-ob.budget.socrata.com/#!/year/2026
BUDGETED ANNUAL FUNDS,GENERAL FUND - TOWN,COUNCIL ON AGING,EXPENSES,CONTRACTED SERVICES,R&M BUILDING AND GROUNDS,operating,FY2026,6,6059.0,2090.28,6059.0,2026-06-10,https://townofmarblehead-ma-ob.budget.socrata.com/#!/year/2026
BUDGETED ANNUAL FUNDS,GENERAL FUND - TAX ARTICLES,PUBLIC WORKS,ART 7 2024 LEASE PURCHASE,CAPITAL,PUBLIC WORKS EQUIPMENT,operating,FY2026,6,6047.66,0,6047.66,2026-06-10,https://townofmarblehead-ma-ob.budget.socrata.com/#!/year/2026
BUDGETED ANNUAL FUNDS,SEWER ENTERPRISE OPERATING,SEWER,SALARIES,PROFESSIONAL SALARY,INSIDE DETAIL,operating,FY2026,6,6009.0,7691.2,6009.0,2026-06-10,https://townofmarblehead-ma-ob.budget.socrata.com/#!/year/2026
BUDGETED ANNUAL FUNDS,GENERAL FUND - TOWN,FIRE,SALARIES,PROFESSIONAL SALARY,FIRE PREVENTION OFFICER,operating,FY2026,6,6000.0,5620.16,6000.0,2026-06-10,https://townofmarblehead-ma-ob.budget.socrata.com/#!/year/2026
BUDGETED ANNUAL FUNDS,GENERAL FUND - TOWN,FIRE,SALARIES,PROFESSIONAL SALARY,OUT OF RANK,operating,FY2026,6,6000.0,23593.24,6000.0,2026-06-10,https://townofmarblehead-ma-ob.budget.socrata.com/#!/year/2026
BUDGETED ANNUAL FUNDS,GENERAL FUND - TOWN,PUBLIC WORKS,EXPENSES,SUPPLIES AND MATL,SAFETY SUPPLIES/EQUIPMENT,operating,FY2026,6,6000.0,117.55,6000.0,2026-06-10,https://townofmarblehead-ma-ob.budget.socrata.com/#!/year/2026
BUDGETED ANNUAL FUNDS,GENERAL FUND - TOWN,FINANCE,EXPENSES,CONTRACTED SERVICES,ACCOUNTING,operating,FY2026,6,6000.0,1771.88,6000.0,2026-06-10,https://townofmarblehead-ma-ob.budget.socrata.com/#!/year/2026
BUDGETED ANNUAL FUNDS,GENERAL FUND - TOWN,BUILDING INSPECTION,EXPENSES,OTHER EXPENSE,IN-STATE TRAVEL,operating,FY2026,6,6000.0,2757.9,6000.0,2026-06-10,https://townofmarblehead-ma-ob.budget.socrata.com/#!/year/2026
BUDGETED ANNUAL FUNDS,GENERAL FUND - TOWN,FINANCE COMMITTEE,EXPENSES,SUPPLIES AND MATL,PRINTING/FORMS,operating,FY2026,6,6000.0,6000.0,6000.0,2026-06-10,https://townofmarblehead-ma-ob.budget.socrata.com/#!/year/2026
BUDGETED ANNUAL FUNDS,HARBOR ENTERPRISE OPERATING,HARBOR,EXPENSES,CONTRACTED SERVICES,R&M BUILDING AND GROUNDS,operating,FY2026,6,6000.0,6715.6,6000.0,2026-06-10,https://townofmarblehead-ma-ob.budget.socrata.com/#!/year/2026
BUDGETED ANNUAL FUNDS,HARBOR ENTERPRISE OPERATING,HARBOR,EXPENSES,CONTRACTED SERVICES,WATER/SEWER,operating,FY2026,6,6000.0,6598.65,6000.0,2026-06-10,https://townofmarblehead-ma-ob.budget.socrata.com/#!/year/2026
BUDGETED ANNUAL FUNDS,GENERAL FUND - TOWN,FIRE,EXPENSES,CONTRACTED SERVICES,WATER/SEWER,operating,FY2026,6,5989.0,3207.7,5989.0,2026-06-10,https://townofmarblehead-ma-ob.budget.socrata.com/#!/year/2026
OTHER FUNDS,"INSURANCE REIMBURS <$150,000",PUBLIC BUILDINGS,UNDEFINED,OFU,BALANCE FORWARD,operating,FY2026,6,5974.58,0,5974.58,2026-06-10,https://townofmarblehead-ma-ob.budget.socrata.com/#!/year/2026
BUDGETED ANNUAL FUNDS,GENERAL FUND - SCHOOL,GLOVER SCHOOL,UNDEFINED,SUPPLIES AND MATL,BOOKS,operating,FY2026,6,5964.0,5732.38,0,2026-06-10,https://townofmarblehead-ma-ob.budget.socrata.com/#!/year/2026
BUDGETED ANNUAL FUNDS,WATER ENTERPRISE OPERATING,WATER,EXPENSES,OFU,TRANSFER TO OPEB TRUST FUND,operating,FY2026,6,5945.0,5945.0,5945.0,2026-06-10,https://townofmarblehead-ma-ob.budget.socrata.com/#!/year/2026
BUDGETED ANNUAL FUNDS,SEWER ENTERPRISE OPERATING,SEWER,EXPENSES,OFU,TRANSFER TO OPEB TRUST FUND,operating,FY2026,6,5925.0,5925.0,5925.0,2026-06-10,https://townofmarblehead-ma-ob.budget.socrata.com/#!/year/2026
BUDGETED ANNUAL FUNDS,WATER ENTERPRISE OPERATING,WATER,SALARIES,PROFESSIONAL SALARY,INSIDE DETAIL,operating,FY2026,6,5900.0,94729.48,5900.0,2026-06-10,https://townofmarblehead-ma-ob.budget.socrata.com/#!/year/2026
OTHER FUNDS,YMCA ROAD IMPROV DONATION,SELECT BOARD,UNDEFINED,OFU,BALANCE FORWARD,operating,FY2026,6,5892.03,0,5892.03,2026-06-10,https://townofmarblehead-ma-ob.budget.socrata.com/#!/year/2026
OTHER FUNDS,TOWN CELEBRATION TRUST FUND,SELECT BOARD,UNDEFINED,OFU,BALANCE FORWARD,operating,FY2026,6,5884.61,0,5666.91,2026-06-10,https://townofmarblehead-ma-ob.budget.socrata.com/#!/year/2026
BUDGETED ANNUAL FUNDS,GENERAL FUND - TOWN,HEALTH,SALARIES,PROFESSIONAL SALARY,OVERTIME,operating,FY2026,6,5879.0,351.28,2879.0,2026-06-10,https://townofmarblehead-ma-ob.budget.socrata.com/#!/year/2026
BUDGETED ANNUAL FUNDS,GENERAL FUND - TOWN,FIRE,EXPENSES,SUPPLIES AND MATL,SMALL EQUIPMENT,operating,FY2026,6,5833.0,1812.09,5833.0,2026-06-10,https://townofmarblehead-ma-ob.budget.socrata.com/#!/year/2026
OTHER FUNDS,GLOVER SCHOOL DONATION,EDUCATION,UNDEFINED,OFU,BALANCE FORWARD,operating,FY2026,6,5832.88,0,0,2026-06-10,https://townofmarblehead-ma-ob.budget.socrata.com/#!/year/2026
BUDGETED ANNUAL FUNDS,GENERAL FUND - TOWN,ABBOT LIBRARY,EXPENSES,CONTRACTED SERVICES,R&M ALARM EQUIPMENT,operating,FY2026,6,5810.0,3764.25,5810.0,2026-06-10,https://townofmarblehead-ma-ob.budget.socrata.com/#!/year/2026
BUDGETED ANNUAL FUNDS,GENERAL FUND - TOWN,PARKS & RECREATION,EXPENSES,CONTRACTED SERVICES,ELECTRICITY,operating,FY2026,6,5750.0,4851.19,5750.0,2026-06-10,https://townofmarblehead-ma-ob.budget.socrata.com/#!/year/2026
BUDGETED ANNUAL FUNDS,GENERAL FUND - TOWN,CEMETERY,SALARIES,PROFESSIONAL SALARY,LONGEVITY,operating,FY2026,6,5625.0,5700.0,5625.0,2026-06-10,https://townofmarblehead-ma-ob.budget.socrata.com/#!/year/2026
OTHER FUNDS,HOBBS MEM BLDG REVOLVING,SELECT BOARD,UNDEFINED,OFU,BALANCE FORWARD,operating,FY2026,6,5616.0,0,18096.0,2026-06-10,https://townofmarblehead-ma-ob.budget.socrata.com/#!/year/2026
BUDGETED ANNUAL FUNDS,GENERAL FUND - TAX ARTICLES,FIRE,ART 6 2024 PURCHASE OF EQUIP,CAPITAL,COMPUTER EQUIPMENT,operating,FY2026,6,5608.55,0,5608.55,2026-06-10,https://townofmarblehead-ma-ob.budget.socrata.com/#!/year/2026
BUDGETED ANNUAL FUNDS,GENERAL FUND - TOWN,PUBLIC WORKS,EXPENSES,SUPPLIES AND MATL,SMALL TOOLS,operating,FY2026,6,5600.0,1427.98,5600.0,2026-06-10,https://townofmarblehead-ma-ob.budget.socrata.com/#!/year/2026
BUDGETED ANNUAL FUNDS,GENERAL FUND - TOWN,FINANCE,SALARIES,PROFESSIONAL SALARY,LONGEVITY,operating,FY2026,6,5525.0,4500.0,5525.0,2026-06-10,https://townofmarblehead-ma-ob.budget.socrata.com/#!/year/2026
BUDGETED ANNUAL FUNDS,GENERAL FUND - TOWN,FINANCE,EXPENSES,SUPPLIES AND MATL,MISC OFFICE SUPPLIES,operating,FY2026,6,5500.0,5092.53,5500.0,2026-06-10,https://townofmarblehead-ma-ob.budget.socrata.com/#!/year/2026
BUDGETED ANNUAL FUNDS,GENERAL FUND - TOWN,PARKS & RECREATION,PARK FACILITY,CONTRACTED SERVICES,R&M BUILDING AND GROUNDS,operating,FY2026,6,5500.0,2887.54,5500.0,2026-06-10,https://townofmarblehead-ma-ob.budget.socrata.com/#!/year/2026
BUDGETED ANNUAL FUNDS,GENERAL FUND - TOWN,SELECT BOARD,EXPENSES,OTHER EXPENSE,ELECTED OFFICIAL EXPENSES,operating,FY2026,6,5500.0,4500.0,5500.0,2026-06-10,https://townofmarblehead-ma-ob.budget.socrata.com/#!/year/2026
BUDGETED ANNUAL FUNDS,GENERAL FUND - TOWN,COUNCIL ON AGING,EXPENSES,SUPPLIES AND MATL,MISC OFFICE SUPPLIES,operating,FY2026,6,5500.0,2683.77,5500.0,2026-06-10,https://townofmarblehead-ma-ob.budget.socrata.com/#!/year/2026
BUDGETED ANNUAL FUNDS,SEWER ENTERPRISE OPERATING,SEWER,EXPENSES,CONTRACTED SERVICES,INFORMATION TECHNOLOGY,operating,FY2026,6,5500.0,11011.63,5500.0,2026-06-10,https://townofmarblehead-ma-ob.budget.socrata.com/#!/year/2026
BUDGETED ANNUAL FUNDS,GENERAL FUND - SCHOOL,GLOVER SCHOOL,UNDEFINED,OTHER EXPENSE,IN-STATE CONFERENCE,operating,FY2026,6,5440.0,379.0,2040.0,2026-06-10,https://townofmarblehead-ma-ob.budget.socrata.com/#!/year/2026
BUDGETED ANNUAL FUNDS,SEWER ENTERPRISE OPERATING,SEWER,EXPENSES,SUPPLIES AND MATL,MISC OFFICE SUPPLIES,operating,FY2026,6,5400.0,1419.44,5400.0,2026-06-10,https://townofmarblehead-ma-ob.budget.socrata.com/#!/year/2026
OTHER FUNDS,PARK FIELDS MAINT DONATION,PARKS & RECREATION,UNDEFINED,OFU,BALANCE FORWARD,operating,FY2026,6,5351.15,0,5351.15,2026-06-10,https://townofmarblehead-ma-ob.budget.socrata.com/#!/year/2026
OTHER FUNDS,ZEILA H HODGKINS SCHOLARSHIP,SELECT BOARD,UNDEFINED,OFU,BALANCE FORWARD,operating,FY2026,6,5315.82,0,5242.0,2026-06-10,https://townofmarblehead-ma-ob.budget.socrata.com/#!/year/2026
BUDGETED ANNUAL FUNDS,GENERAL FUND - TOWN,FINANCE,EXPENSES,SUPPLIES AND MATL,PRINTING/FORMS,operating,FY2026,6,5300.0,2309.0,5300.0,2026-06-10,https://townofmarblehead-ma-ob.budget.socrata.com/#!/year/2026
BUDGETED ANNUAL FUNDS,GENERAL FUND - TOWN,PUBLIC WORKS,EXPENSES,SUPPLIES AND MATL,UNIFORMS/PROTECTIVE CLOTHING,operating,FY2026,6,5280.0,1237.27,5280.0,2026-06-10,https://townofmarblehead-ma-ob.budget.socrata.com/#!/year/2026
BUDGETED ANNUAL FUNDS,GENERAL FUND - TOWN,PARKS & RECREATION,SALARIES,PROFESSIONAL SALARY,SICK BONUS ANNUAL,operating,FY2026,6,5250.0,0,5250.0,2026-06-10,https://townofmarblehead-ma-ob.budget.socrata.com/#!/year/2026
BUDGETED ANNUAL FUNDS,GENERAL FUND - TOWN,PARKS & RECREATION,PARK FACILITY,CONTRACTED SERVICES,WATER/SEWER,operating,FY2026,6,5250.0,5664.68,5250.0,2026-06-10,https://townofmarblehead-ma-ob.budget.socrata.com/#!/year/2026
OTHER FUNDS,FIRE DONATION FUND,FIRE,UNDEFINED,PROFESSIONAL SALARY,IN-SERVICE TRAINING,operating,FY2026,6,5250.0,0,0,2026-06-10,https://townofmarblehead-ma-ob.budget.socrata.com/#!/year/2026
OTHER FUNDS,CHAPLIN ROLLINS VFW SCHOLAR,SELECT BOARD,UNDEFINED,OFU,BALANCE FORWARD,operating,FY2026,6,5249.27,0,5209.57,2026-06-10,https://townofmarblehead-ma-ob.budget.socrata.com/#!/year/2026
BUDGETED ANNUAL FUNDS,GENERAL FUND - TOWN,FIRE,EXPENSES,SUPPLIES AND MATL,TIRES,operating,FY2026,6,5132.0,4016.35,5132.0,2026-06-10,https://townofmarblehead-ma-ob.budget.socrata.com/#!/year/2026
BUDGETED ANNUAL FUNDS,GENERAL FUND - SCHOOL,DISTRICTWIDE,UNDEFINED,CONTRACTED SERVICES,TESTING SERVICES,operating,FY2026,6,5100.0,0,21200.0,2026-06-10,https://townofmarblehead-ma-ob.budget.socrata.com/#!/year/2026
BUDGETED ANNUAL FUNDS,GENERAL FUND - SCHOOL,DISTRICTWIDE,UNDEFINED,CAPITAL,EQUIPMENT (NEW),operating,FY2026,6,5100.0,0,5100.0,2026-06-10,https://townofmarblehead-ma-ob.budget.socrata.com/#!/year/2026
BUDGETED ANNUAL FUNDS,GENERAL FUND - SCHOOL,MIDDLE SCHOOL,UNDEFINED,CONTRACTED SERVICES,OTHER PURCHASED SERVICES,operating,FY2026,6,5100.0,4604.0,5100.0,2026-06-10,https://townofmarblehead-ma-ob.budget.socrata.com/#!/year/2026
BUDGETED ANNUAL FUNDS,GENERAL FUND - SCHOOL,BROWN SCHOOL,UNDEFINED,OTHER EXPENSE,EDUCATIONAL SOFTWARE,operating,FY2026,6,5100.0,0,5100.0,2026-06-10,https://townofmarblehead-ma-ob.budget.socrata.com/#!/year/2026
BUDGETED ANNUAL FUNDS,GENERAL FUND - TOWN,ELECTION & REGISTRATION,EXPENSES,CONTRACTED SERVICES,RENTAL-EQUIPMENT,operating,FY2026,6,5090.0,0,5090.0,2026-06-10,https://townofmarblehead-ma-ob.budget.socrata.com/#!/year/2026
BUDGETED ANNUAL FUNDS,GENERAL FUND - TOWN,ASSESSORS,EXPENSES,OTHER EXPENSE,DUES,operating,FY2026,6,5088.0,2379.0,1200.0,2026-06-10,https://townofmarblehead-ma-ob.budget.socrata.com/#!/year/2026
BUDGETED ANNUAL FUNDS,GENERAL FUND - TOWN,FIRE,EXPENSES,CONTRACTED SERVICES,CELLULAR PHONES,operating,FY2026,6,5050.0,3749.24,5050.0,2026-06-10,https://townofmarblehead-ma-ob.budget.socrata.com/#!/year/2026
BUDGETED ANNUAL FUNDS,GENERAL FUND - TOWN,FIRE,EXPENSES,CONTRACTED SERVICES,INFORMATION TECHNOLOGY,operating,FY2026,6,5028.0,25642.11,5028.0,2026-06-10,https://townofmarblehead-ma-ob.budget.socrata.com/#!/year/2026
BUDGETED ANNUAL FUNDS,GENERAL FUND - TOWN,FIRE,SALARIES,PROFESSIONAL SALARY,TRAIN ACADEMY,operating,FY2026,6,5000.0,0,5000.0,2026-06-10,https://townofmarblehead-ma-ob.budget.socrata.com/#!/year/2026
BUDGETED ANNUAL FUNDS,GENERAL FUND - TOWN,FIRE,EXPENSES,SUPPLIES AND MATL,GASOLINE UNLEADED,operating,FY2026,6,5000.0,3945.69,5000.0,2026-06-10,https://townofmarblehead-ma-ob.budget.socrata.com/#!/year/2026
BUDGETED ANNUAL FUNDS,GENERAL FUND - TOWN,FIRE,EXPENSES,SUPPLIES AND MATL,MISC OTHER SUPPLIES,operating,FY2026,6,5000.0,758.0,5000.0,2026-06-10,https://townofmarblehead-ma-ob.budget.socrata.com/#!/year/2026
BUDGETED ANNUAL FUNDS,GENERAL FUND - TOWN,POLICE,SALARIES,OTHER EXPENSE,INJURY LEAVE BILLS,operating,FY2026,6,5000.0,0,5000.0,2026-06-10,https://townofmarblehead-ma-ob.budget.socrata.com/#!/year/2026
BUDGETED ANNUAL FUNDS,GENERAL FUND - TOWN,WASTE COLLECTION,EXPENSES,CONTRACTED SERVICES,R&M BUILDING AND GROUNDS,operating,FY2026,6,5000.0,7203.77,5000.0,2026-06-10,https://townofmarblehead-ma-ob.budget.socrata.com/#!/year/2026
BUDGETED ANNUAL FUNDS,GENERAL FUND - TOWN,WASTE COLLECTION,EXPENSES,CONTRACTED SERVICES,R&M SCALES,operating,FY2026,6,5000.0,0,5000.0,2026-06-10,https://townofmarblehead-ma-ob.budget.socrata.com/#!/year/2026
BUDGETED ANNUAL FUNDS,GENERAL FUND - TOWN,PUBLIC WORKS,PW MAINTAIN STREETS & SIDEWALK,OTHER EXPENSE,OTHER MISC EXPENSE,operating,FY2026,6,5000.0,5350.86,5000.0,2026-06-10,https://townofmarblehead-ma-ob.budget.socrata.com/#!/year/2026
BUDGETED ANNUAL FUNDS,GENERAL FUND - TOWN,FINANCE,EXPENSES,OTHER EXPENSE,OTHER MISC EXPENSE,operating,FY2026,6,5000.0,6612.0,5000.0,2026-06-10,https://townofmarblehead-ma-ob.budget.socrata.com/#!/year/2026
BUDGETED ANNUAL FUNDS,GENERAL FUND - TOWN,PARKS & RECREATION,EXPENSES,CONTRACTED SERVICES,R&M PLAYGROUND EQUIP,operating,FY2026,6,5000.0,3060.95,5000.0,2026-06-10,https://townofmarblehead-ma-ob.budget.socrata.com/#!/year/2026
BUDGETED ANNUAL FUNDS,GENERAL FUND - TOWN,SELECT BOARD,SALARIES,PROFESSIONAL SALARY,STIPENDS,operating,FY2026,6,5000.0,2000.0,5000.0,2026-06-10,https://townofmarblehead-ma-ob.budget.socrata.com/#!/year/2026
BUDGETED ANNUAL FUNDS,GENERAL FUND - TOWN,SELECT BOARD,EXPENSES,OTHER EXPENSE,IN-STATE TRAVEL,operating,FY2026,6,5000.0,5841.83,5000.0,2026-06-10,https://townofmarblehead-ma-ob.budget.socrata.com/#!/year/2026
BUDGETED ANNUAL FUNDS,GENERAL FUND - TOWN,COMMUNITY DEVELOP AND PLANNING,EXPENSES,SUPPLIES AND MATL,MISC OFFICE SUPPLIES,operating,FY2026,6,5000.0,2109.79,5000.0,2026-06-10,https://townofmarblehead-ma-ob.budget.socrata.com/#!/year/2026
BUDGETED ANNUAL FUNDS,GENERAL FUND - TOWN,PUBLIC BUILDINGS,EXPENSES,SUPPLIES AND MATL,MISC BLDG R&M SUPPLIES,operating,FY2026,6,5000.0,1333.46,5000.0,2026-06-10,https://townofmarblehead-ma-ob.budget.socrata.com/#!/year/2026
BUDGETED ANNUAL FUNDS,GENERAL FUND - TOWN,TOWN CLERK,EXPENSES,CONTRACTED SERVICES,POSTAGE,operating,FY2026,6,5000.0,1530.7,5000.0,2026-06-10,https://townofmarblehead-ma-ob.budget.socrata.com/#!/year/2026
BUDGETED ANNUAL FUNDS,WATER ENTERPRISE OPERATING,WATER,EXPENSES,CONTRACTED SERVICES,R&M BUILDING AND GROUNDS,operating,FY2026,6,5000.0,1933.19,5000.0,2026-06-10,https://townofmarblehead-ma-ob.budget.socrata.com/#!/year/2026
BUDGETED ANNUAL FUNDS,SEWER ENTERPRISE OPERATING,SEWER,EXPENSES,SUPPLIES AND MATL,SAFETY SUPPLIES/EQUIPMENT,operating,FY2026,6,5000.0,1911.79,5000.0,2026-06-10,https://townofmarblehead-ma-ob.budget.socrata.com/#!/year/2026
BUDGETED ANNUAL FUNDS,SEWER ENTERPRISE OPERATING,SEWER,EXPENSES,SUPPLIES AND MATL,UNIFORMS/PROTECTIVE CLOTHING,operating,FY2026,6,5000.0,2135.08,5000.0,2026-06-10,https://townofmarblehead-ma-ob.budget.socrata.com/#!/year/2026
BUDGETED ANNUAL FUNDS,SEWER ENTERPRISE OPERATING,SEWER,EXPENSES,CAPITAL,COMPUTER EQUIPMENT,operating,FY2026,6,5000.0,0,5000.0,2026-06-10,https://townofmarblehead-ma-ob.budget.socrata.com/#!/year/2026
OTHER FUNDS,FINE ARTS REVOLVING,EDUCATION,UNDEFINED,PROFESSIONAL SALARY,PERSONAL SERVICES,operating,FY2026,6,5000.0,0,5000.0,2026-06-10,https://townofmarblehead-ma-ob.budget.socrata.com/#!/year/2026
OTHER FUNDS,GUDIANCE SERVICES FUND,EDUCATION,UNDEFINED,OTHER EXPENSE,OTHER EXPENSES,operating,FY2026,6,5000.0,0,5000.0,2026-06-10,https://townofmarblehead-ma-ob.budget.socrata.com/#!/year/2026
OTHER FUNDS,GUDIANCE SERVICES FUND,EDUCATION,UNDEFINED,SUPPLIES AND MATL,SUPPLIES,operating,FY2026,6,5000.0,0,5000.0,2026-06-10,https://townofmarblehead-ma-ob.budget.socrata.com/#!/year/2026
OTHER FUNDS,GLOVER SCHOOL DONATION,EDUCATION,UNDEFINED,OTHER EXPENSE,OTHER EXPENSES,operating,FY2026,6,5000.0,11783.94,5000.0,2026-06-10,https://townofmarblehead-ma-ob.budget.socrata.com/#!/year/2026
OTHER FUNDS,LOST BOOKS,EDUCATION,UNDEFINED,SUPPLIES AND MATL,SUPPLIES,operating,FY2026,6,5000.0,0,5000.0,2026-06-10,https://townofmarblehead-ma-ob.budget.socrata.com/#!/year/2026
BUDGETED ANNUAL FUNDS,GENERAL FUND - SCHOOL,MIDDLE SCHOOL,UNDEFINED,CONTRACTED SERVICES,PROFESSIONAL & TECHNICAL,operating,FY2026,6,4947.0,884.05,4947.0,2026-06-10,https://townofmarblehead-ma-ob.budget.socrata.com/#!/year/2026
BUDGETED ANNUAL FUNDS,GENERAL FUND - SCHOOL,GLOVER SCHOOL,UNDEFINED,OTHER EXPENSE,EDUCATIONAL SOFTWARE,operating,FY2026,6,4916.0,3476.25,6072.0,2026-06-10,https://townofmarblehead-ma-ob.budget.socrata.com/#!/year/2026
OTHER FUNDS,CYBER SECURITY GRANT,SELECT BOARD,UNDEFINED,OFU,BALANCE FORWARD,operating,FY2026,6,4915.0,0,4915.0,2026-06-10,https://townofmarblehead-ma-ob.budget.socrata.com/#!/year/2026
OTHER FUNDS,GREEN STREET PEER REVIEW,DRAINS,UNDEFINED,OFU,BALANCE FORWARD,operating,FY2026,6,4902.28,0,4798.4,2026-06-10,https://townofmarblehead-ma-ob.budget.socrata.com/#!/year/2026
BUDGETED ANNUAL FUNDS,GENERAL FUND - TAX ARTICLES,FIRE,A9 2022 PURCHASE OF EQUIP,CAPITAL,MOTOR VEHICLE,operating,FY2026,6,4807.52,0,4807.52,2026-06-10,https://townofmarblehead-ma-ob.budget.socrata.com/#!/year/2026
BUDGETED ANNUAL FUNDS,HARBOR ENTERPRISE OPERATING,HARBOR,EXPENSES,CONTRACTED SERVICES,R&M BOAT,operating,FY2026,6,4800.0,8016.27,4800.0,2026-06-10,https://townofmarblehead-ma-ob.budget.socrata.com/#!/year/2026
BUDGETED ANNUAL FUNDS,GENERAL FUND - TOWN,ELECTION & REGISTRATION,EXPENSES,CONTRACTED SERVICES,INFORMATION TECHNOLOGY,operating,FY2026,6,4700.0,0,4700.0,2026-06-10,https://townofmarblehead-ma-ob.budget.socrata.com/#!/year/2026
BUDGETED ANNUAL FUNDS,GENERAL FUND - TOWN,SNOW REMOVAL,EXPENSES,SUPPLIES AND MATL,GASOLINE UNLEADED,operating,FY2026,6,4654.0,7009.11,4654.0,2026-06-10,https://townofmarblehead-ma-ob.budget.socrata.com/#!/year/2026
OTHER FUNDS,ELAINE HOFF SORENSON LIBRARY,ABBOT LIBRARY,UNDEFINED,CONTRACTED SERVICES,OTHER PROF & TECHNICAL,operating,FY2026,6,4618.1,0,0,2026-06-10,https://townofmarblehead-ma-ob.budget.socrata.com/#!/year/2026
BUDGETED ANNUAL FUNDS,SEWER ENTERPRISE OPERATING,SEWER,EXPENSES,CONTRACTED SERVICES,CELLULAR PHONES,operating,FY2026,6,4600.0,1565.74,4600.0,2026-06-10,https://townofmarblehead-ma-ob.budget.socrata.com/#!/year/2026
BUDGETED ANNUAL FUNDS,SEWER ENTERPRISE OPERATING,SEWER,EXPENSES,CONTRACTED SERVICES,TELEPHONE,operating,FY2026,6,4580.0,2385.76,4580.0,2026-06-10,https://townofmarblehead-ma-ob.budget.socrata.com/#!/year/2026
BUDGETED ANNUAL FUNDS,GENERAL FUND - TOWN,WASTE COLLECTION,EXPENSES,CONTRACTED SERVICES,R&M HAULING EQUIPMENT,operating,FY2026,6,4500.0,677.45,4500.0,2026-06-10,https://townofmarblehead-ma-ob.budget.socrata.com/#!/year/2026
BUDGETED ANNUAL FUNDS,GENERAL FUND - TOWN,CEMETERY,EXPENSES,SUPPLIES AND MATL,WREATHS & FLOWERS,operating,FY2026,6,4500.0,4898.85,4500.0,2026-06-10,https://townofmarblehead-ma-ob.budget.socrata.com/#!/year/2026
BUDGETED ANNUAL FUNDS,WATER ENTERPRISE OPERATING,WATER,EXPENSES,SUPPLIES AND MATL,STATION EQUIP & SUPPLIES,operating,FY2026,6,4500.0,323.47,4500.0,2026-06-10,https://townofmarblehead-ma-ob.budget.socrata.com/#!/year/2026
BUDGETED ANNUAL FUNDS,SEWER ENTERPRISE OPERATING,SEWER,EXPENSES,OTHER EXPENSE,LICENSE/PERMITS EXPENSE,operating,FY2026,6,4500.0,3617.5,4500.0,2026-06-10,https://townofmarblehead-ma-ob.budget.socrata.com/#!/year/2026
BUDGETED ANNUAL FUNDS,HARBOR ENTERPRISE OPERATING,HARBOR,EXPENSES,CONTRACTED SERVICES,ELECTRICITY,operating,FY2026,6,4500.0,5292.24,4500.0,2026-06-10,https://townofmarblehead-ma-ob.budget.socrata.com/#!/year/2026
OTHER FUNDS,LIBRARY PROGRAM FUND,ABBOT LIBRARY,UNDEFINED,OFU,BALANCE FORWARD,operating,FY2026,6,4481.28,0,1981.28,2026-06-10,https://townofmarblehead-ma-ob.budget.socrata.com/#!/year/2026
BUDGETED ANNUAL FUNDS,GENERAL FUND - TOWN,WASTE COLLECTION,SALARIES,PROFESSIONAL SALARY,SICK BONUS ANNUAL,operating,FY2026,6,4475.0,750.0,4475.0,2026-06-10,https://townofmarblehead-ma-ob.budget.socrata.com/#!/year/2026
BUDGETED ANNUAL FUNDS,GENERAL FUND - TOWN,FINANCE,SALARIES,PROFESSIONAL SALARY,STIPENDS,operating,FY2026,6,4430.6,4622.9,3000.0,2026-06-10,https://townofmarblehead-ma-ob.budget.socrata.com/#!/year/2026
OTHER FUNDS,MARBLEHEAD FAMILY DONATION,SELECT BOARD,UNDEFINED,CONTRACTED SERVICES,OTHER PROF & TECHNICAL,operating,FY2026,6,4429.8,0,0,2026-06-10,https://townofmarblehead-ma-ob.budget.socrata.com/#!/year/2026
BUDGETED ANNUAL FUNDS,GENERAL FUND - TOWN,WASTE COLLECTION,SALARIES,PROFESSIONAL SALARY,LONGEVITY,operating,FY2026,6,4393.0,5220.0,4393.0,2026-06-10,https://townofmarblehead-ma-ob.budget.socrata.com/#!/year/2026
OTHER FUNDS,M E & E L HUMPHREY SCHOLARSHIP,SELECT BOARD,UNDEFINED,OFU,BALANCE FORWARD,operating,FY2026,6,4300.58,0,4299.68,2026-06-10,https://townofmarblehead-ma-ob.budget.socrata.com/#!/year/2026
OTHER FUNDS,OFF DUTY WORK-PUBLIC BUILDING,PUBLIC BUILDINGS,UNDEFINED,UNDEFINED,EXPENSES,operating,FY2026,6,4266.59,4072.89,0,2026-06-10,https://townofmarblehead-ma-ob.budget.socrata.com/#!/year/2026
BUDGETED ANNUAL FUNDS,WATER ENTERPRISE OPERATING,WATER,EXPENSES,CONTRACTED SERVICES,CELLULAR PHONES,operating,FY2026,6,4200.0,1565.75,4200.0,2026-06-10,https://townofmarblehead-ma-ob.budget.socrata.com/#!/year/2026
OTHER FUNDS,RYAN WALTER FADER DONATION,SELECT BOARD,UNDEFINED,OFU,BALANCE FORWARD,operating,FY2026,6,4197.5,0,4197.5,2026-06-10,https://townofmarblehead-ma-ob.budget.socrata.com/#!/year/2026
OTHER FUNDS,JUDY & GENE JOCOBI COMM CTR,SELECT BOARD,UNDEFINED,OFU,BALANCE FORWARD,operating,FY2026,6,4172.77,0,4172.77,2026-06-10,https://townofmarblehead-ma-ob.budget.socrata.com/#!/year/2026
BUDGETED ANNUAL FUNDS,GENERAL FUND - TOWN,FIRE,SALARIES,PROFESSIONAL SALARY,FIRE MECHANIC,operating,FY2026,6,4166.0,3887.54,4166.0,2026-06-10,https://townofmarblehead-ma-ob.budget.socrata.com/#!/year/2026
BUDGETED ANNUAL FUNDS,GENERAL FUND - TOWN,POLICE,SALARIES,PROFESSIONAL SALARY,TELECOMMUNICATOR STIPEND,operating,FY2026,6,4160.0,2048.0,4160.0,2026-06-10,https://townofmarblehead-ma-ob.budget.socrata.com/#!/year/2026
OTHER FUNDS,ELEANOR M DYER SCHOLARSHIP,SELECT BOARD,UNDEFINED,OFU,BALANCE FORWARD,operating,FY2026,6,4098.84,0,4062.67,2026-06-10,https://townofmarblehead-ma-ob.budget.socrata.com/#!/year/2026
BUDGETED ANNUAL FUNDS,GENERAL FUND - SCHOOL,HIGH SCHOOL,UNDEFINED,SUPPLIES AND MATL,PAPER & PRINTER SUPPLIES,operating,FY2026,6,4080.0,1523.58,4080.0,2026-06-10,https://townofmarblehead-ma-ob.budget.socrata.com/#!/year/2026
BUDGETED ANNUAL FUNDS,GENERAL FUND - SCHOOL,BROWN SCHOOL,UNDEFINED,SUPPLIES AND MATL,TESTING SUPPLIES,operating,FY2026,6,4080.0,0,4080.0,2026-06-10,https://townofmarblehead-ma-ob.budget.socrata.com/#!/year/2026
OTHER FUNDS,SKATEBOARD PARK DONATION,PARKS & RECREATION,UNDEFINED,OFU,BALANCE FORWARD,operating,FY2026,6,4021.44,0,4021.44,2026-06-10,https://townofmarblehead-ma-ob.budget.socrata.com/#!/year/2026
BUDGETED ANNUAL FUNDS,GENERAL FUND - TOWN,FIRE,SALARIES,PROFESSIONAL SALARY,FIRE EMERGENCY MNGT STIPEND,operating,FY2026,6,4000.0,3747.74,4000.0,2026-06-10,https://townofmarblehead-ma-ob.budget.socrata.com/#!/year/2026
BUDGETED ANNUAL FUNDS,GENERAL FUND - TOWN,FIRE,SALARIES,PROFESSIONAL SALARY,FIRE EMT COORDINATOR,operating,FY2026,6,4000.0,3669.86,4000.0,2026-06-10,https://townofmarblehead-ma-ob.budget.socrata.com/#!/year/2026
BUDGETED ANNUAL FUNDS,GENERAL FUND - TOWN,FIRE,SALARIES,PROFESSIONAL SALARY,FIRE TRAINING OFFICER,operating,FY2026,6,4000.0,3439.1,4000.0,2026-06-10,https://townofmarblehead-ma-ob.budget.socrata.com/#!/year/2026
BUDGETED ANNUAL FUNDS,GENERAL FUND - TOWN,PARKS & RECREATION,SALARIES,PROFESSIONAL SALARY,OVERTIME,operating,FY2026,6,4000.0,2061.94,4000.0,2026-06-10,https://townofmarblehead-ma-ob.budget.socrata.com/#!/year/2026
BUDGETED ANNUAL FUNDS,GENERAL FUND - TOWN,PARKS & RECREATION,EXPENSES,SUPPLIES AND MATL,GROUNDSKEEPING SUPPLIES,operating,FY2026,6,4000.0,1300.57,4000.0,2026-06-10,https://townofmarblehead-ma-ob.budget.socrata.com/#!/year/2026
BUDGETED ANNUAL FUNDS,GENERAL FUND - TOWN,SELECT BOARD,EXPENSES,SUPPLIES AND MATL,TOWN REPORT,operating,FY2026,6,4000.0,3905.78,4000.0,2026-06-10,https://townofmarblehead-ma-ob.budget.socrata.com/#!/year/2026
BUDGETED ANNUAL FUNDS,GENERAL FUND - TOWN,BUILDING INSPECTION,SALARIES,PROFESSIONAL SALARY,SICK BONUS ANNUAL,operating,FY2026,6,4000.0,1500.0,4000.0,2026-06-10,https://townofmarblehead-ma-ob.budget.socrata.com/#!/year/2026
BUDGETED ANNUAL FUNDS,GENERAL FUND - TOWN,ASSESSORS,EXPENSES,SUPPLIES AND MATL,MISC OFFICE SUPPLIES,operating,FY2026,6,4000.0,969.95,4000.0,2026-06-10,https://townofmarblehead-ma-ob.budget.socrata.com/#!/year/2026
BUDGETED ANNUAL FUNDS,GENERAL FUND - TOWN,HEALTH,EXPENSES,CONTRACTED SERVICES,HEALING ABUSE WORKING CHNG,operating,FY2026,6,4000.0,4000.0,4000.0,2026-06-10,https://townofmarblehead-ma-ob.budget.socrata.com/#!/year/2026
BUDGETED ANNUAL FUNDS,GENERAL FUND - TOWN,TOWN CLERK,SALARIES,PROFESSIONAL SALARY,ANNUAL TOWN MEETING SALARIES,operating,FY2026,6,4000.0,1350.0,4000.0,2026-06-10,https://townofmarblehead-ma-ob.budget.socrata.com/#!/year/2026
BUDGETED ANNUAL FUNDS,GENERAL FUND - TOWN,PLANNING BOARD,EXPENSES,CONTRACTED SERVICES,LEGAL SERVICES,operating,FY2026,6,4000.0,4880.5,4000.0,2026-06-10,https://townofmarblehead-ma-ob.budget.socrata.com/#!/year/2026
BUDGETED ANNUAL FUNDS,WATER ENTERPRISE OPERATING,WATER,EXPENSES,SUPPLIES AND MATL,SAFETY SUPPLIES/EQUIPMENT,operating,FY2026,6,4000.0,1895.03,4000.0,2026-06-10,https://townofmarblehead-ma-ob.budget.socrata.com/#!/year/2026
BUDGETED ANNUAL FUNDS,WATER ENTERPRISE OPERATING,WATER,EXPENSES,GOVERNMENTAL,TAXES,operating,FY2026,6,4000.0,2524.29,4000.0,2026-06-10,https://townofmarblehead-ma-ob.budget.socrata.com/#!/year/2026
OTHER FUNDS,MOUND RD DRAINAGE MAINT FUND,SELECT BOARD,UNDEFINED,OFU,BALANCE FORWARD,operating,FY2026,6,4000.0,0,4000.0,2026-06-10,https://townofmarblehead-ma-ob.budget.socrata.com/#!/year/2026
BUDGETED ANNUAL FUNDS,GENERAL FUND - SCHOOL,HIGH SCHOOL,UNDEFINED,CONTRACTED SERVICES,POSTAGE,operating,FY2026,6,3874.0,2000.0,0,2026-06-10,https://townofmarblehead-ma-ob.budget.socrata.com/#!/year/2026
OTHER FUNDS,JAMES J H GREGORY TWIN FUND,SELECT BOARD,UNDEFINED,OFU,BALANCE FORWARD,operating,FY2026,6,3861.27,0,3860.51,2026-06-10,https://townofmarblehead-ma-ob.budget.socrata.com/#!/year/2026
BUDGETED ANNUAL FUNDS,GENERAL FUND - TOWN,PUBLIC WORKS,EXPENSES,SUPPLIES AND MATL,MISC CUSTODIAL SUPPLIES,operating,FY2026,6,3850.0,2443.99,3850.0,2026-06-10,https://townofmarblehead-ma-ob.budget.socrata.com/#!/year/2026
BUDGETED ANNUAL FUNDS,GENERAL FUND - TOWN,POLICE,EXPENSES,CONTRACTED SERVICES,MEDICAL/DOCTOR SERVICES,operating,FY2026,6,3845.0,940.0,3845.0,2026-06-10,https://townofmarblehead-ma-ob.budget.socrata.com/#!/year/2026
BUDGETED ANNUAL FUNDS,GENERAL FUND - TOWN,FIRE,EXPENSES,CONTRACTED SERVICES,MEDICAL/DOCTOR SERVICES,operating,FY2026,6,3833.0,0,3833.0,2026-06-10,https://townofmarblehead-ma-ob.budget.socrata.com/#!/year/2026
BUDGETED ANNUAL FUNDS,GENERAL FUND - TOWN,HEALTH,EXPENSES,SUPPLIES AND MATL,MISC MEDICAL & SURGICAL,operating,FY2026,6,3800.0,3175.0,3800.0,2026-06-10,https://townofmarblehead-ma-ob.budget.socrata.com/#!/year/2026
BUDGETED ANNUAL FUNDS,HARBOR ENTERPRISE OPERATING,HARBOR,EXPENSES,CONTRACTED SERVICES,CELLULAR PHONES,operating,FY2026,6,3800.0,2518.21,3800.0,2026-06-10,https://townofmarblehead-ma-ob.budget.socrata.com/#!/year/2026
OTHER FUNDS,GRANDSTAND DONATION,SELECT BOARD,UNDEFINED,OFU,BALANCE FORWARD,operating,FY2026,6,3769.39,0,3769.39,2026-06-10,https://townofmarblehead-ma-ob.budget.socrata.com/#!/year/2026
OTHER FUNDS,SHARED STREETS FY21-OUTDOOR,PUBLIC WORKS,UNDEFINED,OFU,BALANCE FORWARD,operating,FY2026,6,3763.19,0,3763.19,2026-06-10,https://townofmarblehead-ma-ob.budget.socrata.com/#!/year/2026
BUDGETED ANNUAL FUNDS,GENERAL FUND - TOWN,FIRE,EXPENSES,OTHER EXPENSE,DUES,operating,FY2026,6,3737.0,239.0,3737.0,2026-06-10,https://townofmarblehead-ma-ob.budget.socrata.com/#!/year/2026
BUDGETED ANNUAL FUNDS,GENERAL FUND - TOWN,PUBLIC BUILDINGS,EXPENSES,SUPPLIES AND MATL,FIREFIGHTING SUPPLIES,operating,FY2026,6,3700.0,2000.0,3700.0,2026-06-10,https://townofmarblehead-ma-ob.budget.socrata.com/#!/year/2026
BUDGETED ANNUAL FUNDS,GENERAL FUND - SCHOOL,GLOVER SCHOOL,UNDEFINED,SUPPLIES AND MATL,INSTRUCTIONAL EQUIPMENT,operating,FY2026,6,3605.0,1424.82,0,2026-06-10,https://townofmarblehead-ma-ob.budget.socrata.com/#!/year/2026
BUDGETED ANNUAL FUNDS,GENERAL FUND - TOWN,PARKS & RECREATION,SALARIES,PROFESSIONAL SALARY,NIGHT MTG CLERICAL STIPEND,operating,FY2026,6,3600.0,4800.0,3600.0,2026-06-10,https://townofmarblehead-ma-ob.budget.socrata.com/#!/year/2026
BUDGETED ANNUAL FUNDS,WATER ENTERPRISE OPERATING,WATER,EXPENSES,CONTRACTED SERVICES,RENTAL-PHOTOCOPIER,operating,FY2026,6,3600.0,1721.43,3600.0,2026-06-10,https://townofmarblehead-ma-ob.budget.socrata.com/#!/year/2026
BUDGETED ANNUAL FUNDS,SEWER ENTERPRISE OPERATING,SEWER,EXPENSES,CONTRACTED SERVICES,RENTAL-PHOTOCOPIER,operating,FY2026,6,3600.0,1721.42,3600.0,2026-06-10,https://townofmarblehead-ma-ob.budget.socrata.com/#!/year/2026
BUDGETED ANNUAL FUNDS,GENERAL FUND - TOWN,TOWN CLERK,EXPENSES,CONTRACTED SERVICES,OTHER PROF & TECHNICAL,operating,FY2026,6,3580.0,2795.0,3580.0,2026-06-10,https://townofmarblehead-ma-ob.budget.socrata.com/#!/year/2026
BUDGETED ANNUAL FUNDS,GENERAL FUND - TOWN,POLICE,EXPENSES,SUPPLIES AND MATL,TIRES,operating,FY2026,6,3578.0,5453.0,3578.0,2026-06-10,https://townofmarblehead-ma-ob.budget.socrata.com/#!/year/2026
BUDGETED ANNUAL FUNDS,GENERAL FUND - TOWN,PUBLIC WORKS,EXPENSES,SUPPLIES AND MATL,PHOTOCOPYING SUPPLIES,operating,FY2026,6,3540.0,2840.09,3540.0,2026-06-10,https://townofmarblehead-ma-ob.budget.socrata.com/#!/year/2026
OTHER FUNDS,HARRISON CLOSSON CHARITY,SELECT BOARD,UNDEFINED,OFU,BALANCE FORWARD,operating,FY2026,6,3525.37,0,3423.12,2026-06-10,https://townofmarblehead-ma-ob.budget.socrata.com/#!/year/2026
BUDGETED ANNUAL FUNDS,GENERAL FUND - TOWN,HEALTH,EXPENSES,CONTRACTED SERVICES,TESTING SERVICES,operating,FY2026,6,3525.0,1137.0,3525.0,2026-06-10,https://townofmarblehead-ma-ob.budget.socrata.com/#!/year/2026
BUDGETED ANNUAL FUNDS,GENERAL FUND - TOWN,PUBLIC WORKS,EXPENSES,CONTRACTED SERVICES,R&M OFFICE EQUIPMENT,operating,FY2026,6,3500.0,0,3500.0,2026-06-10,https://townofmarblehead-ma-ob.budget.socrata.com/#!/year/2026
BUDGETED ANNUAL FUNDS,GENERAL FUND - TOWN,PARKS & RECREATION,EXPENSES,CONTRACTED SERVICES,R&M PASSIVE PARKS,operating,FY2026,6,3500.0,0,3500.0,2026-06-10,https://townofmarblehead-ma-ob.budget.socrata.com/#!/year/2026
BUDGETED ANNUAL FUNDS,GENERAL FUND - TOWN,BUILDING INSPECTION,EXPENSES,SUPPLIES AND MATL,MISC OFFICE SUPPLIES,operating,FY2026,6,3500.0,1337.71,3500.0,2026-06-10,https://townofmarblehead-ma-ob.budget.socrata.com/#!/year/2026
BUDGETED ANNUAL FUNDS,GENERAL FUND - TOWN,ELECTION & REGISTRATION,EXPENSES,SUPPLIES AND MATL,MISC OFFICE SUPPLIES,operating,FY2026,6,3500.0,221.85,3500.0,2026-06-10,https://townofmarblehead-ma-ob.budget.socrata.com/#!/year/2026
BUDGETED ANNUAL FUNDS,GENERAL FUND - TOWN,ELECTION & REGISTRATION,EXPENSES,CONTRACTED SERVICES,OTHER PROF & TECHNICAL,operating,FY2026,6,3500.0,114.24,3500.0,2026-06-10,https://townofmarblehead-ma-ob.budget.socrata.com/#!/year/2026
BUDGETED ANNUAL FUNDS,WATER ENTERPRISE OPERATING,WATER,EXPENSES,CONTRACTED SERVICES,R&M COMPUTER EQUIPMENT,operating,FY2026,6,3500.0,851.08,3500.0,2026-06-10,https://townofmarblehead-ma-ob.budget.socrata.com/#!/year/2026
BUDGETED ANNUAL FUNDS,WATER ENTERPRISE OPERATING,WATER,EXPENSES,CONTRACTED SERVICES,R&M RADIO,operating,FY2026,6,3500.0,0,3500.0,2026-06-10,https://townofmarblehead-ma-ob.budget.socrata.com/#!/year/2026
BUDGETED ANNUAL FUNDS,SEWER ENTERPRISE OPERATING,SEWER,EXPENSES,CONTRACTED SERVICES,R&M COMPUTER EQUIPMENT,operating,FY2026,6,3500.0,0,3500.0,2026-06-10,https://townofmarblehead-ma-ob.budget.socrata.com/#!/year/2026
BUDGETED ANNUAL FUNDS,SEWER ENTERPRISE OPERATING,SEWER,EXPENSES,CONTRACTED SERVICES,R&M RADIO,operating,FY2026,6,3500.0,900.27,3500.0,2026-06-10,https://townofmarblehead-ma-ob.budget.socrata.com/#!/year/2026
BUDGETED ANNUAL FUNDS,HARBOR ENTERPRISE OPERATING,HARBOR,EXPENSES,CONTRACTED SERVICES,MOORING/BARGE SERVICE,operating,FY2026,6,3500.0,8542.32,3500.0,2026-06-10,https://townofmarblehead-ma-ob.budget.socrata.com/#!/year/2026
OTHER FUNDS,A25 2005 ROBINSON PROPERTY,SELECT BOARD,UNDEFINED,CAPITAL,LAND,operating,FY2026,6,3491.0,0,3491.0,2026-06-10,https://townofmarblehead-ma-ob.budget.socrata.com/#!/year/2026
OTHER FUNDS,LEAD MILLS DONATION FUND,CONSERVATION COMMISSION,UNDEFINED,OFU,BALANCE FORWARD,operating,FY2026,6,3428.65,0,3355.73,2026-06-10,https://townofmarblehead-ma-ob.budget.socrata.com/#!/year/2026
BUDGETED ANNUAL FUNDS,GENERAL FUND - TOWN,BUILDING INSPECTION,SALARIES,PROFESSIONAL SALARY,LONGEVITY,operating,FY2026,6,3425.0,3600.0,3425.0,2026-06-10,https://townofmarblehead-ma-ob.budget.socrata.com/#!/year/2026
BUDGETED ANNUAL FUNDS,HARBOR ENTERPRISE OPERATING,HARBOR,EXPENSES,CONTRACTED SERVICES,CONTAINER RENTAL,operating,FY2026,6,3400.0,2125.61,3400.0,2026-06-10,https://townofmarblehead-ma-ob.budget.socrata.com/#!/year/2026
OTHER FUNDS,EMPG BALLISTIC VESTS (FED),FIRE,UNDEFINED,CAPITAL,PUBLIC SAFETY EQUIPMENT,operating,FY2026,6,3399.8,0,3399.8,2026-06-10,https://townofmarblehead-ma-ob.budget.socrata.com/#!/year/2026
OTHER FUNDS,WM B BLACKLER CHARITY,SELECT BOARD,UNDEFINED,OFU,BALANCE FORWARD,operating,FY2026,6,3367.41,0,3261.56,2026-06-10,https://townofmarblehead-ma-ob.budget.socrata.com/#!/year/2026
BUDGETED ANNUAL FUNDS,GENERAL FUND - SCHOOL,VILLAGE SCHOOL,UNDEFINED,CONTRACTED SERVICES,PROFESSIONAL DEVELOPMENT,operating,FY2026,6,3366.0,1097.0,0,2026-06-10,https://townofmarblehead-ma-ob.budget.socrata.com/#!/year/2026
BUDGETED ANNUAL FUNDS,GENERAL FUND - TOWN,TOWN CLERK,SALARIES,PROFESSIONAL SALARY,LONGEVITY,operating,FY2026,6,3350.0,3600.0,3350.0,2026-06-10,https://townofmarblehead-ma-ob.budget.socrata.com/#!/year/2026
BUDGETED ANNUAL FUNDS,GENERAL FUND - SCHOOL,BROWN SCHOOL,UNDEFINED,SUPPLIES AND MATL,BOOKS,operating,FY2026,6,3315.0,2095.2,3315.0,2026-06-10,https://townofmarblehead-ma-ob.budget.socrata.com/#!/year/2026
BUDGETED ANNUAL FUNDS,GENERAL FUND - TAX ARTICLES,FINANCE,ART 8 2021 PURCH OF EQUIP,CAPITAL,MOTOR VEHICLE,operating,FY2026,6,3282.49,0,3282.49,2026-06-10,https://townofmarblehead-ma-ob.budget.socrata.com/#!/year/2026
OTHER FUNDS,NICHOLS AND GREY SCHOLARSHIP,SELECT BOARD,UNDEFINED,OFU,BALANCE FORWARD,operating,FY2026,6,3250.55,0,3250.55,2026-06-10,https://townofmarblehead-ma-ob.budget.socrata.com/#!/year/2026
BUDGETED ANNUAL FUNDS,GENERAL FUND - TOWN,COUNCIL ON AGING,SALARIES,PROFESSIONAL SALARY,LONGEVITY,operating,FY2026,6,3250.0,3400.0,3250.0,2026-06-10,https://townofmarblehead-ma-ob.budget.socrata.com/#!/year/2026
BUDGETED ANNUAL FUNDS,WATER ENTERPRISE OPERATING,WATER,EXPENSES,SUPPLIES AND MATL,MISC OFFICE SUPPLIES,operating,FY2026,6,3240.0,1696.68,3240.0,2026-06-10,https://townofmarblehead-ma-ob.budget.socrata.com/#!/year/2026
OTHER FUNDS,ABBOT FUND LIBRARY INCOME,ABBOT LIBRARY,UNDEFINED,OFU,BALANCE FORWARD,operating,FY2026,6,3234.83,0,3058.92,2026-06-10,https://townofmarblehead-ma-ob.budget.socrata.com/#!/year/2026
BUDGETED ANNUAL FUNDS,GENERAL FUND - TOWN,FINANCE,EXPENSES,CONTRACTED SERVICES,INTERNET ACCESS,operating,FY2026,6,3200.0,3073.76,3200.0,2026-06-10,https://townofmarblehead-ma-ob.budget.socrata.com/#!/year/2026
BUDGETED ANNUAL FUNDS,GENERAL FUND - TOWN,FINANCE,EXPENSES,CONTRACTED SERVICES,MEDICAID SERVICES,operating,FY2026,6,3200.0,790.69,3200.0,2026-06-10,https://townofmarblehead-ma-ob.budget.socrata.com/#!/year/2026
BUDGETED ANNUAL FUNDS,GENERAL FUND - TOWN,MEMORIAL & VETERANS DAY,EXPENSES,SUPPLIES AND MATL,FLAGS,operating,FY2026,6,3200.0,0,3200.0,2026-06-10,https://townofmarblehead-ma-ob.budget.socrata.com/#!/year/2026
OTHER FUNDS,OLD BURIAL HILL DONATION,SELECT BOARD,UNDEFINED,CONTRACTED SERVICES,LEGAL NOTICES,operating,FY2026,6,3191.1,0,0,2026-06-10,https://townofmarblehead-ma-ob.budget.socrata.com/#!/year/2026
BUDGETED ANNUAL FUNDS,GENERAL FUND - TOWN,FIRE,EXPENSES,CONTRACTED SERVICES,R&M FIRE EQUIPMENT,operating,FY2026,6,3182.0,87.85,3182.0,2026-06-10,https://townofmarblehead-ma-ob.budget.socrata.com/#!/year/2026
OTHER FUNDS,FINE ARTS REVOLVING,EDUCATION,UNDEFINED,OFU,BALANCE FORWARD,operating,FY2026,6,3176.04,0,0,2026-06-10,https://townofmarblehead-ma-ob.budget.socrata.com/#!/year/2026
BUDGETED ANNUAL FUNDS,HARBOR ENTERPRISE OPERATING,HARBOR,SALARIES,PROFESSIONAL SALARY,LONGEVITY,operating,FY2026,6,3175.0,3300.0,3175.0,2026-06-10,https://townofmarblehead-ma-ob.budget.socrata.com/#!/year/2026
BUDGETED ANNUAL FUNDS,GENERAL FUND - TOWN,SNOW REMOVAL,EXPENSES,SUPPLIES AND MATL,MISC VEHICULAR SUPPLIES,operating,FY2026,6,3150.0,12045.84,3150.0,2026-06-10,https://townofmarblehead-ma-ob.budget.socrata.com/#!/year/2026
BUDGETED ANNUAL FUNDS,GENERAL FUND - SCHOOL,BROWN SCHOOL,UNDEFINED,SUPPLIES AND MATL,INSTRUCTIONAL EQUIPMENT,operating,FY2026,6,3140.0,0,4080.0,2026-06-10,https://townofmarblehead-ma-ob.budget.socrata.com/#!/year/2026
BUDGETED ANNUAL FUNDS,GENERAL FUND - TOWN,FIRE,EXPENSES,OTHER EXPENSE,LICENSE/PERMITS EXPENSE,operating,FY2026,6,3125.0,0,3125.0,2026-06-10,https://townofmarblehead-ma-ob.budget.socrata.com/#!/year/2026
BUDGETED ANNUAL FUNDS,GENERAL FUND - TOWN,POLICE,EXPENSES,CONTRACTED SERVICES,R&M BUILDING AND GROUNDS,operating,FY2026,6,3120.0,1957.72,3120.0,2026-06-10,https://townofmarblehead-ma-ob.budget.socrata.com/#!/year/2026
BUDGETED ANNUAL FUNDS,GENERAL FUND - TOWN,POLICE,EXPENSES,SUPPLIES AND MATL,CLEANING SUPPLIES,operating,FY2026,6,3120.0,3244.67,3120.0,2026-06-10,https://townofmarblehead-ma-ob.budget.socrata.com/#!/year/2026
OTHER FUNDS,HOOPER TOMB FUND,SELECT BOARD,UNDEFINED,OFU,BALANCE FORWARD,operating,FY2026,6,3119.86,0,3071.58,2026-06-10,https://townofmarblehead-ma-ob.budget.socrata.com/#!/year/2026
BUDGETED ANNUAL FUNDS,GENERAL FUND - TOWN,HEALTH,SALARIES,PROFESSIONAL SALARY,LONGEVITY,operating,FY2026,6,3093.0,1980.0,3093.0,2026-06-10,https://townofmarblehead-ma-ob.budget.socrata.com/#!/year/2026
BUDGETED ANNUAL FUNDS,GENERAL FUND - SCHOOL,VILLAGE SCHOOL,UNDEFINED,SUPPLIES AND MATL,MEDICAL & SURGICAL SUPPLIES,operating,FY2026,6,3060.0,2239.84,3060.0,2026-06-10,https://townofmarblehead-ma-ob.budget.socrata.com/#!/year/2026
BUDGETED ANNUAL FUNDS,GENERAL FUND - SCHOOL,MIDDLE SCHOOL,UNDEFINED,CONTRACTED SERVICES,PRINTING SERVICES,operating,FY2026,6,3060.0,600.0,3060.0,2026-06-10,https://townofmarblehead-ma-ob.budget.socrata.com/#!/year/2026
BUDGETED ANNUAL FUNDS,GENERAL FUND - SCHOOL,HIGH SCHOOL,UNDEFINED,CONTRACTED SERVICES,REPAIRS & MAINTENANCE,operating,FY2026,6,3040.0,500.0,3040.0,2026-06-10,https://townofmarblehead-ma-ob.budget.socrata.com/#!/year/2026
BUDGETED ANNUAL FUNDS,GENERAL FUND - TOWN,FIRE,EXPENSES,OTHER EXPENSE,INJURY LEAVE BILLS,operating,FY2026,6,3030.0,1178.6,3030.0,2026-06-10,https://townofmarblehead-ma-ob.budget.socrata.com/#!/year/2026
OTHER FUNDS,"INSURANCE REIMBURS <$150,000",COUNCIL ON AGING,UNDEFINED,OFU,BALANCE FORWARD,operating,FY2026,6,3028.85,0,3028.85,2026-06-10,https://townofmarblehead-ma-ob.budget.socrata.com/#!/year/2026
BUDGETED ANNUAL FUNDS,GENERAL FUND - TOWN,PUBLIC WORKS,EXPENSES,CONTRACTED SERVICES,MEDICAL/DOCTOR SERVICES,operating,FY2026,6,3000.0,1692.0,3000.0,2026-06-10,https://townofmarblehead-ma-ob.budget.socrata.com/#!/year/2026
BUDGETED ANNUAL FUNDS,GENERAL FUND - TOWN,FINANCE,EXPENSES,CONTRACTED SERVICES,R&M OFFICE EQUIPMENT,operating,FY2026,6,3000.0,3215.0,3000.0,2026-06-10,https://townofmarblehead-ma-ob.budget.socrata.com/#!/year/2026
BUDGETED ANNUAL FUNDS,GENERAL FUND - TOWN,FINANCE,EXPENSES,SUPPLIES AND MATL,DEEDS,operating,FY2026,6,3000.0,0,3000.0,2026-06-10,https://townofmarblehead-ma-ob.budget.socrata.com/#!/year/2026
BUDGETED ANNUAL FUNDS,GENERAL FUND - TOWN,SELECT BOARD,EXPENSES,CONTRACTED SERVICES,R&M OFFICE EQUIPMENT,operating,FY2026,6,3000.0,1870.0,3000.0,2026-06-10,https://townofmarblehead-ma-ob.budget.socrata.com/#!/year/2026
BUDGETED ANNUAL FUNDS,GENERAL FUND - TOWN,SELECT BOARD,EXPENSES,OTHER EXPENSE,OTHER MISC EXPENSE,operating,FY2026,6,3000.0,500.0,3000.0,2026-06-10,https://townofmarblehead-ma-ob.budget.socrata.com/#!/year/2026
BUDGETED ANNUAL FUNDS,GENERAL FUND - TOWN,CEMETERY,EXPENSES,CONTRACTED SERVICES,OIL FOR HEAT,operating,FY2026,6,3000.0,3073.86,3000.0,2026-06-10,https://townofmarblehead-ma-ob.budget.socrata.com/#!/year/2026
BUDGETED ANNUAL FUNDS,GENERAL FUND - TOWN,COUNCIL ON AGING,SALARIES,PROFESSIONAL SALARY,SICK BONUS ANNUAL,operating,FY2026,6,3000.0,3000.0,3000.0,2026-06-10,https://townofmarblehead-ma-ob.budget.socrata.com/#!/year/2026
BUDGETED ANNUAL FUNDS,GENERAL FUND - TOWN,COUNCIL ON AGING,EXPENSES,CONTRACTED SERVICES,R&M OTHER EQUIPMENT,operating,FY2026,6,3000.0,1660.0,3000.0,2026-06-10,https://townofmarblehead-ma-ob.budget.socrata.com/#!/year/2026
BUDGETED ANNUAL FUNDS,GENERAL FUND - TOWN,SNOW REMOVAL,EXPENSES,CONTRACTED SERVICES,R&M OTHER EQUIPMENT,operating,FY2026,6,3000.0,35452.89,3000.0,2026-06-10,https://townofmarblehead-ma-ob.budget.socrata.com/#!/year/2026
BUDGETED ANNUAL FUNDS,GENERAL FUND - TOWN,ELECTION & REGISTRATION,EXPENSES,SUPPLIES AND MATL,PRINTING/FORMS,operating,FY2026,6,3000.0,4934.94,3000.0,2026-06-10,https://townofmarblehead-ma-ob.budget.socrata.com/#!/year/2026
BUDGETED ANNUAL FUNDS,GENERAL FUND - SCHOOL,DISTRICTWIDE,UNDEFINED,CONTRACTED SERVICES,MEDICAL/DOCTOR SERVICES,operating,FY2026,6,3000.0,964.0,3000.0,2026-06-10,https://townofmarblehead-ma-ob.budget.socrata.com/#!/year/2026
BUDGETED ANNUAL FUNDS,WATER ENTERPRISE OPERATING,WATER,EXPENSES,CONTRACTED SERVICES,LEGAL SERVICES,operating,FY2026,6,3000.0,2637.96,3000.0,2026-06-10,https://townofmarblehead-ma-ob.budget.socrata.com/#!/year/2026
BUDGETED ANNUAL FUNDS,WATER ENTERPRISE OPERATING,WATER,EXPENSES,SUPPLIES AND MATL,MAPS,operating,FY2026,6,3000.0,5005.84,3000.0,2026-06-10,https://townofmarblehead-ma-ob.budget.socrata.com/#!/year/2026
BUDGETED ANNUAL FUNDS,WATER ENTERPRISE OPERATING,WATER,EXPENSES,SUPPLIES AND MATL,UNIFORMS/PROTECTIVE CLOTHING,operating,FY2026,6,3000.0,1392.41,3000.0,2026-06-10,https://townofmarblehead-ma-ob.budget.socrata.com/#!/year/2026
BUDGETED ANNUAL FUNDS,SEWER ENTERPRISE OPERATING,SEWER,EXPENSES,CONTRACTED SERVICES,LEGAL SERVICES,operating,FY2026,6,3000.0,516.06,3000.0,2026-06-10,https://townofmarblehead-ma-ob.budget.socrata.com/#!/year/2026
BUDGETED ANNUAL FUNDS,SEWER ENTERPRISE OPERATING,SEWER,EXPENSES,SUPPLIES AND MATL,MAPS,operating,FY2026,6,3000.0,5791.43,3000.0,2026-06-10,https://townofmarblehead-ma-ob.budget.socrata.com/#!/year/2026
BUDGETED ANNUAL FUNDS,SEWER ENTERPRISE OPERATING,SEWER,EXPENSES,SUPPLIES AND MATL,SMALL TOOLS,operating,FY2026,6,3000.0,1736.0,3000.0,2026-06-10,https://townofmarblehead-ma-ob.budget.socrata.com/#!/year/2026
BUDGETED ANNUAL FUNDS,HARBOR ENTERPRISE OPERATING,HARBOR,SALARIES,PROFESSIONAL SALARY,SICK BONUS ANNUAL,operating,FY2026,6,3000.0,0,3000.0,2026-06-10,https://townofmarblehead-ma-ob.budget.socrata.com/#!/year/2026
BUDGETED ANNUAL FUNDS,HARBOR ENTERPRISE OPERATING,HARBOR,EXPENSES,CONTRACTED SERVICES,INTERNET ACCESS,operating,FY2026,6,3000.0,2111.02,3000.0,2026-06-10,https://townofmarblehead-ma-ob.budget.socrata.com/#!/year/2026
OTHER FUNDS,ETERNAL FLAME DONATION FUND,CEMETERY,UNDEFINED,CONTRACTED SERVICES,GAS USED FOR HEAT,operating,FY2026,6,3000.0,0,0,2026-06-10,https://townofmarblehead-ma-ob.budget.socrata.com/#!/year/2026
OTHER FUNDS,MOORE MEDICINE & TECH FUND APL,ABBOT LIBRARY,UNDEFINED,OFU,BALANCE FORWARD,operating,FY2026,6,3000.0,0,3000.0,2026-06-10,https://townofmarblehead-ma-ob.budget.socrata.com/#!/year/2026
BUDGETED ANNUAL FUNDS,GENERAL FUND - TOWN,CEMETERY,EXPENSES,CONTRACTED SERVICES,R&M COMPUTER EQUIPMENT,operating,FY2026,6,2988.0,2527.76,2988.0,2026-06-10,https://townofmarblehead-ma-ob.budget.socrata.com/#!/year/2026
OTHER FUNDS,HANDICAP PARKING VIOLATIONS,SELECT BOARD,UNDEFINED,OFU,BALANCE FORWARD,operating,FY2026,6,2981.68,0,2903.42,2026-06-10,https://townofmarblehead-ma-ob.budget.socrata.com/#!/year/2026
OTHER FUNDS,MEMORIAL PARK BENCH DONATION,PARKS & RECREATION,UNDEFINED,OFU,BALANCE FORWARD,operating,FY2026,6,2974.0,0,2974.0,2026-06-10,https://townofmarblehead-ma-ob.budget.socrata.com/#!/year/2026
BUDGETED ANNUAL FUNDS,GENERAL FUND - TOWN,WASTE COLLECTION,SALARIES,PROFESSIONAL SALARY,HOLIDAY,operating,FY2026,6,2928.0,0,2928.0,2026-06-10,https://townofmarblehead-ma-ob.budget.socrata.com/#!/year/2026
OTHER FUNDS,MASON & MARY CURTIS CHARITY,SELECT BOARD,UNDEFINED,OFU,BALANCE FORWARD,operating,FY2026,6,2914.89,0,2821.97,2026-06-10,https://townofmarblehead-ma-ob.budget.socrata.com/#!/year/2026
OTHER FUNDS,MED PROJECT GRANT,POLICE,UNDEFINED,OFU,BALANCE FORWARD,operating,FY2026,6,2886.81,0,2886.81,2026-06-10,https://townofmarblehead-ma-ob.budget.socrata.com/#!/year/2026
OTHER FUNDS,ART 39 2008 GLOVER FEASABILITY,EDUCATION,UNDEFINED,CONTRACTED SERVICES,OTHER PROF & TECHNICAL,operating,FY2026,6,2860.73,0,2860.73,2026-06-10,https://townofmarblehead-ma-ob.budget.socrata.com/#!/year/2026
BUDGETED ANNUAL FUNDS,GENERAL FUND - TOWN,ABBOT LIBRARY,EXPENSES,CONTRACTED SERVICES,TELEPHONE,operating,FY2026,6,2832.0,1692.5,2832.0,2026-06-10,https://townofmarblehead-ma-ob.budget.socrata.com/#!/year/2026
OTHER FUNDS,"INSURANCE REIMBURS <$150,000",SELECT BOARD,UNDEFINED,OFU,BALANCE FORWARD,operating,FY2026,6,2809.16,0,2809.16,2026-06-10,https://townofmarblehead-ma-ob.budget.socrata.com/#!/year/2026
BUDGETED ANNUAL FUNDS,GENERAL FUND - SCHOOL,MIDDLE SCHOOL,UNDEFINED,OTHER EXPENSE,IN-STATE TRAVEL,operating,FY2026,6,2807.0,0,2807.0,2026-06-10,https://townofmarblehead-ma-ob.budget.socrata.com/#!/year/2026
BUDGETED ANNUAL FUNDS,SEWER ENTERPRISE OPERATING,SEWER,EXPENSES,CONTRACTED SERVICES,R&M BUILDING AND GROUNDS,operating,FY2026,6,2807.0,1337.17,2807.0,2026-06-10,https://townofmarblehead-ma-ob.budget.socrata.com/#!/year/2026
BUDGETED ANNUAL FUNDS,GENERAL FUND - TOWN,ELECTION & REGISTRATION,EXPENSES,SUPPLIES AND MATL,RESIDENT BOOKS,operating,FY2026,6,2800.0,0,2800.0,2026-06-10,https://townofmarblehead-ma-ob.budget.socrata.com/#!/year/2026
OTHER FUNDS,OLIVERS POND DONATION,SELECT BOARD,UNDEFINED,OFU,BALANCE FORWARD,operating,FY2026,6,2795.61,0,2795.61,2026-06-10,https://townofmarblehead-ma-ob.budget.socrata.com/#!/year/2026
BUDGETED ANNUAL FUNDS,GENERAL FUND - SCHOOL,DISTRICTWIDE,UNDEFINED,CONTRACTED SERVICES,POSTAGE,operating,FY2026,6,2780.0,2479.0,2040.0,2026-06-10,https://townofmarblehead-ma-ob.budget.socrata.com/#!/year/2026
BUDGETED ANNUAL FUNDS,GENERAL FUND - TOWN,PARKS & RECREATION,EXPENSES,SUPPLIES AND MATL,MISC OFFICE SUPPLIES,operating,FY2026,6,2750.0,2113.69,2750.0,2026-06-10,https://townofmarblehead-ma-ob.budget.socrata.com/#!/year/2026
BUDGETED ANNUAL FUNDS,GENERAL FUND - TOWN,PARKS & RECREATION,EXPENSES,OTHER EXPENSE,INSURANCE PREMIUMS,operating,FY2026,6,2750.0,3026.0,2750.0,2026-06-10,https://townofmarblehead-ma-ob.budget.socrata.com/#!/year/2026
BUDGETED ANNUAL FUNDS,GENERAL FUND - TOWN,PUBLIC WORKS,SALARIES,PROFESSIONAL SALARY,HOLIDAY,operating,FY2026,6,2746.0,1530.0,2746.0,2026-06-10,https://townofmarblehead-ma-ob.budget.socrata.com/#!/year/2026
BUDGETED ANNUAL FUNDS,GENERAL FUND - TAX ARTICLES,FINANCE,ART 9 2021 LEASE PURCHASE,CAPITAL,MOTOR VEHICLE,operating,FY2026,6,2720.58,0,2720.58,2026-06-10,https://townofmarblehead-ma-ob.budget.socrata.com/#!/year/2026
BUDGETED ANNUAL FUNDS,GENERAL FUND - TOWN,COUNCIL ON AGING,SALARIES,PROFESSIONAL SALARY,VACATION OWED,operating,FY2026,6,2700.0,0,0,2026-06-10,https://townofmarblehead-ma-ob.budget.socrata.com/#!/year/2026
OTHER FUNDS,NASH GUN HOUSE,SELECT BOARD,UNDEFINED,OFU,BALANCE FORWARD,operating,FY2026,6,2661.91,0,2572.63,2026-06-10,https://townofmarblehead-ma-ob.budget.socrata.com/#!/year/2026
OTHER FUNDS,ROBERT E MORSE LIBRARY,ABBOT LIBRARY,UNDEFINED,OFU,BALANCE FORWARD,operating,FY2026,6,2610.3,0,1685.49,2026-06-10,https://townofmarblehead-ma-ob.budget.socrata.com/#!/year/2026
BUDGETED ANNUAL FUNDS,GENERAL FUND - TOWN,CEMETERY,EXPENSES,CONTRACTED SERVICES,ELECTRICITY,operating,FY2026,6,2600.0,2497.0,2600.0,2026-06-10,https://townofmarblehead-ma-ob.budget.socrata.com/#!/year/2026
BUDGETED ANNUAL FUNDS,SEWER ENTERPRISE OPERATING,SEWER,EXPENSES,SUPPLIES AND MATL,SMALL OFFICE EQUIPMENT,operating,FY2026,6,2600.0,957.55,2600.0,2026-06-10,https://townofmarblehead-ma-ob.budget.socrata.com/#!/year/2026
BUDGETED ANNUAL FUNDS,GENERAL FUND - TAX ARTICLES,SELECT BOARD,SELECT BD EXP FY19,CONTRACTED SERVICES,OTHER PROF & TECHNICAL,operating,FY2026,6,2541.0,2541.0,2541.0,2026-06-10,https://townofmarblehead-ma-ob.budget.socrata.com/#!/year/2026
BUDGETED ANNUAL FUNDS,GENERAL FUND - TOWN,FIRE,EXPENSES,SUPPLIES AND MATL,MISC OFFICE SUPPLIES,operating,FY2026,6,2525.0,334.5,2525.0,2026-06-10,https://townofmarblehead-ma-ob.budget.socrata.com/#!/year/2026
BUDGETED ANNUAL FUNDS,GENERAL FUND - TAX ARTICLES,POLICE,ART 6 2024 PURCHASE OF EQUIP,CAPITAL,EQUIPMENT (REPLACEMENT),operating,FY2026,6,2514.88,0,2514.88,2026-06-10,https://townofmarblehead-ma-ob.budget.socrata.com/#!/year/2026
BUDGETED ANNUAL FUNDS,GENERAL FUND - TOWN,WASTE COLLECTION,EXPENSES,CONTRACTED SERVICES,ADVERTISING,operating,FY2026,6,2500.0,1146.17,2500.0,2026-06-10,https://townofmarblehead-ma-ob.budget.socrata.com/#!/year/2026
BUDGETED ANNUAL FUNDS,GENERAL FUND - TOWN,WASTE COLLECTION,EXPENSES,CONTRACTED SERVICES,LEGAL SERVICES,operating,FY2026,6,2500.0,7635.0,2500.0,2026-06-10,https://townofmarblehead-ma-ob.budget.socrata.com/#!/year/2026
BUDGETED ANNUAL FUNDS,GENERAL FUND - TOWN,PARKS & RECREATION,EXPENSES,SUPPLIES AND MATL,UNIFORMS/PROTECTIVE CLOTHING,operating,FY2026,6,2500.0,2318.48,2500.0,2026-06-10,https://townofmarblehead-ma-ob.budget.socrata.com/#!/year/2026
BUDGETED ANNUAL FUNDS,GENERAL FUND - TOWN,PARKS & RECREATION,PARK FACILITY,SUPPLIES AND MATL,CLEANING SUPPLIES,operating,FY2026,6,2500.0,2155.07,2500.0,2026-06-10,https://townofmarblehead-ma-ob.budget.socrata.com/#!/year/2026
BUDGETED ANNUAL FUNDS,GENERAL FUND - TOWN,BUILDING INSPECTION,SALARIES,PROFESSIONAL SALARY,STIPENDS,operating,FY2026,6,2500.0,5875.0,2500.0,2026-06-10,https://townofmarblehead-ma-ob.budget.socrata.com/#!/year/2026
BUDGETED ANNUAL FUNDS,GENERAL FUND - TOWN,HEALTH,EXPENSES,CONTRACTED SERVICES,INFORMATION TECHNOLOGY,operating,FY2026,6,2500.0,0,2500.0,2026-06-10,https://townofmarblehead-ma-ob.budget.socrata.com/#!/year/2026
BUDGETED ANNUAL FUNDS,GENERAL FUND - TOWN,SNOW REMOVAL,EXPENSES,SUPPLIES AND MATL,TIRES,operating,FY2026,6,2500.0,5201.43,2500.0,2026-06-10,https://townofmarblehead-ma-ob.budget.socrata.com/#!/year/2026
BUDGETED ANNUAL FUNDS,WATER ENTERPRISE OPERATING,WATER,EXPENSES,CONTRACTED SERVICES,INTERNET ACCESS,operating,FY2026,6,2500.0,2227.66,2500.0,2026-06-10,https://townofmarblehead-ma-ob.budget.socrata.com/#!/year/2026
BUDGETED ANNUAL FUNDS,WATER ENTERPRISE OPERATING,WATER,EXPENSES,SUPPLIES AND MATL,SMALL TOOLS,operating,FY2026,6,2500.0,5224.85,2500.0,2026-06-10,https://townofmarblehead-ma-ob.budget.socrata.com/#!/year/2026
BUDGETED ANNUAL FUNDS,SEWER ENTERPRISE OPERATING,SEWER,EXPENSES,CONTRACTED SERVICES,INTERNET ACCESS,operating,FY2026,6,2500.0,2227.66,2500.0,2026-06-10,https://townofmarblehead-ma-ob.budget.socrata.com/#!/year/2026
BUDGETED ANNUAL FUNDS,GENERAL FUND - TAX ARTICLES,PUBLIC BUILDINGS,ART 8 2024 CAPITAL IMPROVEMENT,CAPITAL,BUILDING IMPROVEMENTS,operating,FY2026,6,2491.89,1900.0,2491.89,2026-06-10,https://townofmarblehead-ma-ob.budget.socrata.com/#!/year/2026
OTHER FUNDS,HOODS LANE PEER REVIEW,SELECT BOARD,UNDEFINED,OFU,BALANCE FORWARD,operating,FY2026,6,2458.03,0,2044.61,2026-06-10,https://townofmarblehead-ma-ob.budget.socrata.com/#!/year/2026
BUDGETED ANNUAL FUNDS,GENERAL FUND - SCHOOL,DISTRICTWIDE,UNDEFINED,CONTRACTED SERVICES,ADVERTISING,operating,FY2026,6,2448.0,400.0,2448.0,2026-06-10,https://townofmarblehead-ma-ob.budget.socrata.com/#!/year/2026
OTHER FUNDS,TYRONE BUMPURS SCHOLARSHIP,SELECT BOARD,UNDEFINED,OFU,BALANCE FORWARD,operating,FY2026,6,2400.47,0,2176.45,2026-06-10,https://townofmarblehead-ma-ob.budget.socrata.com/#!/year/2026
BUDGETED ANNUAL FUNDS,GENERAL FUND - TOWN,ABBOT LIBRARY,EXPENSES,SUPPLIES AND MATL,MISC BLDG R&M SUPPLIES,operating,FY2026,6,2400.0,3154.68,2400.0,2026-06-10,https://townofmarblehead-ma-ob.budget.socrata.com/#!/year/2026
BUDGETED ANNUAL FUNDS,GENERAL FUND - TOWN,BUILDING INSPECTION,EXPENSES,CONTRACTED SERVICES,R&M OFFICE EQUIPMENT,operating,FY2026,6,2400.0,756.84,2400.0,2026-06-10,https://townofmarblehead-ma-ob.budget.socrata.com/#!/year/2026
BUDGETED ANNUAL FUNDS,GENERAL FUND - TOWN,COMMUNITY DEVELOP AND PLANNING,EXPENSES,CONTRACTED SERVICES,POSTAGE,operating,FY2026,6,2400.0,1177.56,2400.0,2026-06-10,https://townofmarblehead-ma-ob.budget.socrata.com/#!/year/2026
BUDGETED ANNUAL FUNDS,GENERAL FUND - TOWN,ANIMAL INSPECTOR,SALARIES,PROFESSIONAL SALARY,DEPARTMENT HEAD,operating,FY2026,6,2400.0,2284.32,2400.0,2026-06-10,https://townofmarblehead-ma-ob.budget.socrata.com/#!/year/2026
OTHER FUNDS,LOST BOOKS,EDUCATION,UNDEFINED,OFU,BALANCE FORWARD,operating,FY2026,6,2365.93,0,0,2026-06-10,https://townofmarblehead-ma-ob.budget.socrata.com/#!/year/2026
BUDGETED ANNUAL FUNDS,GENERAL FUND - SCHOOL,DISTRICTWIDE,UNDEFINED,OTHER SALARIES,INSTRUCTIONAL ASSISTANTS,operating,FY2026,6,2359.16,2170.08,0,2026-06-10,https://townofmarblehead-ma-ob.budget.socrata.com/#!/year/2026
BUDGETED ANNUAL FUNDS,GENERAL FUND - TOWN,WASTE COLLECTION,EXPENSES,CONTRACTED SERVICES,INTERNET ACCESS,operating,FY2026,6,2345.0,2494.18,2345.0,2026-06-10,https://townofmarblehead-ma-ob.budget.socrata.com/#!/year/2026
BUDGETED ANNUAL FUNDS,GENERAL FUND - TOWN,FIRE,EXPENSES,CONTRACTED SERVICES,R&M RADIO,operating,FY2026,6,2300.0,14029.53,2300.0,2026-06-10,https://townofmarblehead-ma-ob.budget.socrata.com/#!/year/2026
BUDGETED ANNUAL FUNDS,GENERAL FUND - TOWN,SNOW REMOVAL,EXPENSES,SUPPLIES AND MATL,STREET SWEEPER SUPPLIES,operating,FY2026,6,2300.0,0,2300.0,2026-06-10,https://townofmarblehead-ma-ob.budget.socrata.com/#!/year/2026
BUDGETED ANNUAL FUNDS,GENERAL FUND - TAX ARTICLES,FIRE,ART 7 2024 LEASE PURCHASE,CAPITAL,PUBLIC SAFETY EQUIPMENT,operating,FY2026,6,2296.06,0,2296.06,2026-06-10,https://townofmarblehead-ma-ob.budget.socrata.com/#!/year/2026
BUDGETED ANNUAL FUNDS,GENERAL FUND - SCHOOL,BROWN SCHOOL,UNDEFINED,OTHER EXPENSE,IN-STATE TRAVEL PRINCIPAL,operating,FY2026,6,2267.72,2009.72,2040.0,2026-06-10,https://townofmarblehead-ma-ob.budget.socrata.com/#!/year/2026
BUDGETED ANNUAL FUNDS,GENERAL FUND - TOWN,PARKS & RECREATION,EXPENSES,SUPPLIES AND MATL,DIESEL FUEL,operating,FY2026,6,2250.0,1107.75,2250.0,2026-06-10,https://townofmarblehead-ma-ob.budget.socrata.com/#!/year/2026
BUDGETED ANNUAL FUNDS,GENERAL FUND - SCHOOL,VILLAGE SCHOOL,UNDEFINED,OTHER EXPENSE,IN-STATE TRAVEL PRINCIPAL,operating,FY2026,6,2244.0,1724.0,2244.0,2026-06-10,https://townofmarblehead-ma-ob.budget.socrata.com/#!/year/2026
BUDGETED ANNUAL FUNDS,GENERAL FUND - TOWN,POLICE,EXPENSES,SUPPLIES AND MATL,COMPUTER SUPPLIES,operating,FY2026,6,2236.0,1637.84,2236.0,2026-06-10,https://townofmarblehead-ma-ob.budget.socrata.com/#!/year/2026
OTHER FUNDS,TAX CHECKOFF SCHOLARSHIP FUND,SELECT BOARD,UNDEFINED,OFU,BALANCE FORWARD,operating,FY2026,6,2212.3,0,0,2026-06-10,https://townofmarblehead-ma-ob.budget.socrata.com/#!/year/2026
BUDGETED ANNUAL FUNDS,GENERAL FUND - TOWN,PUBLIC BUILDINGS,EXPENSES,CONTRACTED SERVICES,R&M ALARM EQUIPMENT,operating,FY2026,6,2200.0,1537.32,2200.0,2026-06-10,https://townofmarblehead-ma-ob.budget.socrata.com/#!/year/2026
BUDGETED ANNUAL FUNDS,WATER ENTERPRISE OPERATING,WATER,EXPENSES,SUPPLIES AND MATL,MISC BLDG R&M SUPPLIES,operating,FY2026,6,2200.0,0,2200.0,2026-06-10,https://townofmarblehead-ma-ob.budget.socrata.com/#!/year/2026
OTHER FUNDS,VETERANS DONATION FUND,VETERANS SERVICES,UNDEFINED,CONTRACTED SERVICES,GAS USED FOR HEAT,operating,FY2026,6,2191.51,0,0,2026-06-10,https://townofmarblehead-ma-ob.budget.socrata.com/#!/year/2026
OTHER FUNDS,BROWN DONATION FUND,EDUCATION,UNDEFINED,OFU,BALANCE FORWARD,operating,FY2026,6,2181.3,0,0,2026-06-10,https://townofmarblehead-ma-ob.budget.socrata.com/#!/year/2026
BUDGETED ANNUAL FUNDS,GENERAL FUND - TOWN,ABBOT LIBRARY,EXPENSES,CONTRACTED SERVICES,R&M OTHER EQUIPMENT,operating,FY2026,6,2168.0,1172.5,2168.0,2026-06-10,https://townofmarblehead-ma-ob.budget.socrata.com/#!/year/2026
BUDGETED ANNUAL FUNDS,WATER ENTERPRISE OPERATING,WATER,EXPENSES,SUPPLIES AND MATL,SMALL OFFICE EQUIPMENT,operating,FY2026,6,2160.0,268.07,2160.0,2026-06-10,https://townofmarblehead-ma-ob.budget.socrata.com/#!/year/2026
BUDGETED ANNUAL FUNDS,GENERAL FUND - TOWN,PUBLIC BUILDINGS,SALARIES,PROFESSIONAL SALARY,LONGEVITY,operating,FY2026,6,2150.0,2300.0,2150.0,2026-06-10,https://townofmarblehead-ma-ob.budget.socrata.com/#!/year/2026
BUDGETED ANNUAL FUNDS,HARBOR ENTERPRISE OPERATING,HARBOR,EXPENSES,CONTRACTED SERVICES,RENTAL-BUILDINGS,operating,FY2026,6,2140.0,2140.0,2140.0,2026-06-10,https://townofmarblehead-ma-ob.budget.socrata.com/#!/year/2026
BUDGETED ANNUAL FUNDS,GENERAL FUND - TOWN,SEALER OF WEIGHTS & MEASURES,EXPENSES,OTHER EXPENSE,OTHER MISC EXPENSE,operating,FY2026,6,2100.0,1050.0,2100.0,2026-06-10,https://townofmarblehead-ma-ob.budget.socrata.com/#!/year/2026
OTHER FUNDS,DUE TO HOUSING-GAS DEPOSITS,UNASSIGNED,UNDEFINED,UNDEFINED,EXPENSES,operating,FY2026,6,2098.35,0,0,2026-06-10,https://townofmarblehead-ma-ob.budget.socrata.com/#!/year/2026
OTHER FUNDS,WARWICK REALITY DONATION,SELECT BOARD,UNDEFINED,OFU,BALANCE FORWARD,operating,FY2026,6,2086.68,0,2086.68,2026-06-10,https://townofmarblehead-ma-ob.budget.socrata.com/#!/year/2026
BUDGETED ANNUAL FUNDS,GENERAL FUND - TOWN,POLICE,EXPENSES,CONTRACTED SERVICES,OIL FOR HEAT,operating,FY2026,6,2080.0,1655.25,2080.0,2026-06-10,https://townofmarblehead-ma-ob.budget.socrata.com/#!/year/2026
BUDGETED ANNUAL FUNDS,GENERAL FUND - TOWN,POLICE,EXPENSES,CONTRACTED SERVICES,R&M EMERGENCY GENERATOR,operating,FY2026,6,2080.0,443.63,2080.0,2026-06-10,https://townofmarblehead-ma-ob.budget.socrata.com/#!/year/2026
BUDGETED ANNUAL FUNDS,GENERAL FUND - SCHOOL,GLOVER SCHOOL,UNDEFINED,SUPPLIES AND MATL,OFFICE SUPPLIES,operating,FY2026,6,2044.0,2158.51,2244.0,2026-06-10,https://townofmarblehead-ma-ob.budget.socrata.com/#!/year/2026
BUDGETED ANNUAL FUNDS,GENERAL FUND - SCHOOL,MIDDLE SCHOOL,UNDEFINED,CONTRACTED SERVICES,POSTAGE,operating,FY2026,6,2040.0,951.37,0,2026-06-10,https://townofmarblehead-ma-ob.budget.socrata.com/#!/year/2026
BUDGETED ANNUAL FUNDS,GENERAL FUND - SCHOOL,BROWN SCHOOL,UNDEFINED,SUPPLIES AND MATL,MEDICAL & SURGICAL SUPPLIES,operating,FY2026,6,2040.0,1431.23,2040.0,2026-06-10,https://townofmarblehead-ma-ob.budget.socrata.com/#!/year/2026
BUDGETED ANNUAL FUNDS,GENERAL FUND - SCHOOL,BROWN SCHOOL,UNDEFINED,OTHER EXPENSE,IN-STATE TRAVEL,operating,FY2026,6,2040.0,0,2040.0,2026-06-10,https://townofmarblehead-ma-ob.budget.socrata.com/#!/year/2026
BUDGETED ANNUAL FUNDS,GENERAL FUND - SCHOOL,BROWN SCHOOL,UNDEFINED,CONTRACTED SERVICES,OTHER PURCHASED SERVICES,operating,FY2026,6,2040.0,0,2040.0,2026-06-10,https://townofmarblehead-ma-ob.budget.socrata.com/#!/year/2026
BUDGETED ANNUAL FUNDS,GENERAL FUND - SCHOOL,GLOVER SCHOOL,UNDEFINED,OTHER EXPENSE,IN-STATE TRAVEL PRINCIPAL,operating,FY2026,6,2040.0,0,0,2026-06-10,https://townofmarblehead-ma-ob.budget.socrata.com/#!/year/2026
OTHER FUNDS,BURTON L THOMAS MEMORIAL SCHOL,SELECT BOARD,UNDEFINED,OFU,BALANCE FORWARD,operating,FY2026,6,2038.17,0,2019.51,2026-06-10,https://townofmarblehead-ma-ob.budget.socrata.com/#!/year/2026
OTHER FUNDS,DISABILITIES COMM DONATION,PLANNING BOARD,UNDEFINED,CONTRACTED SERVICES,OTHER PROF & TECHNICAL,operating,FY2026,6,2027.51,0,2027.51,2026-06-10,https://townofmarblehead-ma-ob.budget.socrata.com/#!/year/2026
BUDGETED ANNUAL FUNDS,GENERAL FUND - TOWN,WASTE COLLECTION,EXPENSES,CONTRACTED SERVICES,R&M MOTOR VEHICLES,operating,FY2026,6,2000.0,1124.63,2000.0,2026-06-10,https://townofmarblehead-ma-ob.budget.socrata.com/#!/year/2026
BUDGETED ANNUAL FUNDS,GENERAL FUND - TOWN,WASTE COLLECTION,EXPENSES,SUPPLIES AND MATL,MISC OFFICE SUPPLIES,operating,FY2026,6,2000.0,3041.48,2000.0,2026-06-10,https://townofmarblehead-ma-ob.budget.socrata.com/#!/year/2026
BUDGETED ANNUAL FUNDS,GENERAL FUND - TOWN,WASTE COLLECTION,EXPENSES,SUPPLIES AND MATL,UNIFORMS/PROTECTIVE CLOTHING,operating,FY2026,6,2000.0,1409.09,2000.0,2026-06-10,https://townofmarblehead-ma-ob.budget.socrata.com/#!/year/2026
BUDGETED ANNUAL FUNDS,GENERAL FUND - TOWN,ABBOT LIBRARY,EXPENSES,CONTRACTED SERVICES,WATER/SEWER,operating,FY2026,6,2000.0,1225.45,2000.0,2026-06-10,https://townofmarblehead-ma-ob.budget.socrata.com/#!/year/2026
BUDGETED ANNUAL FUNDS,GENERAL FUND - TOWN,SELECT BOARD,EXPENSES,CONTRACTED SERVICES,LEGAL SERVICES,operating,FY2026,6,2000.0,11018.5,2000.0,2026-06-10,https://townofmarblehead-ma-ob.budget.socrata.com/#!/year/2026
BUDGETED ANNUAL FUNDS,GENERAL FUND - TOWN,SELECT BOARD,EXPENSES,CONTRACTED SERVICES,POSTAGE,operating,FY2026,6,2000.0,75.84,2000.0,2026-06-10,https://townofmarblehead-ma-ob.budget.socrata.com/#!/year/2026
BUDGETED ANNUAL FUNDS,GENERAL FUND - TOWN,SELECT BOARD,EXPENSES,OTHER EXPENSE,SETTLEMENT CLAIMS,operating,FY2026,6,2000.0,0,2000.0,2026-06-10,https://townofmarblehead-ma-ob.budget.socrata.com/#!/year/2026
BUDGETED ANNUAL FUNDS,GENERAL FUND - TOWN,HEALTH,EXPENSES,CONTRACTED SERVICES,LEGAL SERVICES,operating,FY2026,6,2000.0,2279.0,2000.0,2026-06-10,https://townofmarblehead-ma-ob.budget.socrata.com/#!/year/2026
BUDGETED ANNUAL FUNDS,GENERAL FUND - TOWN,HUMAN RESOURCES,EXPENSES,SUPPLIES AND MATL,MISC OFFICE SUPPLIES,operating,FY2026,6,2000.0,120.78,2000.0,2026-06-10,https://townofmarblehead-ma-ob.budget.socrata.com/#!/year/2026
BUDGETED ANNUAL FUNDS,GENERAL FUND - TOWN,TOWN COUNSEL,SALARIES,PROFESSIONAL SALARY,DEPARTMENT HEAD,operating,FY2026,6,2000.0,1500.0,2000.0,2026-06-10,https://townofmarblehead-ma-ob.budget.socrata.com/#!/year/2026
BUDGETED ANNUAL FUNDS,GENERAL FUND - TOWN,MEMORIAL & VETERANS DAY,EXPENSES,CONTRACTED SERVICES,BANDS & MARCHERS,operating,FY2026,6,2000.0,0,2000.0,2026-06-10,https://townofmarblehead-ma-ob.budget.socrata.com/#!/year/2026
BUDGETED ANNUAL FUNDS,WATER ENTERPRISE OPERATING,WATER,EXPENSES,CONTRACTED SERVICES,MEDICAL/DOCTOR SERVICES,operating,FY2026,6,2000.0,440.0,2000.0,2026-06-10,https://townofmarblehead-ma-ob.budget.socrata.com/#!/year/2026
BUDGETED ANNUAL FUNDS,WATER ENTERPRISE OPERATING,WATER,EXPENSES,CONTRACTED SERVICES,TELEPHONE ANSWERING SERVICE,operating,FY2026,6,2000.0,1062.7,2000.0,2026-06-10,https://townofmarblehead-ma-ob.budget.socrata.com/#!/year/2026
BUDGETED ANNUAL FUNDS,WATER ENTERPRISE OPERATING,WATER,EXPENSES,OTHER EXPENSE,DUES,operating,FY2026,6,2000.0,672.0,2000.0,2026-06-10,https://townofmarblehead-ma-ob.budget.socrata.com/#!/year/2026
BUDGETED ANNUAL FUNDS,SEWER ENTERPRISE OPERATING,SEWER,EXPENSES,CONTRACTED SERVICES,TELEPHONE ANSWERING SERVICE,operating,FY2026,6,2000.0,1275.7,2000.0,2026-06-10,https://townofmarblehead-ma-ob.budget.socrata.com/#!/year/2026
BUDGETED ANNUAL FUNDS,HARBOR ENTERPRISE OPERATING,HARBOR,EXPENSES,SUPPLIES AND MATL,GASOLINE UNLEADED,operating,FY2026,6,2000.0,2206.96,2000.0,2026-06-10,https://townofmarblehead-ma-ob.budget.socrata.com/#!/year/2026
BUDGETED ANNUAL FUNDS,HARBOR ENTERPRISE OPERATING,HARBOR,EXPENSES,SUPPLIES AND MATL,UNIFORMS/PROTECTIVE CLOTHING,operating,FY2026,6,2000.0,857.0,2000.0,2026-06-10,https://townofmarblehead-ma-ob.budget.socrata.com/#!/year/2026
OTHER FUNDS,CLEAN TRANSPORT FOR ALL,SELECT BOARD,UNDEFINED,OFU,BALANCE FORWARD,operating,FY2026,6,2000.0,0,2000.0,2026-06-10,https://townofmarblehead-ma-ob.budget.socrata.com/#!/year/2026
OTHER FUNDS,EUSTIS ROAD INSPECTION DONATIO,PLANNING BOARD,UNDEFINED,OFU,BALANCE FORWARD,operating,FY2026,6,2000.0,0,2000.0,2026-06-10,https://townofmarblehead-ma-ob.budget.socrata.com/#!/year/2026
BUDGETED ANNUAL FUNDS,GENERAL FUND - TOWN,POLICE,EXPENSES,OTHER EXPENSE,GR BOS POLICE COUNCIL,operating,FY2026,6,1976.0,0,1976.0,2026-06-10,https://townofmarblehead-ma-ob.budget.socrata.com/#!/year/2026
OTHER FUNDS,HEALTH ASTHMA DONATION FUND,HEALTH,UNDEFINED,OFU,BALANCE FORWARD,operating,FY2026,6,1961.76,0,1961.76,2026-06-10,https://townofmarblehead-ma-ob.budget.socrata.com/#!/year/2026
BUDGETED ANNUAL FUNDS,GENERAL FUND - TOWN,POLICE,EXPENSES,CONTRACTED SERVICES,INTERNET ACCESS,operating,FY2026,6,1922.0,3860.84,1922.0,2026-06-10,https://townofmarblehead-ma-ob.budget.socrata.com/#!/year/2026
BUDGETED ANNUAL FUNDS,GENERAL FUND - SCHOOL,BROWN SCHOOL,UNDEFINED,SUPPLIES AND MATL,OFFICE SUPPLIES,operating,FY2026,6,1918.28,753.22,2346.0,2026-06-10,https://townofmarblehead-ma-ob.budget.socrata.com/#!/year/2026
BUDGETED ANNUAL FUNDS,GENERAL FUND - TOWN,WASTE COLLECTION,EXPENSES,CONTRACTED SERVICES,TELEPHONE,operating,FY2026,6,1900.0,296.79,1900.0,2026-06-10,https://townofmarblehead-ma-ob.budget.socrata.com/#!/year/2026
BUDGETED ANNUAL FUNDS,GENERAL FUND - TOWN,MEMORIAL & VETERANS DAY,EXPENSES,SUPPLIES AND MATL,WREATHS & FLOWERS,operating,FY2026,6,1850.0,212.5,1850.0,2026-06-10,https://townofmarblehead-ma-ob.budget.socrata.com/#!/year/2026
BUDGETED ANNUAL FUNDS,GENERAL FUND - SCHOOL,HIGH SCHOOL,UNDEFINED,OTHER EXPENSE,IN-STATE TRAVEL,operating,FY2026,6,1836.0,1097.26,4386.0,2026-06-10,https://townofmarblehead-ma-ob.budget.socrata.com/#!/year/2026
OTHER FUNDS,HOSP AID ASSOC SCHOLARSHIP,SELECT BOARD,UNDEFINED,OFU,BALANCE FORWARD,operating,FY2026,6,1829.2,0,1802.21,2026-06-10,https://townofmarblehead-ma-ob.budget.socrata.com/#!/year/2026
BUDGETED ANNUAL FUNDS,GENERAL FUND - TOWN,FIRE,EXPENSES,SUPPLIES AND MATL,PRINTING/FORMS,operating,FY2026,6,1818.0,393.82,1818.0,2026-06-10,https://townofmarblehead-ma-ob.budget.socrata.com/#!/year/2026
BUDGETED ANNUAL FUNDS,GENERAL FUND - TOWN,CEMETERY,EXPENSES,SUPPLIES AND MATL,MISC OFFICE SUPPLIES,operating,FY2026,6,1815.0,361.97,1815.0,2026-06-10,https://townofmarblehead-ma-ob.budget.socrata.com/#!/year/2026
OTHER FUNDS,DEVEREUX BEACH DONATION,PARKS & RECREATION,UNDEFINED,CONTRACTED SERVICES,R&M BUILDING AND GROUNDS,operating,FY2026,6,1805.23,0,0,2026-06-10,https://townofmarblehead-ma-ob.budget.socrata.com/#!/year/2026
BUDGETED ANNUAL FUNDS,GENERAL FUND - TOWN,POLICE,SALARIES,PROFESSIONAL SALARY,FINGER PHOTO,operating,FY2026,6,1800.0,1112.18,1800.0,2026-06-10,https://townofmarblehead-ma-ob.budget.socrata.com/#!/year/2026
BUDGETED ANNUAL FUNDS,GENERAL FUND - TOWN,PUBLIC WORKS,PW MAINTAIN STREETS & SIDEWALK,CONTRACTED SERVICES,R&M OTHER EQUIPMENT,operating,FY2026,6,1800.0,1304.07,1800.0,2026-06-10,https://townofmarblehead-ma-ob.budget.socrata.com/#!/year/2026
BUDGETED ANNUAL FUNDS,GENERAL FUND - TOWN,SELECT BOARD,EXPENSES,SUPPLIES AND MATL,WARRANTS,operating,FY2026,6,1800.0,125.0,1800.0,2026-06-10,https://townofmarblehead-ma-ob.budget.socrata.com/#!/year/2026
BUDGETED ANNUAL FUNDS,GENERAL FUND - TOWN,COMMUNITY DEVELOP AND PLANNING,SALARIES,PROFESSIONAL SALARY,CLERICAL STIPEND,operating,FY2026,6,1800.0,2200.0,1800.0,2026-06-10,https://townofmarblehead-ma-ob.budget.socrata.com/#!/year/2026
BUDGETED ANNUAL FUNDS,GENERAL FUND - TOWN,COUNCIL ON AGING,SALARIES,PROFESSIONAL SALARY,IN-SERVICE TRAINING,operating,FY2026,6,1800.0,350.0,1800.0,2026-06-10,https://townofmarblehead-ma-ob.budget.socrata.com/#!/year/2026
BUDGETED ANNUAL FUNDS,WATER ENTERPRISE OPERATING,WATER,EXPENSES,CONTRACTED SERVICES,TELEPHONE,operating,FY2026,6,1800.0,496.76,1800.0,2026-06-10,https://townofmarblehead-ma-ob.budget.socrata.com/#!/year/2026
BUDGETED ANNUAL FUNDS,HARBOR ENTERPRISE OPERATING,HARBOR,EXPENSES,CONTRACTED SERVICES,GAS USED FOR HEAT,operating,FY2026,6,1800.0,2191.57,1800.0,2026-06-10,https://townofmarblehead-ma-ob.budget.socrata.com/#!/year/2026
OTHER FUNDS,DOG PARK DONATION,PARKS & RECREATION,UNDEFINED,OFU,BALANCE FORWARD,operating,FY2026,6,1739.23,0,1739.23,2026-06-10,https://townofmarblehead-ma-ob.budget.socrata.com/#!/year/2026
BUDGETED ANNUAL FUNDS,GENERAL FUND - TOWN,HEALTH,EXPENSES,OTHER EXPENSE,IN-STATE TRAVEL,operating,FY2026,6,1732.0,256.9,1732.0,2026-06-10,https://townofmarblehead-ma-ob.budget.socrata.com/#!/year/2026
BUDGETED ANNUAL FUNDS,GENERAL FUND - SCHOOL,MIDDLE SCHOOL,UNDEFINED,SUPPLIES AND MATL,MEDICAL & SURGICAL SUPPLIES,operating,FY2026,6,1683.0,1553.22,0,2026-06-10,https://townofmarblehead-ma-ob.budget.socrata.com/#!/year/2026
OTHER FUNDS,DOG OFFICER REVOLVING,ANIMAL CONTROL OFFICER,UNDEFINED,CONTRACTED SERVICES,VETERANARY SERVICES,operating,FY2026,6,1680.0,0,0,2026-06-10,https://townofmarblehead-ma-ob.budget.socrata.com/#!/year/2026
BUDGETED ANNUAL FUNDS,GENERAL FUND - TOWN,SELECT BOARD,EXPENSES,CONTRACTED SERVICES,LEGAL NOTICES,operating,FY2026,6,1650.0,2712.0,1650.0,2026-06-10,https://townofmarblehead-ma-ob.budget.socrata.com/#!/year/2026
OTHER FUNDS,BICYCLE RACK DONATION,SELECT BOARD,UNDEFINED,OFU,BALANCE FORWARD,operating,FY2026,6,1644.2,0,1644.2,2026-06-10,https://townofmarblehead-ma-ob.budget.socrata.com/#!/year/2026
BUDGETED ANNUAL FUNDS,GENERAL FUND - TOWN,SELECT BOARD,EXPENSES,SUPPLIES AND MATL,MISC OFFICE SUPPLIES,operating,FY2026,6,1600.0,1634.74,1600.0,2026-06-10,https://townofmarblehead-ma-ob.budget.socrata.com/#!/year/2026
BUDGETED ANNUAL FUNDS,GENERAL FUND - TOWN,CEMETERY,EXPENSES,SUPPLIES AND MATL,GROUNDSKEEPING SUPPLIES,operating,FY2026,6,1600.0,305.24,1600.0,2026-06-10,https://townofmarblehead-ma-ob.budget.socrata.com/#!/year/2026
OTHER FUNDS,DOG LICENCE - AGENCY FUND,TOWN CLERK,UNDEFINED,UNDEFINED,EXPENSES,operating,FY2026,6,1583.25,0,0,2026-06-10,https://townofmarblehead-ma-ob.budget.socrata.com/#!/year/2026
BUDGETED ANNUAL FUNDS,GENERAL FUND - TOWN,BUILDING INSPECTION,EXPENSES,CONTRACTED SERVICES,R&M MOTOR VEHICLES,operating,FY2026,6,1568.0,933.91,1568.0,2026-06-10,https://townofmarblehead-ma-ob.budget.socrata.com/#!/year/2026
BUDGETED ANNUAL FUNDS,GENERAL FUND - TOWN,POLICE,EXPENSES,SUPPLIES AND MATL,INSPECTOR SUPPLIES,operating,FY2026,6,1560.0,1646.8,1560.0,2026-06-10,https://townofmarblehead-ma-ob.budget.socrata.com/#!/year/2026
BUDGETED ANNUAL FUNDS,GENERAL FUND - TOWN,POLICE,EXPENSES,SUPPLIES AND MATL,MISC OFFICE SUPPLIES,operating,FY2026,6,1560.0,975.05,1560.0,2026-06-10,https://townofmarblehead-ma-ob.budget.socrata.com/#!/year/2026
BUDGETED ANNUAL FUNDS,GENERAL FUND - TOWN,POLICE,EXPENSES,SUPPLIES AND MATL,STATION EQUIP & SUPPLIES,operating,FY2026,6,1560.0,59.99,1560.0,2026-06-10,https://townofmarblehead-ma-ob.budget.socrata.com/#!/year/2026
OTHER FUNDS,MVP GRANT,SELECT BOARD,UNDEFINED,OFU,BALANCE FORWARD,operating,FY2026,6,1552.14,0,1552.14,2026-06-10,https://townofmarblehead-ma-ob.budget.socrata.com/#!/year/2026
BUDGETED ANNUAL FUNDS,GENERAL FUND - SCHOOL,MIDDLE SCHOOL,UNDEFINED,SUPPLIES AND MATL,OFFICE SUPPLIES,operating,FY2026,6,1548.0,775.8,1548.0,2026-06-10,https://townofmarblehead-ma-ob.budget.socrata.com/#!/year/2026
BUDGETED ANNUAL FUNDS,GENERAL FUND - SCHOOL,HIGH SCHOOL,UNDEFINED,CONTRACTED SERVICES,PRINTING SERVICES,operating,FY2026,6,1530.0,1129.04,4530.0,2026-06-10,https://townofmarblehead-ma-ob.budget.socrata.com/#!/year/2026
OTHER FUNDS,THOMAS W TUCKER SCHOLARSHIP,SELECT BOARD,UNDEFINED,OFU,BALANCE FORWARD,operating,FY2026,6,1524.13,0,1523.81,2026-06-10,https://townofmarblehead-ma-ob.budget.socrata.com/#!/year/2026
BUDGETED ANNUAL FUNDS,GENERAL FUND - TOWN,FIRE,EXPENSES,SUPPLIES AND MATL,MISC BLDG R&M SUPPLIES,operating,FY2026,6,1515.0,138.41,1515.0,2026-06-10,https://townofmarblehead-ma-ob.budget.socrata.com/#!/year/2026
BUDGETED ANNUAL FUNDS,GENERAL FUND - TOWN,WASTE COLLECTION,EXPENSES,CONTRACTED SERVICES,OTHER PURCHASED SERVICES,operating,FY2026,6,1500.0,0,1500.0,2026-06-10,https://townofmarblehead-ma-ob.budget.socrata.com/#!/year/2026
BUDGETED ANNUAL FUNDS,GENERAL FUND - TOWN,WASTE COLLECTION,EXPENSES,SUPPLIES AND MATL,GASOLINE UNLEADED,operating,FY2026,6,1500.0,1541.71,1500.0,2026-06-10,https://townofmarblehead-ma-ob.budget.socrata.com/#!/year/2026
BUDGETED ANNUAL FUNDS,GENERAL FUND - TOWN,WASTE COLLECTION,EXPENSES,SUPPLIES AND MATL,MISC CUSTODIAL SUPPLIES,operating,FY2026,6,1500.0,1527.4,1500.0,2026-06-10,https://townofmarblehead-ma-ob.budget.socrata.com/#!/year/2026
BUDGETED ANNUAL FUNDS,GENERAL FUND - TOWN,PUBLIC WORKS,SALARIES,PROFESSIONAL SALARY,OUT OF RANK,operating,FY2026,6,1500.0,0,1500.0,2026-06-10,https://townofmarblehead-ma-ob.budget.socrata.com/#!/year/2026
BUDGETED ANNUAL FUNDS,GENERAL FUND - TOWN,PUBLIC WORKS,EXPENSES,CONTRACTED SERVICES,LEGAL NOTICES,operating,FY2026,6,1500.0,0,1500.0,2026-06-10,https://townofmarblehead-ma-ob.budget.socrata.com/#!/year/2026
BUDGETED ANNUAL FUNDS,GENERAL FUND - TOWN,PUBLIC WORKS,EXPENSES,SUPPLIES AND MATL,LANDSCAPING SUPPLIES,operating,FY2026,6,1500.0,420.82,1500.0,2026-06-10,https://townofmarblehead-ma-ob.budget.socrata.com/#!/year/2026
BUDGETED ANNUAL FUNDS,GENERAL FUND - TOWN,PUBLIC WORKS,PW MAINTAIN STREETS & SIDEWALK,SUPPLIES AND MATL,LYNPAC,operating,FY2026,6,1500.0,0,1500.0,2026-06-10,https://townofmarblehead-ma-ob.budget.socrata.com/#!/year/2026
BUDGETED ANNUAL FUNDS,GENERAL FUND - TOWN,PUBLIC WORKS,PW MAINTAIN STREETS & SIDEWALK,SUPPLIES AND MATL,MISC OTHER SUPPLIES,operating,FY2026,6,1500.0,1674.65,1500.0,2026-06-10,https://townofmarblehead-ma-ob.budget.socrata.com/#!/year/2026
BUDGETED ANNUAL FUNDS,GENERAL FUND - TOWN,FINANCE,EXPENSES,OTHER EXPENSE,DUES,operating,FY2026,6,1500.0,1172.0,1500.0,2026-06-10,https://townofmarblehead-ma-ob.budget.socrata.com/#!/year/2026
BUDGETED ANNUAL FUNDS,GENERAL FUND - TOWN,CEMETERY,SALARIES,PROFESSIONAL SALARY,SICK BONUS ANNUAL,operating,FY2026,6,1500.0,750.0,1500.0,2026-06-10,https://townofmarblehead-ma-ob.budget.socrata.com/#!/year/2026
BUDGETED ANNUAL FUNDS,GENERAL FUND - TOWN,COMMUNITY DEVELOP AND PLANNING,SALARIES,PROFESSIONAL SALARY,SICK BONUS ANNUAL,operating,FY2026,6,1500.0,0,1500.0,2026-06-10,https://townofmarblehead-ma-ob.budget.socrata.com/#!/year/2026
BUDGETED ANNUAL FUNDS,GENERAL FUND - TOWN,COMMUNITY DEVELOP AND PLANNING,EXPENSES,SUPPLIES AND MATL,GASOLINE UNLEADED,operating,FY2026,6,1500.0,50.26,1500.0,2026-06-10,https://townofmarblehead-ma-ob.budget.socrata.com/#!/year/2026
BUDGETED ANNUAL FUNDS,GENERAL FUND - TOWN,COUNCIL ON AGING,EXPENSES,CONTRACTED SERVICES,INTERNET ACCESS,operating,FY2026,6,1500.0,133.05,1500.0,2026-06-10,https://townofmarblehead-ma-ob.budget.socrata.com/#!/year/2026
BUDGETED ANNUAL FUNDS,GENERAL FUND - TOWN,HEALTH,EXPENSES,SUPPLIES AND MATL,MISC OFFICE SUPPLIES,operating,FY2026,6,1500.0,751.36,1500.0,2026-06-10,https://townofmarblehead-ma-ob.budget.socrata.com/#!/year/2026
BUDGETED ANNUAL FUNDS,GENERAL FUND - TOWN,PUBLIC BUILDINGS,SALARIES,PROFESSIONAL SALARY,SICK BONUS ANNUAL,operating,FY2026,6,1500.0,0,1500.0,2026-06-10,https://townofmarblehead-ma-ob.budget.socrata.com/#!/year/2026
BUDGETED ANNUAL FUNDS,GENERAL FUND - TOWN,HUMAN RESOURCES,EXPENSES,OTHER EXPENSE,IN-STATE TRAVEL,operating,FY2026,6,1500.0,197.2,1500.0,2026-06-10,https://townofmarblehead-ma-ob.budget.socrata.com/#!/year/2026
BUDGETED ANNUAL FUNDS,GENERAL FUND - TOWN,TOWN CLERK,EXPENSES,SUPPLIES AND MATL,MISC OFFICE SUPPLIES,operating,FY2026,6,1500.0,1280.78,1500.0,2026-06-10,https://townofmarblehead-ma-ob.budget.socrata.com/#!/year/2026
BUDGETED ANNUAL FUNDS,GENERAL FUND - TOWN,VETERANS SERVICES,EXPENSES,OTHER EXPENSE,IN-STATE LOCAL TRAVEL,operating,FY2026,6,1500.0,0,1500.0,2026-06-10,https://townofmarblehead-ma-ob.budget.socrata.com/#!/year/2026
BUDGETED ANNUAL FUNDS,GENERAL FUND - TOWN,VETERANS SERVICES,EXPENSES,SUPPLIES AND MATL,FLAGS,operating,FY2026,6,1500.0,388.2,1500.0,2026-06-10,https://townofmarblehead-ma-ob.budget.socrata.com/#!/year/2026
BUDGETED ANNUAL FUNDS,GENERAL FUND - TOWN,SNOW REMOVAL,EXPENSES,SUPPLIES AND MATL,DIESEL FUEL,operating,FY2026,6,1500.0,11444.76,1500.0,2026-06-10,https://townofmarblehead-ma-ob.budget.socrata.com/#!/year/2026
OTHER FUNDS,PARK FIELDS MAINT DONATION,PARKS & RECREATION,UNDEFINED,CONTRACTED SERVICES,R&M BUILDING AND GROUNDS,operating,FY2026,6,1500.0,0,0,2026-06-10,https://townofmarblehead-ma-ob.budget.socrata.com/#!/year/2026
BUDGETED ANNUAL FUNDS,GENERAL FUND - SCHOOL,GLOVER SCHOOL,UNDEFINED,SUPPLIES AND MATL,MEDICAL & SURGICAL SUPPLIES,operating,FY2026,6,1428.0,1182.36,1428.0,2026-06-10,https://townofmarblehead-ma-ob.budget.socrata.com/#!/year/2026
OTHER FUNDS,ROBERT H CURTIS CHARITY,SELECT BOARD,UNDEFINED,OFU,BALANCE FORWARD,operating,FY2026,6,1422.81,0,1381.14,2026-06-10,https://townofmarblehead-ma-ob.budget.socrata.com/#!/year/2026
OTHER FUNDS,93-95 BEACON STREET PEER REVIE,SELECT BOARD,UNDEFINED,OFU,BALANCE FORWARD,operating,FY2026,6,1406.0,0,1338.51,2026-06-10,https://townofmarblehead-ma-ob.budget.socrata.com/#!/year/2026
BUDGETED ANNUAL FUNDS,GENERAL FUND - TOWN,BUILDING INSPECTION,EXPENSES,PROFESSIONAL SALARY,IN-SERVICE TRAINING,operating,FY2026,6,1400.0,1155.0,1400.0,2026-06-10,https://townofmarblehead-ma-ob.budget.socrata.com/#!/year/2026
BUDGETED ANNUAL FUNDS,GENERAL FUND - TOWN,CEMETERY,EXPENSES,CONTRACTED SERVICES,R&M BUILDING AND GROUNDS,operating,FY2026,6,1400.0,33.91,1400.0,2026-06-10,https://townofmarblehead-ma-ob.budget.socrata.com/#!/year/2026
BUDGETED ANNUAL FUNDS,GENERAL FUND - TOWN,TOWN CLERK,EXPENSES,SUPPLIES AND MATL,PRINTING/FORMS,operating,FY2026,6,1400.0,1074.19,1400.0,2026-06-10,https://townofmarblehead-ma-ob.budget.socrata.com/#!/year/2026
BUDGETED ANNUAL FUNDS,SEWER ENTERPRISE OPERATING,SEWER,EXPENSES,SUPPLIES AND MATL,FIRE PREVENTION SUPPLIES,operating,FY2026,6,1400.0,0,1400.0,2026-06-10,https://townofmarblehead-ma-ob.budget.socrata.com/#!/year/2026
BUDGETED ANNUAL FUNDS,HARBOR ENTERPRISE OPERATING,HARBOR,EXPENSES,CONTRACTED SERVICES,BANKING SERVICES,operating,FY2026,6,1400.0,0,1400.0,2026-06-10,https://townofmarblehead-ma-ob.budget.socrata.com/#!/year/2026
OTHER FUNDS,ELLEN S HATHAWAY CHARITY,SELECT BOARD,UNDEFINED,OFU,BALANCE FORWARD,operating,FY2026,6,1367.64,0,1327.86,2026-06-10,https://townofmarblehead-ma-ob.budget.socrata.com/#!/year/2026
BUDGETED ANNUAL FUNDS,GENERAL FUND - TOWN,HEALTH,EXPENSES,CONTRACTED SERVICES,INTERNET ACCESS,operating,FY2026,6,1336.0,820.06,1336.0,2026-06-10,https://townofmarblehead-ma-ob.budget.socrata.com/#!/year/2026
OTHER FUNDS,"INSURANCE REIMBURS <$150,000",PUBLIC WORKS,UNDEFINED,OFU,BALANCE FORWARD,operating,FY2026,6,1302.39,0,1302.39,2026-06-10,https://townofmarblehead-ma-ob.budget.socrata.com/#!/year/2026
BUDGETED ANNUAL FUNDS,GENERAL FUND - TOWN,POLICE,EXPENSES,CONTRACTED SERVICES,WATER/SEWER,operating,FY2026,6,1301.0,1918.88,1301.0,2026-06-10,https://townofmarblehead-ma-ob.budget.socrata.com/#!/year/2026
BUDGETED ANNUAL FUNDS,GENERAL FUND - TOWN,POLICE,EXPENSES,CONTRACTED SERVICES,R&M HVAC EQUIPMENT,operating,FY2026,6,1300.0,2014.0,1300.0,2026-06-10,https://townofmarblehead-ma-ob.budget.socrata.com/#!/year/2026
BUDGETED ANNUAL FUNDS,GENERAL FUND - TOWN,POLICE,EXPENSES,CONTRACTED SERVICES,R&M TELETYPE,operating,FY2026,6,1300.0,839.5,1300.0,2026-06-10,https://townofmarblehead-ma-ob.budget.socrata.com/#!/year/2026
BUDGETED ANNUAL FUNDS,GENERAL FUND - TOWN,HEALTH,EXPENSES,CONTRACTED SERVICES,TELEPHONE,operating,FY2026,6,1300.0,158.99,1300.0,2026-06-10,https://townofmarblehead-ma-ob.budget.socrata.com/#!/year/2026
BUDGETED ANNUAL FUNDS,HARBOR ENTERPRISE OPERATING,HARBOR,EXPENSES,SUPPLIES AND MATL,STATIONERY,operating,FY2026,6,1300.0,0,1300.0,2026-06-10,https://townofmarblehead-ma-ob.budget.socrata.com/#!/year/2026
OTHER FUNDS,STEVEN GORDON MEMORIAL SCHOLAR,SELECT BOARD,UNDEFINED,OFU,BALANCE FORWARD,operating,FY2026,6,1282.64,0,1264.77,2026-06-10,https://townofmarblehead-ma-ob.budget.socrata.com/#!/year/2026
BUDGETED ANNUAL FUNDS,GENERAL FUND - TOWN,PUBLIC WORKS,PW MAINTAIN STREETS & SIDEWALK,SUPPLIES AND MATL,LANDSCAPING SUPPLIES,operating,FY2026,6,1226.0,0,1226.0,2026-06-10,https://townofmarblehead-ma-ob.budget.socrata.com/#!/year/2026
BUDGETED ANNUAL FUNDS,GENERAL FUND - TAX ARTICLES,FINANCE,ART 10 2022 LEASE PURCHASE,CAPITAL,PUBLIC SAFETY EQUIPMENT,operating,FY2026,6,1225.6,0,1225.6,2026-06-10,https://townofmarblehead-ma-ob.budget.socrata.com/#!/year/2026
BUDGETED ANNUAL FUNDS,GENERAL FUND - TOWN,ELECTION & REGISTRATION,EXPENSES,CONTRACTED SERVICES,R&M OTHER EQUIPMENT,operating,FY2026,6,1225.0,5600.0,1225.0,2026-06-10,https://townofmarblehead-ma-ob.budget.socrata.com/#!/year/2026
BUDGETED ANNUAL FUNDS,GENERAL FUND - SCHOOL,GLOVER SCHOOL,UNDEFINED,SUPPLIES AND MATL,TESTING SUPPLIES,operating,FY2026,6,1224.0,0,1224.0,2026-06-10,https://townofmarblehead-ma-ob.budget.socrata.com/#!/year/2026
BUDGETED ANNUAL FUNDS,GENERAL FUND - TOWN,FIRE,EXPENSES,SUPPLIES AND MATL,COMPUTER SUPPLIES,operating,FY2026,6,1212.0,82.78,1212.0,2026-06-10,https://townofmarblehead-ma-ob.budget.socrata.com/#!/year/2026
BUDGETED ANNUAL FUNDS,GENERAL FUND - TOWN,POLICE,SALARIES,PROFESSIONAL SALARY,JUVENILE OFFICER,operating,FY2026,6,1200.0,741.47,1200.0,2026-06-10,https://townofmarblehead-ma-ob.budget.socrata.com/#!/year/2026
BUDGETED ANNUAL FUNDS,GENERAL FUND - TOWN,SELECT BOARD,SALARIES,PROFESSIONAL SALARY,LONGEVITY,operating,FY2026,6,1200.0,1200.0,1200.0,2026-06-10,https://townofmarblehead-ma-ob.budget.socrata.com/#!/year/2026
BUDGETED ANNUAL FUNDS,GENERAL FUND - TOWN,SELECT BOARD,EXPENSES,SUPPLIES AND MATL,PRINTING/FORMS,operating,FY2026,6,1200.0,0,1200.0,2026-06-10,https://townofmarblehead-ma-ob.budget.socrata.com/#!/year/2026
BUDGETED ANNUAL FUNDS,GENERAL FUND - TOWN,BUILDING INSPECTION,EXPENSES,SUPPLIES AND MATL,BOOKS,operating,FY2026,6,1200.0,0,1200.0,2026-06-10,https://townofmarblehead-ma-ob.budget.socrata.com/#!/year/2026
BUDGETED ANNUAL FUNDS,GENERAL FUND - TOWN,BUILDING INSPECTION,EXPENSES,SUPPLIES AND MATL,GASOLINE UNLEADED,operating,FY2026,6,1200.0,2278.96,1200.0,2026-06-10,https://townofmarblehead-ma-ob.budget.socrata.com/#!/year/2026
BUDGETED ANNUAL FUNDS,GENERAL FUND - TOWN,ASSESSORS,EXPENSES,CONTRACTED SERVICES,POSTAGE,operating,FY2026,6,1200.0,710.08,1200.0,2026-06-10,https://townofmarblehead-ma-ob.budget.socrata.com/#!/year/2026
BUDGETED ANNUAL FUNDS,GENERAL FUND - TOWN,HEALTH,EXPENSES,CONTRACTED SERVICES,ADVERTISING,operating,FY2026,6,1200.0,346.17,1200.0,2026-06-10,https://townofmarblehead-ma-ob.budget.socrata.com/#!/year/2026
BUDGETED ANNUAL FUNDS,SEWER ENTERPRISE OPERATING,SEWER,EXPENSES,CONTRACTED SERVICES,MEDICAL/DOCTOR SERVICES,operating,FY2026,6,1200.0,550.0,1200.0,2026-06-10,https://townofmarblehead-ma-ob.budget.socrata.com/#!/year/2026
BUDGETED ANNUAL FUNDS,SEWER ENTERPRISE OPERATING,SEWER,EXPENSES,GOVERNMENTAL,TAXES,operating,FY2026,6,1200.0,1497.46,1200.0,2026-06-10,https://townofmarblehead-ma-ob.budget.socrata.com/#!/year/2026
BUDGETED ANNUAL FUNDS,GENERAL FUND - TOWN,COMMUNITY DEVELOP AND PLANNING,SALARIES,PROFESSIONAL SALARY,LONGEVITY,operating,FY2026,6,1175.0,1000.0,1175.0,2026-06-10,https://townofmarblehead-ma-ob.budget.socrata.com/#!/year/2026
OTHER FUNDS,COA BOOK DONATION,COUNCIL ON AGING,UNDEFINED,OFU,BALANCE FORWARD,operating,FY2026,6,1155.57,0,1111.43,2026-06-10,https://townofmarblehead-ma-ob.budget.socrata.com/#!/year/2026
BUDGETED ANNUAL FUNDS,WATER ENTERPRISE OPERATING,WATER,SALARIES,PROFESSIONAL SALARY,OUT OF RANK,operating,FY2026,6,1150.0,1212.56,1150.0,2026-06-10,https://townofmarblehead-ma-ob.budget.socrata.com/#!/year/2026
OTHER FUNDS,FOUNDING OR INC ANNIV (350TH),SELECT BOARD,UNDEFINED,OFU,BALANCE FORWARD,operating,FY2026,6,1142.58,0,1142.58,2026-06-10,https://townofmarblehead-ma-ob.budget.socrata.com/#!/year/2026
OTHER FUNDS,JOHN D HILL(CLASS 1914) SCHOLA,SELECT BOARD,UNDEFINED,OFU,BALANCE FORWARD,operating,FY2026,6,1140.16,0,1124.26,2026-06-10,https://townofmarblehead-ma-ob.budget.socrata.com/#!/year/2026
BUDGETED ANNUAL FUNDS,GENERAL FUND - SCHOOL,BROWN SCHOOL,UNDEFINED,CONTRACTED SERVICES,POSTAGE,operating,FY2026,6,1140.0,200.0,0,2026-06-10,https://townofmarblehead-ma-ob.budget.socrata.com/#!/year/2026
BUDGETED ANNUAL FUNDS,GENERAL FUND - TOWN,HEALTH,SALARIES,PROFESSIONAL SALARY,SICK BONUS ANNUAL,operating,FY2026,6,1125.0,0,1125.0,2026-06-10,https://townofmarblehead-ma-ob.budget.socrata.com/#!/year/2026
OTHER FUNDS,HIGHLANDS DONATION,SELECT BOARD,UNDEFINED,OFU,BALANCE FORWARD,operating,FY2026,6,1112.5,0,1112.5,2026-06-10,https://townofmarblehead-ma-ob.budget.socrata.com/#!/year/2026
OTHER FUNDS,COASTAL ACCESS GRANT,SELECT BOARD,UNDEFINED,OFU,BALANCE FORWARD,operating,FY2026,6,1101.4,0,1101.4,2026-06-10,https://townofmarblehead-ma-ob.budget.socrata.com/#!/year/2026
BUDGETED ANNUAL FUNDS,GENERAL FUND - TOWN,CEMETERY,EXPENSES,CONTRACTED SERVICES,R&M OTHER EQUIPMENT,operating,FY2026,6,1100.0,68.13,1100.0,2026-06-10,https://townofmarblehead-ma-ob.budget.socrata.com/#!/year/2026
OTHER FUNDS,J H & A L ROBINSON SCHOLSHIP,SELECT BOARD,UNDEFINED,OFU,BALANCE FORWARD,operating,FY2026,6,1069.28,0,1054.11,2026-06-10,https://townofmarblehead-ma-ob.budget.socrata.com/#!/year/2026
BUDGETED ANNUAL FUNDS,GENERAL FUND - TOWN,BUILDING INSPECTION,EXPENSES,SUPPLIES AND MATL,UNIFORMS/PROTECTIVE CLOTHING,operating,FY2026,6,1045.0,0,1045.0,2026-06-10,https://townofmarblehead-ma-ob.budget.socrata.com/#!/year/2026
BUDGETED ANNUAL FUNDS,GENERAL FUND - TOWN,POLICE,EXPENSES,CONTRACTED SERVICES,R&M TELEPHONE,operating,FY2026,6,1040.0,3758.81,1040.0,2026-06-10,https://townofmarblehead-ma-ob.budget.socrata.com/#!/year/2026
BUDGETED ANNUAL FUNDS,GENERAL FUND - SCHOOL,BROWN SCHOOL,UNDEFINED,CONTRACTED SERVICES,PROFESSIONAL & TECHNICAL,operating,FY2026,6,1020.0,0,1020.0,2026-06-10,https://townofmarblehead-ma-ob.budget.socrata.com/#!/year/2026
BUDGETED ANNUAL FUNDS,GENERAL FUND - TOWN,FINANCE,EXPENSES,CONTRACTED SERVICES,CELLULAR PHONES,operating,FY2026,6,1019.0,693.66,1019.0,2026-06-10,https://townofmarblehead-ma-ob.budget.socrata.com/#!/year/2026
BUDGETED ANNUAL FUNDS,GENERAL FUND - TOWN,WASTE COLLECTION,EXPENSES,SUPPLIES AND MATL,LANDFILL MAINT SUPPLIES,operating,FY2026,6,1000.0,0,1000.0,2026-06-10,https://townofmarblehead-ma-ob.budget.socrata.com/#!/year/2026
BUDGETED ANNUAL FUNDS,GENERAL FUND - TOWN,SELECT BOARD,SALARIES,PROFESSIONAL SALARY,INDEMNIF OFFICER STIPEND,operating,FY2026,6,1000.0,0,1000.0,2026-06-10,https://townofmarblehead-ma-ob.budget.socrata.com/#!/year/2026
BUDGETED ANNUAL FUNDS,GENERAL FUND - TOWN,SELECT BOARD,EXPENSES,CONTRACTED SERVICES,CELLULAR PHONES,operating,FY2026,6,1000.0,119.71,1000.0,2026-06-10,https://townofmarblehead-ma-ob.budget.socrata.com/#!/year/2026
BUDGETED ANNUAL FUNDS,GENERAL FUND - TOWN,CEMETERY,EXPENSES,CONTRACTED SERVICES,R&M MOTOR VEHICLES,operating,FY2026,6,1000.0,3045.13,1000.0,2026-06-10,https://townofmarblehead-ma-ob.budget.socrata.com/#!/year/2026
BUDGETED ANNUAL FUNDS,GENERAL FUND - TOWN,COMMUNITY DEVELOP AND PLANNING,EXPENSES,CONTRACTED SERVICES,LEGAL NOTICES,operating,FY2026,6,1000.0,64.5,1000.0,2026-06-10,https://townofmarblehead-ma-ob.budget.socrata.com/#!/year/2026
BUDGETED ANNUAL FUNDS,GENERAL FUND - TOWN,ASSESSORS,SALARIES,PROFESSIONAL SALARY,LONGEVITY,operating,FY2026,6,1000.0,0,1000.0,2026-06-10,https://townofmarblehead-ma-ob.budget.socrata.com/#!/year/2026
BUDGETED ANNUAL FUNDS,GENERAL FUND - TOWN,ASSESSORS,SALARIES,PROFESSIONAL SALARY,SICK BONUS ANNUAL,operating,FY2026,6,1000.0,750.0,1000.0,2026-06-10,https://townofmarblehead-ma-ob.budget.socrata.com/#!/year/2026
BUDGETED ANNUAL FUNDS,GENERAL FUND - TOWN,HEALTH,SALARIES,PROFESSIONAL SALARY,IN-SERVICE TRAINING,operating,FY2026,6,1000.0,0,1000.0,2026-06-10,https://townofmarblehead-ma-ob.budget.socrata.com/#!/year/2026
BUDGETED ANNUAL FUNDS,GENERAL FUND - TOWN,HEALTH,EXPENSES,CONTRACTED SERVICES,POSTAGE,operating,FY2026,6,1000.0,1224.92,1000.0,2026-06-10,https://townofmarblehead-ma-ob.budget.socrata.com/#!/year/2026
BUDGETED ANNUAL FUNDS,GENERAL FUND - TOWN,TOWN CLERK,SALARIES,PROFESSIONAL SALARY,INCENTIVE,operating,FY2026,6,1000.0,500.0,1000.0,2026-06-10,https://townofmarblehead-ma-ob.budget.socrata.com/#!/year/2026
BUDGETED ANNUAL FUNDS,GENERAL FUND - TOWN,TOWN CLERK,SALARIES,PROFESSIONAL SALARY,SICK BONUS ANNUAL,operating,FY2026,6,1000.0,0,1000.0,2026-06-10,https://townofmarblehead-ma-ob.budget.socrata.com/#!/year/2026
BUDGETED ANNUAL FUNDS,GENERAL FUND - TOWN,SNOW REMOVAL,EXPENSES,SUPPLIES AND MATL,SAND,operating,FY2026,6,1000.0,597.5,1000.0,2026-06-10,https://townofmarblehead-ma-ob.budget.socrata.com/#!/year/2026
BUDGETED ANNUAL FUNDS,GENERAL FUND - TOWN,SNOW REMOVAL,EXPENSES,SUPPLIES AND MATL,UNIFORMS/PROTECTIVE CLOTHING,operating,FY2026,6,1000.0,0,1000.0,2026-06-10,https://townofmarblehead-ma-ob.budget.socrata.com/#!/year/2026
BUDGETED ANNUAL FUNDS,GENERAL FUND - TOWN,PLANNING BOARD,EXPENSES,CONTRACTED SERVICES,LEGAL NOTICES,operating,FY2026,6,1000.0,0,1000.0,2026-06-10,https://townofmarblehead-ma-ob.budget.socrata.com/#!/year/2026
BUDGETED ANNUAL FUNDS,GENERAL FUND - SCHOOL,DISTRICTWIDE,UNDEFINED,CONTRACTED SERVICES,PROFESSIONAL & TECHNICAL,operating,FY2026,6,1000.0,199.0,17819.0,2026-06-10,https://townofmarblehead-ma-ob.budget.socrata.com/#!/year/2026
BUDGETED ANNUAL FUNDS,WATER ENTERPRISE OPERATING,WATER,SALARIES,PROFESSIONAL SALARY,DER STIPEND,operating,FY2026,6,1000.0,0,1000.0,2026-06-10,https://townofmarblehead-ma-ob.budget.socrata.com/#!/year/2026
BUDGETED ANNUAL FUNDS,WATER ENTERPRISE OPERATING,WATER,EXPENSES,CONTRACTED SERVICES,ADVERTISING,operating,FY2026,6,1000.0,200.0,1000.0,2026-06-10,https://townofmarblehead-ma-ob.budget.socrata.com/#!/year/2026
BUDGETED ANNUAL FUNDS,WATER ENTERPRISE OPERATING,WATER,EXPENSES,CONTRACTED SERVICES,R&M ALARM EQUIPMENT,operating,FY2026,6,1000.0,373.45,1000.0,2026-06-10,https://townofmarblehead-ma-ob.budget.socrata.com/#!/year/2026
BUDGETED ANNUAL FUNDS,WATER ENTERPRISE OPERATING,WATER,EXPENSES,OTHER EXPENSE,OTHER MISC EXPENSE,operating,FY2026,6,1000.0,315.0,1000.0,2026-06-10,https://townofmarblehead-ma-ob.budget.socrata.com/#!/year/2026
BUDGETED ANNUAL FUNDS,SEWER ENTERPRISE OPERATING,SEWER,SALARIES,PROFESSIONAL SALARY,DER STIPEND,operating,FY2026,6,1000.0,0,1000.0,2026-06-10,https://townofmarblehead-ma-ob.budget.socrata.com/#!/year/2026
BUDGETED ANNUAL FUNDS,SEWER ENTERPRISE OPERATING,SEWER,SALARIES,PROFESSIONAL SALARY,OUT OF RANK,operating,FY2026,6,1000.0,21.27,1000.0,2026-06-10,https://townofmarblehead-ma-ob.budget.socrata.com/#!/year/2026
BUDGETED ANNUAL FUNDS,SEWER ENTERPRISE OPERATING,SEWER,EXPENSES,CONTRACTED SERVICES,ADVERTISING,operating,FY2026,6,1000.0,200.0,1000.0,2026-06-10,https://townofmarblehead-ma-ob.budget.socrata.com/#!/year/2026
BUDGETED ANNUAL FUNDS,SEWER ENTERPRISE OPERATING,SEWER,EXPENSES,CONTRACTED SERVICES,LEGAL NOTICES,operating,FY2026,6,1000.0,150.0,1000.0,2026-06-10,https://townofmarblehead-ma-ob.budget.socrata.com/#!/year/2026
BUDGETED ANNUAL FUNDS,SEWER ENTERPRISE OPERATING,SEWER,EXPENSES,SUPPLIES AND MATL,CHEMICALS,operating,FY2026,6,1000.0,0,1000.0,2026-06-10,https://townofmarblehead-ma-ob.budget.socrata.com/#!/year/2026
BUDGETED ANNUAL FUNDS,SEWER ENTERPRISE OPERATING,SEWER,EXPENSES,OTHER EXPENSE,OTHER MISC EXPENSE,operating,FY2026,6,1000.0,1005.56,1000.0,2026-06-10,https://townofmarblehead-ma-ob.budget.socrata.com/#!/year/2026
BUDGETED ANNUAL FUNDS,HARBOR ENTERPRISE OPERATING,HARBOR,EXPENSES,CONTRACTED SERVICES,POSTAGE,operating,FY2026,6,1000.0,826.94,1000.0,2026-06-10,https://townofmarblehead-ma-ob.budget.socrata.com/#!/year/2026
BUDGETED ANNUAL FUNDS,HARBOR ENTERPRISE OPERATING,HARBOR,EXPENSES,CONTRACTED SERVICES,R&M RESTROOMS,operating,FY2026,6,1000.0,3822.53,1000.0,2026-06-10,https://townofmarblehead-ma-ob.budget.socrata.com/#!/year/2026
BUDGETED ANNUAL FUNDS,HARBOR ENTERPRISE OPERATING,HARBOR,EXPENSES,SUPPLIES AND MATL,FLOAT SUPPLIES,operating,FY2026,6,1000.0,134.27,1000.0,2026-06-10,https://townofmarblehead-ma-ob.budget.socrata.com/#!/year/2026
BUDGETED ANNUAL FUNDS,HARBOR ENTERPRISE OPERATING,HARBOR,EXPENSES,SUPPLIES AND MATL,MISC OFFICE SUPPLIES,operating,FY2026,6,1000.0,42.09,1000.0,2026-06-10,https://townofmarblehead-ma-ob.budget.socrata.com/#!/year/2026
OTHER FUNDS,CHUN FAMILY FUND/APLF,ABBOT LIBRARY,UNDEFINED,OFU,BALANCE FORWARD,operating,FY2026,6,1000.0,0,1000.0,2026-06-10,https://townofmarblehead-ma-ob.budget.socrata.com/#!/year/2026
BUDGETED ANNUAL FUNDS,GENERAL FUND - TOWN,CEMETERY,EXPENSES,CONTRACTED SERVICES,WATER/SEWER,operating,FY2026,6,989.0,489.94,989.0,2026-06-10,https://townofmarblehead-ma-ob.budget.socrata.com/#!/year/2026
BUDGETED ANNUAL FUNDS,SEWER ENTERPRISE OPERATING,SEWER,SALARIES,OTHER EXPENSE,LIFE INSURANCE,operating,FY2026,6,982.0,0,982.0,2026-06-10,https://townofmarblehead-ma-ob.budget.socrata.com/#!/year/2026
OTHER FUNDS,ABBOT HALL CLOCK TOWER DONATIO,SELECT BOARD,UNDEFINED,OFU,BALANCE FORWARD,operating,FY2026,6,956.02,0,956.02,2026-06-10,https://townofmarblehead-ma-ob.budget.socrata.com/#!/year/2026
OTHER FUNDS,ORNE RINK DONATION,PARKS & RECREATION,UNDEFINED,OFU,BALANCE FORWARD,operating,FY2026,6,911.68,0,911.68,2026-06-10,https://townofmarblehead-ma-ob.budget.socrata.com/#!/year/2026
BUDGETED ANNUAL FUNDS,GENERAL FUND - SCHOOL,VILLAGE SCHOOL,UNDEFINED,SUPPLIES AND MATL,OFFICE SUPPLIES,operating,FY2026,6,900.0,1201.8,1100.0,2026-06-10,https://townofmarblehead-ma-ob.budget.socrata.com/#!/year/2026
BUDGETED ANNUAL FUNDS,HARBOR ENTERPRISE OPERATING,HARBOR,EXPENSES,CONTRACTED SERVICES,R&M MOTOR VEHICLES,operating,FY2026,6,900.0,1429.86,900.0,2026-06-10,https://townofmarblehead-ma-ob.budget.socrata.com/#!/year/2026
OTHER FUNDS,TREE DONATION FUND,TREE,UNDEFINED,CAPITAL,SITE IMPROVEMENTS,operating,FY2026,6,900.0,9247.0,0,2026-06-10,https://townofmarblehead-ma-ob.budget.socrata.com/#!/year/2026
OTHER FUNDS,B GOODWIN RICHARDSON SCHOLAR,SELECT BOARD,UNDEFINED,OFU,BALANCE FORWARD,operating,FY2026,6,858.61,0,846.07,2026-06-10,https://townofmarblehead-ma-ob.budget.socrata.com/#!/year/2026
OTHER FUNDS,COA COMMUNITY CTR DONATION,COUNCIL ON AGING,UNDEFINED,OFU,BALANCE FORWARD,operating,FY2026,6,855.43,0,855.43,2026-06-10,https://townofmarblehead-ma-ob.budget.socrata.com/#!/year/2026
BUDGETED ANNUAL FUNDS,GENERAL FUND - TOWN,ABBOT LIBRARY,EXPENSES,CONTRACTED SERVICES,OTHER PROF & TECHNICAL,operating,FY2026,6,846.0,346.17,846.0,2026-06-10,https://townofmarblehead-ma-ob.budget.socrata.com/#!/year/2026
BUDGETED ANNUAL FUNDS,GENERAL FUND - TOWN,FIRE,EXPENSES,SUPPLIES AND MATL,FIRE PREVENTION SUPPLIES,operating,FY2026,6,843.0,1086.0,843.0,2026-06-10,https://townofmarblehead-ma-ob.budget.socrata.com/#!/year/2026
BUDGETED ANNUAL FUNDS,GENERAL FUND - TOWN,ABBOT LIBRARY,EXPENSES,OTHER EXPENSE,TUITION REIMBURSEMENT,operating,FY2026,6,825.0,0,825.0,2026-06-10,https://townofmarblehead-ma-ob.budget.socrata.com/#!/year/2026
BUDGETED ANNUAL FUNDS,GENERAL FUND - TOWN,PUBLIC WORKS,EXPENSES,CONTRACTED SERVICES,R&M GAS PUMPS,operating,FY2026,6,800.0,550.0,800.0,2026-06-10,https://townofmarblehead-ma-ob.budget.socrata.com/#!/year/2026
BUDGETED ANNUAL FUNDS,GENERAL FUND - TOWN,PARKS & RECREATION,EXPENSES,SUPPLIES AND MATL,MOTOR OIL & GREASE,operating,FY2026,6,800.0,856.21,800.0,2026-06-10,https://townofmarblehead-ma-ob.budget.socrata.com/#!/year/2026
BUDGETED ANNUAL FUNDS,GENERAL FUND - TOWN,HEALTH,EXPENSES,SUPPLIES AND MATL,PRINTING/FORMS,operating,FY2026,6,800.0,349.66,800.0,2026-06-10,https://townofmarblehead-ma-ob.budget.socrata.com/#!/year/2026
BUDGETED ANNUAL FUNDS,GENERAL FUND - TOWN,HEALTH,EXPENSES,OTHER EXPENSE,DUES,operating,FY2026,6,800.0,150.0,800.0,2026-06-10,https://townofmarblehead-ma-ob.budget.socrata.com/#!/year/2026
BUDGETED ANNUAL FUNDS,SEWER ENTERPRISE OPERATING,SEWER,SALARIES,PROFESSIONAL SALARY,TEMP HEAVY EQUIP OPERATOR,operating,FY2026,6,800.0,0,800.0,2026-06-10,https://townofmarblehead-ma-ob.budget.socrata.com/#!/year/2026
OTHER FUNDS,TEEN CENTER DONATION,PARKS & RECREATION,UNDEFINED,OFU,BALANCE FORWARD,operating,FY2026,6,798.12,0,798.12,2026-06-10,https://townofmarblehead-ma-ob.budget.socrata.com/#!/year/2026
BUDGETED ANNUAL FUNDS,GENERAL FUND - TOWN,TOWN CLERK,EXPENSES,OTHER EXPENSE,IN-STATE TRAVEL,operating,FY2026,6,795.0,0,795.0,2026-06-10,https://townofmarblehead-ma-ob.budget.socrata.com/#!/year/2026
BUDGETED ANNUAL FUNDS,WATER ENTERPRISE OPERATING,WATER,SALARIES,OTHER EXPENSE,LIFE INSURANCE,operating,FY2026,6,791.0,0,791.0,2026-06-10,https://townofmarblehead-ma-ob.budget.socrata.com/#!/year/2026
OTHER FUNDS,HISTORIC COMM GALLERY DONATION,HISTORICAL COMMISSION,UNDEFINED,OFU,BALANCE FORWARD,operating,FY2026,6,789.0,0,789.0,2026-06-10,https://townofmarblehead-ma-ob.budget.socrata.com/#!/year/2026
OTHER FUNDS,WATER CAPITAL ARTICLES,WATER,ART 12 2021 WATER CONSTRUCTION,CAPITAL,WATER IMPROVEMENTS,operating,FY2026,6,783.49,0,783.49,2026-06-10,https://townofmarblehead-ma-ob.budget.socrata.com/#!/year/2026
OTHER FUNDS,RESTITUTIONS,POLICE,UNDEFINED,OFU,BALANCE FORWARD,operating,FY2026,6,782.27,0,782.27,2026-06-10,https://townofmarblehead-ma-ob.budget.socrata.com/#!/year/2026
BUDGETED ANNUAL FUNDS,GENERAL FUND - TOWN,POLICE,EXPENSES,CONTRACTED SERVICES,PSYCHOLOGICAL COUNSELING,operating,FY2026,6,780.0,0,780.0,2026-06-10,https://townofmarblehead-ma-ob.budget.socrata.com/#!/year/2026
OTHER FUNDS,MARTHA E PECKER SCHOLARSHIP,SELECT BOARD,UNDEFINED,OFU,BALANCE FORWARD,operating,FY2026,6,765.12,0,753.22,2026-06-10,https://townofmarblehead-ma-ob.budget.socrata.com/#!/year/2026
BUDGETED ANNUAL FUNDS,GENERAL FUND - TOWN,SELECT BOARD,SALARIES,PROFESSIONAL SALARY,IN-SERVICE TRAINING,operating,FY2026,6,750.0,0,750.0,2026-06-10,https://townofmarblehead-ma-ob.budget.socrata.com/#!/year/2026
BUDGETED ANNUAL FUNDS,GENERAL FUND - TOWN,SELECT BOARD,SALARIES,PROFESSIONAL SALARY,SICK BONUS ANNUAL,operating,FY2026,6,750.0,0,750.0,2026-06-10,https://townofmarblehead-ma-ob.budget.socrata.com/#!/year/2026
BUDGETED ANNUAL FUNDS,GENERAL FUND - TOWN,ASSESSORS,EXPENSES,OTHER EXPENSE,ELECTED OFFICIAL EXPENSES,operating,FY2026,6,750.0,0,750.0,2026-06-10,https://townofmarblehead-ma-ob.budget.socrata.com/#!/year/2026
BUDGETED ANNUAL FUNDS,GENERAL FUND - TOWN,SNOW REMOVAL,EXPENSES,SUPPLIES AND MATL,MISC OTHER SUPPLIES,operating,FY2026,6,750.0,9373.0,750.0,2026-06-10,https://townofmarblehead-ma-ob.budget.socrata.com/#!/year/2026
BUDGETED ANNUAL FUNDS,HARBOR ENTERPRISE OPERATING,HARBOR,EXPENSES,SUPPLIES AND MATL,MISC CUSTODIAL SUPPLIES,operating,FY2026,6,750.0,307.24,750.0,2026-06-10,https://townofmarblehead-ma-ob.budget.socrata.com/#!/year/2026
BUDGETED ANNUAL FUNDS,GENERAL FUND - TOWN,ABBOT LIBRARY,EXPENSES,CONTRACTED SERVICES,POSTAGE,operating,FY2026,6,725.0,383.18,725.0,2026-06-10,https://townofmarblehead-ma-ob.budget.socrata.com/#!/year/2026
BUDGETED ANNUAL FUNDS,GENERAL FUND - SCHOOL,HIGH SCHOOL,UNDEFINED,SUPPLIES AND MATL,OTHER SUPPLIES,operating,FY2026,6,714.0,0,714.0,2026-06-10,https://townofmarblehead-ma-ob.budget.socrata.com/#!/year/2026
BUDGETED ANNUAL FUNDS,GENERAL FUND - TOWN,PARKS & RECREATION,EXPENSES,CONTRACTED SERVICES,CELLULAR PHONES,operating,FY2026,6,700.0,396.43,700.0,2026-06-10,https://townofmarblehead-ma-ob.budget.socrata.com/#!/year/2026
BUDGETED ANNUAL FUNDS,GENERAL FUND - TOWN,PARKS & RECREATION,EXPENSES,CONTRACTED SERVICES,TELEPHONE,operating,FY2026,6,700.0,219.05,700.0,2026-06-10,https://townofmarblehead-ma-ob.budget.socrata.com/#!/year/2026
BUDGETED ANNUAL FUNDS,GENERAL FUND - TOWN,CEMETERY,EXPENSES,SUPPLIES AND MATL,UNIFORMS/PROTECTIVE CLOTHING,operating,FY2026,6,700.0,0,700.0,2026-06-10,https://townofmarblehead-ma-ob.budget.socrata.com/#!/year/2026
BUDGETED ANNUAL FUNDS,GENERAL FUND - TOWN,ELECTION & REGISTRATION,SALARIES,PROFESSIONAL SALARY,REGISTER VOTERS SALARIES,operating,FY2026,6,700.0,0,700.0,2026-06-10,https://townofmarblehead-ma-ob.budget.socrata.com/#!/year/2026
BUDGETED ANNUAL FUNDS,HARBOR ENTERPRISE OPERATING,HARBOR,EXPENSES,CONTRACTED SERVICES,TELEPHONE,operating,FY2026,6,700.0,185.04,700.0,2026-06-10,https://townofmarblehead-ma-ob.budget.socrata.com/#!/year/2026
OTHER FUNDS,POLICE NSDTF GRANT,POLICE,UNDEFINED,OFU,BALANCE FORWARD,operating,FY2026,6,681.84,0,681.84,2026-06-10,https://townofmarblehead-ma-ob.budget.socrata.com/#!/year/2026
OTHER FUNDS,PLEASANT ST CCL MARINER REVIEW,SELECT BOARD,UNDEFINED,OFU,BALANCE FORWARD,operating,FY2026,6,669.84,0,654.33,2026-06-10,https://townofmarblehead-ma-ob.budget.socrata.com/#!/year/2026
BUDGETED ANNUAL FUNDS,HARBOR ENTERPRISE OPERATING,HARBOR,SALARIES,OTHER EXPENSE,LIFE INSURANCE,operating,FY2026,6,653.0,0,653.0,2026-06-10,https://townofmarblehead-ma-ob.budget.socrata.com/#!/year/2026
BUDGETED ANNUAL FUNDS,GENERAL FUND - TAX ARTICLES,POLICE,ART 7 2024 LEASE PURCHASE,CAPITAL,PUBLIC SAFETY EQUIPMENT,operating,FY2026,6,650.21,0,650.21,2026-06-10,https://townofmarblehead-ma-ob.budget.socrata.com/#!/year/2026
BUDGETED ANNUAL FUNDS,GENERAL FUND - TOWN,CEMETERY,EXPENSES,CONTRACTED SERVICES,R&M VEHICLES NON-HIGHWAY,operating,FY2026,6,650.0,135.53,650.0,2026-06-10,https://townofmarblehead-ma-ob.budget.socrata.com/#!/year/2026
BUDGETED ANNUAL FUNDS,GENERAL FUND - TOWN,ELECTION & REGISTRATION,EXPENSES,CONTRACTED SERVICES,RENTAL-BUILDINGS,operating,FY2026,6,650.0,0,650.0,2026-06-10,https://townofmarblehead-ma-ob.budget.socrata.com/#!/year/2026
BUDGETED ANNUAL FUNDS,HARBOR ENTERPRISE OPERATING,HARBOR,EXPENSES,CONTRACTED SERVICES,R&M COMPUTER EQUIPMENT,operating,FY2026,6,650.0,0,650.0,2026-06-10,https://townofmarblehead-ma-ob.budget.socrata.com/#!/year/2026
BUDGETED ANNUAL FUNDS,GENERAL FUND - TOWN,BUILDING INSPECTION,EXPENSES,OTHER EXPENSE,DUES,operating,FY2026,6,627.0,75.0,627.0,2026-06-10,https://townofmarblehead-ma-ob.budget.socrata.com/#!/year/2026
BUDGETED ANNUAL FUNDS,GENERAL FUND - TOWN,POLICE,EXPENSES,SUPPLIES AND MATL,PAPER,operating,FY2026,6,624.0,0,624.0,2026-06-10,https://townofmarblehead-ma-ob.budget.socrata.com/#!/year/2026
OTHER FUNDS,BUNNY PAGE PENNI SCHOLARSHIP,SELECT BOARD,UNDEFINED,OFU,BALANCE FORWARD,operating,FY2026,6,610.72,0,599.92,2026-06-10,https://townofmarblehead-ma-ob.budget.socrata.com/#!/year/2026
BUDGETED ANNUAL FUNDS,GENERAL FUND - TOWN,FIRE,EXPENSES,SUPPLIES AND MATL,BOOKS,operating,FY2026,6,606.0,591.65,606.0,2026-06-10,https://townofmarblehead-ma-ob.budget.socrata.com/#!/year/2026
BUDGETED ANNUAL FUNDS,GENERAL FUND - TOWN,WASTE COLLECTION,EXPENSES,CONTRACTED SERVICES,MEDICAL/DOCTOR SERVICES,operating,FY2026,6,600.0,1542.0,600.0,2026-06-10,https://townofmarblehead-ma-ob.budget.socrata.com/#!/year/2026
BUDGETED ANNUAL FUNDS,GENERAL FUND - TOWN,PUBLIC WORKS,EXPENSES,OTHER EXPENSE,DUES,operating,FY2026,6,600.0,896.0,600.0,2026-06-10,https://townofmarblehead-ma-ob.budget.socrata.com/#!/year/2026
BUDGETED ANNUAL FUNDS,GENERAL FUND - TOWN,CEMETERY,SALARIES,PROFESSIONAL SALARY,OUT OF RANK,operating,FY2026,6,600.0,0,600.0,2026-06-10,https://townofmarblehead-ma-ob.budget.socrata.com/#!/year/2026
BUDGETED ANNUAL FUNDS,GENERAL FUND - TOWN,CEMETERY,EXPENSES,SUPPLIES AND MATL,SAFETY SUPPLIES/EQUIPMENT,operating,FY2026,6,600.0,0,600.0,2026-06-10,https://townofmarblehead-ma-ob.budget.socrata.com/#!/year/2026
BUDGETED ANNUAL FUNDS,GENERAL FUND - TOWN,COMMUNITY DEVELOP AND PLANNING,EXPENSES,CONTRACTED SERVICES,INTERNET ACCESS,operating,FY2026,6,600.0,142.72,600.0,2026-06-10,https://townofmarblehead-ma-ob.budget.socrata.com/#!/year/2026
BUDGETED ANNUAL FUNDS,GENERAL FUND - TOWN,TOWN CLERK,SALARIES,PROFESSIONAL SALARY,VITAL STATISTICS,operating,FY2026,6,600.0,0,600.0,2026-06-10,https://townofmarblehead-ma-ob.budget.socrata.com/#!/year/2026
BUDGETED ANNUAL FUNDS,HARBOR ENTERPRISE OPERATING,HARBOR,EXPENSES,SUPPLIES AND MATL,BOAT SUPPLIES,operating,FY2026,6,600.0,0,600.0,2026-06-10,https://townofmarblehead-ma-ob.budget.socrata.com/#!/year/2026
BUDGETED ANNUAL FUNDS,GENERAL FUND - TOWN,WASTE COLLECTION,SALARIES,PROFESSIONAL SALARY,OUT OF RANK,operating,FY2026,6,588.0,658.63,588.0,2026-06-10,https://townofmarblehead-ma-ob.budget.socrata.com/#!/year/2026
BUDGETED ANNUAL FUNDS,GENERAL FUND - TOWN,POLICE,EXPENSES,CONTRACTED SERVICES,VETERANARY SERVICES,operating,FY2026,6,572.0,215.75,572.0,2026-06-10,https://townofmarblehead-ma-ob.budget.socrata.com/#!/year/2026
BUDGETED ANNUAL FUNDS,GENERAL FUND - TAX ARTICLES,FINANCE,ART 9 2023 PURCH OF EQUIPMENT,CAPITAL,MOTOR VEHICLE,operating,FY2026,6,567.0,0,567.0,2026-06-10,https://townofmarblehead-ma-ob.budget.socrata.com/#!/year/2026
BUDGETED ANNUAL FUNDS,GENERAL FUND - TOWN,CEMETERY,EXPENSES,SUPPLIES AND MATL,DIESEL FUEL,operating,FY2026,6,559.0,982.74,559.0,2026-06-10,https://townofmarblehead-ma-ob.budget.socrata.com/#!/year/2026
BUDGETED ANNUAL FUNDS,HARBOR ENTERPRISE OPERATING,HARBOR,EXPENSES,SUPPLIES AND MATL,SMALL TOOLS,operating,FY2026,6,550.0,294.7,550.0,2026-06-10,https://townofmarblehead-ma-ob.budget.socrata.com/#!/year/2026
OTHER FUNDS,PUBLIC BENCH DONATION FUND,SELECT BOARD,UNDEFINED,OFU,BALANCE FORWARD,operating,FY2026,6,541.71,0,541.71,2026-06-10,https://townofmarblehead-ma-ob.budget.socrata.com/#!/year/2026
OTHER FUNDS,YOUTH MARKSMEN SCHOLARSHIP,SELECT BOARD,UNDEFINED,OFU,BALANCE FORWARD,operating,FY2026,6,540.95,0,533.41,2026-06-10,https://townofmarblehead-ma-ob.budget.socrata.com/#!/year/2026
BUDGETED ANNUAL FUNDS,GENERAL FUND - TOWN,HEALTH,EXPENSES,CONTRACTED SERVICES,R&M COMPUTER EQUIPMENT,operating,FY2026,6,538.0,0,538.0,2026-06-10,https://townofmarblehead-ma-ob.budget.socrata.com/#!/year/2026
BUDGETED ANNUAL FUNDS,GENERAL FUND - TOWN,POLICE,EXPENSES,SUPPLIES AND MATL,PHOTOCOPYING SUPPLIES,operating,FY2026,6,520.0,336.89,520.0,2026-06-10,https://townofmarblehead-ma-ob.budget.socrata.com/#!/year/2026
BUDGETED ANNUAL FUNDS,GENERAL FUND - TOWN,POLICE,EXPENSES,SUPPLIES AND MATL,PRINTING/FORMS,operating,FY2026,6,520.0,1475.18,520.0,2026-06-10,https://townofmarblehead-ma-ob.budget.socrata.com/#!/year/2026
BUDGETED ANNUAL FUNDS,GENERAL FUND - TOWN,BUILDING INSPECTION,EXPENSES,CONTRACTED SERVICES,POSTAGE,operating,FY2026,6,517.0,57.12,517.0,2026-06-10,https://townofmarblehead-ma-ob.budget.socrata.com/#!/year/2026
OTHER FUNDS,WILLIAM F HATHAWAY SCHOLARSHIP,SELECT BOARD,UNDEFINED,OFU,BALANCE FORWARD,operating,FY2026,6,510.46,0,500.13,2026-06-10,https://townofmarblehead-ma-ob.budget.socrata.com/#!/year/2026
BUDGETED ANNUAL FUNDS,GENERAL FUND - SCHOOL,DISTRICTWIDE,UNDEFINED,SUPPLIES AND MATL,VEHICULAR SUPPLIES,operating,FY2026,6,510.0,1173.13,510.0,2026-06-10,https://townofmarblehead-ma-ob.budget.socrata.com/#!/year/2026
BUDGETED ANNUAL FUNDS,GENERAL FUND - SCHOOL,MIDDLE SCHOOL,UNDEFINED,OTHER EXPENSE,IN-STATE TRAVEL PRINCIPAL,operating,FY2026,6,510.0,0,510.0,2026-06-10,https://townofmarblehead-ma-ob.budget.socrata.com/#!/year/2026
BUDGETED ANNUAL FUNDS,HARBOR ENTERPRISE OPERATING,HARBOR,EXPENSES,CONTRACTED SERVICES,MEDICAL/DOCTOR SERVICES,operating,FY2026,6,510.0,0,510.0,2026-06-10,https://townofmarblehead-ma-ob.budget.socrata.com/#!/year/2026
BUDGETED ANNUAL FUNDS,GENERAL FUND - TOWN,POLICE,SALARIES,PROFESSIONAL SALARY,INSP OFFICER,operating,FY2026,6,500.0,458.71,500.0,2026-06-10,https://townofmarblehead-ma-ob.budget.socrata.com/#!/year/2026
BUDGETED ANNUAL FUNDS,GENERAL FUND - TOWN,POLICE,EXPENSES,CONTRACTED SERVICES,POSTAGE,operating,FY2026,6,500.0,0,500.0,2026-06-10,https://townofmarblehead-ma-ob.budget.socrata.com/#!/year/2026
BUDGETED ANNUAL FUNDS,GENERAL FUND - TOWN,POLICE,EXPENSES,OTHER EXPENSE,OUT-OF-STATE TRAVEL,operating,FY2026,6,500.0,329.85,500.0,2026-06-10,https://townofmarblehead-ma-ob.budget.socrata.com/#!/year/2026
BUDGETED ANNUAL FUNDS,GENERAL FUND - TOWN,WASTE COLLECTION,EXPENSES,CONTRACTED SERVICES,POSTAGE,operating,FY2026,6,500.0,0,500.0,2026-06-10,https://townofmarblehead-ma-ob.budget.socrata.com/#!/year/2026
BUDGETED ANNUAL FUNDS,GENERAL FUND - TOWN,WASTE COLLECTION,EXPENSES,CONTRACTED SERVICES,R&M GAS PUMPS,operating,FY2026,6,500.0,0,500.0,2026-06-10,https://townofmarblehead-ma-ob.budget.socrata.com/#!/year/2026
BUDGETED ANNUAL FUNDS,GENERAL FUND - TOWN,WASTE COLLECTION,EXPENSES,SUPPLIES AND MATL,MOTOR OIL & GREASE,operating,FY2026,6,500.0,0,500.0,2026-06-10,https://townofmarblehead-ma-ob.budget.socrata.com/#!/year/2026
BUDGETED ANNUAL FUNDS,GENERAL FUND - TOWN,WASTE COLLECTION,EXPENSES,SUPPLIES AND MATL,SAFETY SUPPLIES/EQUIPMENT,operating,FY2026,6,500.0,1469.53,500.0,2026-06-10,https://townofmarblehead-ma-ob.budget.socrata.com/#!/year/2026
BUDGETED ANNUAL FUNDS,GENERAL FUND - TOWN,PUBLIC WORKS,PW MAINTAIN STREETS & SIDEWALK,SUPPLIES AND MATL,SMALL TOOLS,operating,FY2026,6,500.0,4495.09,500.0,2026-06-10,https://townofmarblehead-ma-ob.budget.socrata.com/#!/year/2026
BUDGETED ANNUAL FUNDS,GENERAL FUND - TOWN,PARKS & RECREATION,EXPENSES,SUPPLIES AND MATL,PRINTING/FORMS,operating,FY2026,6,500.0,410.0,500.0,2026-06-10,https://townofmarblehead-ma-ob.budget.socrata.com/#!/year/2026
BUDGETED ANNUAL FUNDS,GENERAL FUND - TOWN,PARKS & RECREATION,PARK FACILITY,CONTRACTED SERVICES,TELEPHONE/ALARM,operating,FY2026,6,500.0,248.16,500.0,2026-06-10,https://townofmarblehead-ma-ob.budget.socrata.com/#!/year/2026
BUDGETED ANNUAL FUNDS,GENERAL FUND - TOWN,SELECT BOARD,EXPENSES,SUPPLIES AND MATL,PHOTOCOPYING SUPPLIES,operating,FY2026,6,500.0,0,500.0,2026-06-10,https://townofmarblehead-ma-ob.budget.socrata.com/#!/year/2026
BUDGETED ANNUAL FUNDS,GENERAL FUND - TOWN,CEMETERY,EXPENSES,SUPPLIES AND MATL,SAND,operating,FY2026,6,500.0,454.22,500.0,2026-06-10,https://townofmarblehead-ma-ob.budget.socrata.com/#!/year/2026
BUDGETED ANNUAL FUNDS,GENERAL FUND - TOWN,HUMAN RESOURCES,EXPENSES,OTHER EXPENSE,DUES,operating,FY2026,6,500.0,0,500.0,2026-06-10,https://townofmarblehead-ma-ob.budget.socrata.com/#!/year/2026
BUDGETED ANNUAL FUNDS,GENERAL FUND - TOWN,VETERANS SERVICES,SALARIES,PROFESSIONAL SALARY,SICK BONUS ANNUAL,operating,FY2026,6,500.0,0,500.0,2026-06-10,https://townofmarblehead-ma-ob.budget.socrata.com/#!/year/2026
BUDGETED ANNUAL FUNDS,GENERAL FUND - TOWN,VETERANS SERVICES,EXPENSES,OTHER EXPENSE,IN-STATE TRAVEL,operating,FY2026,6,500.0,250.0,500.0,2026-06-10,https://townofmarblehead-ma-ob.budget.socrata.com/#!/year/2026
BUDGETED ANNUAL FUNDS,GENERAL FUND - TOWN,VETERANS SERVICES,EXPENSES,CONTRACTED SERVICES,TELEPHONE,operating,FY2026,6,500.0,503.86,500.0,2026-06-10,https://townofmarblehead-ma-ob.budget.socrata.com/#!/year/2026
BUDGETED ANNUAL FUNDS,GENERAL FUND - TOWN,SNOW REMOVAL,EXPENSES,SUPPLIES AND MATL,MOTOR OIL & GREASE,operating,FY2026,6,500.0,0,500.0,2026-06-10,https://townofmarblehead-ma-ob.budget.socrata.com/#!/year/2026
BUDGETED ANNUAL FUNDS,GENERAL FUND - TOWN,MEMORIAL & VETERANS DAY,EXPENSES,OTHER EXPENSE,OTHER MISC EXPENSE,operating,FY2026,6,500.0,0,500.0,2026-06-10,https://townofmarblehead-ma-ob.budget.socrata.com/#!/year/2026
BUDGETED ANNUAL FUNDS,WATER ENTERPRISE OPERATING,WATER,EXPENSES,CONTRACTED SERVICES,INFORMATION TECHNOLOGY,operating,FY2026,6,500.0,9719.23,500.0,2026-06-10,https://townofmarblehead-ma-ob.budget.socrata.com/#!/year/2026
BUDGETED ANNUAL FUNDS,WATER ENTERPRISE OPERATING,WATER,EXPENSES,CONTRACTED SERVICES,LEGAL NOTICES,operating,FY2026,6,500.0,0,500.0,2026-06-10,https://townofmarblehead-ma-ob.budget.socrata.com/#!/year/2026
BUDGETED ANNUAL FUNDS,WATER ENTERPRISE OPERATING,WATER,EXPENSES,SUPPLIES AND MATL,CHEMICALS,operating,FY2026,6,500.0,0,500.0,2026-06-10,https://townofmarblehead-ma-ob.budget.socrata.com/#!/year/2026
BUDGETED ANNUAL FUNDS,WATER ENTERPRISE OPERATING,WATER,EXPENSES,OTHER EXPENSE,IN-STATE TRAVEL,operating,FY2026,6,500.0,95.0,500.0,2026-06-10,https://townofmarblehead-ma-ob.budget.socrata.com/#!/year/2026
BUDGETED ANNUAL FUNDS,SEWER ENTERPRISE OPERATING,SEWER,EXPENSES,CONTRACTED SERVICES,TESTING SERVICES,operating,FY2026,6,500.0,0,500.0,2026-06-10,https://townofmarblehead-ma-ob.budget.socrata.com/#!/year/2026
BUDGETED ANNUAL FUNDS,SEWER ENTERPRISE OPERATING,SEWER,EXPENSES,OTHER EXPENSE,IN-STATE TRAVEL,operating,FY2026,6,500.0,0,500.0,2026-06-10,https://townofmarblehead-ma-ob.budget.socrata.com/#!/year/2026
BUDGETED ANNUAL FUNDS,HARBOR ENTERPRISE OPERATING,HARBOR,EXPENSES,CONTRACTED SERVICES,LEGAL NOTICES,operating,FY2026,6,500.0,0,500.0,2026-06-10,https://townofmarblehead-ma-ob.budget.socrata.com/#!/year/2026
BUDGETED ANNUAL FUNDS,HARBOR ENTERPRISE OPERATING,HARBOR,EXPENSES,CONTRACTED SERVICES,R&M OFFICE EQUIPMENT,operating,FY2026,6,500.0,0,500.0,2026-06-10,https://townofmarblehead-ma-ob.budget.socrata.com/#!/year/2026
BUDGETED ANNUAL FUNDS,HARBOR ENTERPRISE OPERATING,HARBOR,EXPENSES,SUPPLIES AND MATL,ELECTRONICS,operating,FY2026,6,500.0,0,500.0,2026-06-10,https://townofmarblehead-ma-ob.budget.socrata.com/#!/year/2026
BUDGETED ANNUAL FUNDS,HARBOR ENTERPRISE OPERATING,HARBOR,EXPENSES,SUPPLIES AND MATL,PRINTING/FORMS,operating,FY2026,6,500.0,383.08,500.0,2026-06-10,https://townofmarblehead-ma-ob.budget.socrata.com/#!/year/2026
BUDGETED ANNUAL FUNDS,HARBOR ENTERPRISE OPERATING,HARBOR,EXPENSES,UNKNOWN,MISC WATERFRONT SUPPLIES,operating,FY2026,6,500.0,0,500.0,2026-06-10,https://townofmarblehead-ma-ob.budget.socrata.com/#!/year/2026
BUDGETED ANNUAL FUNDS,GENERAL FUND - SCHOOL,GLOVER SCHOOL,UNDEFINED,CONTRACTED SERVICES,POSTAGE,operating,FY2026,6,471.0,135.24,0,2026-06-10,https://townofmarblehead-ma-ob.budget.socrata.com/#!/year/2026
BUDGETED ANNUAL FUNDS,GENERAL FUND - TOWN,CEMETERY,EXPENSES,CONTRACTED SERVICES,R&M ALARM EQUIPMENT,operating,FY2026,6,450.0,434.04,450.0,2026-06-10,https://townofmarblehead-ma-ob.budget.socrata.com/#!/year/2026
BUDGETED ANNUAL FUNDS,GENERAL FUND - TOWN,HEALTH,EXPENSES,SUPPLIES AND MATL,MISC OTHER SUPPLIES,operating,FY2026,6,450.0,342.47,450.0,2026-06-10,https://townofmarblehead-ma-ob.budget.socrata.com/#!/year/2026
BUDGETED ANNUAL FUNDS,GENERAL FUND - TOWN,ELECTION & REGISTRATION,SALARIES,PROFESSIONAL SALARY,BOARD OR COMM SALARIES,operating,FY2026,6,450.0,300.0,450.0,2026-06-10,https://townofmarblehead-ma-ob.budget.socrata.com/#!/year/2026
BUDGETED ANNUAL FUNDS,GENERAL FUND - TOWN,CEMETERY,EXPENSES,OTHER EXPENSE,DUES,operating,FY2026,6,440.0,0,440.0,2026-06-10,https://townofmarblehead-ma-ob.budget.socrata.com/#!/year/2026
OTHER FUNDS,PARK COMMUNITY CENTER DONATION,PARKS & RECREATION,UNDEFINED,OFU,BALANCE FORWARD,operating,FY2026,6,426.08,0,426.08,2026-06-10,https://townofmarblehead-ma-ob.budget.socrata.com/#!/year/2026
BUDGETED ANNUAL FUNDS,GENERAL FUND - TAX ARTICLES,POLICE,A9 2022 PURCHASE OF EQUIP,CAPITAL,EQUIPMENT (REPLACEMENT),operating,FY2026,6,420.0,0,420.0,2026-06-10,https://townofmarblehead-ma-ob.budget.socrata.com/#!/year/2026
OTHER FUNDS,AMY E WARE LIBRARY,ABBOT LIBRARY,UNDEFINED,OFU,BALANCE FORWARD,operating,FY2026,6,418.48,0,402.22,2026-06-10,https://townofmarblehead-ma-ob.budget.socrata.com/#!/year/2026
BUDGETED ANNUAL FUNDS,GENERAL FUND - TOWN,POLICE,EXPENSES,SUPPLIES AND MATL,MISC MEDICAL & SURGICAL,operating,FY2026,6,416.0,0,416.0,2026-06-10,https://townofmarblehead-ma-ob.budget.socrata.com/#!/year/2026
BUDGETED ANNUAL FUNDS,GENERAL FUND - TOWN,SNOW REMOVAL,EXPENSES,CONTRACTED SERVICES,R&M RADIO,operating,FY2026,6,410.0,1781.25,410.0,2026-06-10,https://townofmarblehead-ma-ob.budget.socrata.com/#!/year/2026
BUDGETED ANNUAL FUNDS,GENERAL FUND - TOWN,POLICE,SALARIES,PROFESSIONAL SALARY,YVS OFFICER,operating,FY2026,6,400.0,374.56,400.0,2026-06-10,https://townofmarblehead-ma-ob.budget.socrata.com/#!/year/2026
BUDGETED ANNUAL FUNDS,GENERAL FUND - TOWN,FINANCE,EXPENSES,CONTRACTED SERVICES,LEGAL NOTICES,operating,FY2026,6,400.0,0,400.0,2026-06-10,https://townofmarblehead-ma-ob.budget.socrata.com/#!/year/2026
BUDGETED ANNUAL FUNDS,GENERAL FUND - TOWN,PARKS & RECREATION,EXPENSES,CONTRACTED SERVICES,TELEPHONE/ALARM,operating,FY2026,6,400.0,322.1,400.0,2026-06-10,https://townofmarblehead-ma-ob.budget.socrata.com/#!/year/2026
BUDGETED ANNUAL FUNDS,GENERAL FUND - TOWN,CEMETERY,EXPENSES,SUPPLIES AND MATL,MOTOR OIL & GREASE,operating,FY2026,6,400.0,0,400.0,2026-06-10,https://townofmarblehead-ma-ob.budget.socrata.com/#!/year/2026
BUDGETED ANNUAL FUNDS,GENERAL FUND - TOWN,HEALTH,EXPENSES,OTHER EXPENSE,ELECTED OFFICIAL EXPENSES,operating,FY2026,6,400.0,0,400.0,2026-06-10,https://townofmarblehead-ma-ob.budget.socrata.com/#!/year/2026
BUDGETED ANNUAL FUNDS,GENERAL FUND - TOWN,PUBLIC BUILDINGS,EXPENSES,OTHER EXPENSE,IN-STATE TRAVEL,operating,FY2026,6,400.0,81.9,400.0,2026-06-10,https://townofmarblehead-ma-ob.budget.socrata.com/#!/year/2026
BUDGETED ANNUAL FUNDS,GENERAL FUND - TOWN,PARKING CLERK,EXPENSES,CONTRACTED SERVICES,POSTAGE,operating,FY2026,6,400.0,0,400.0,2026-06-10,https://townofmarblehead-ma-ob.budget.socrata.com/#!/year/2026
BUDGETED ANNUAL FUNDS,HARBOR ENTERPRISE OPERATING,HARBOR,EXPENSES,CONTRACTED SERVICES,R&M RADIO,operating,FY2026,6,400.0,113.2,400.0,2026-06-10,https://townofmarblehead-ma-ob.budget.socrata.com/#!/year/2026
OTHER FUNDS,WORKPLACE SAFETY GRANT,PUBLIC WORKS,UNDEFINED,OFU,BALANCE FORWARD,operating,FY2026,6,400.0,0,400.0,2026-06-10,https://townofmarblehead-ma-ob.budget.socrata.com/#!/year/2026
OTHER FUNDS,DUE TO COMMONWEALTH-SALES TAX,HISTORICAL COMMISSION,UNDEFINED,UNDEFINED,EXPENSES,operating,FY2026,6,398.5,0,0,2026-06-10,https://townofmarblehead-ma-ob.budget.socrata.com/#!/year/2026
BUDGETED ANNUAL FUNDS,GENERAL FUND - TOWN,FIRE,EXPENSES,CONTRACTED SERVICES,R&M GAS PUMPS,operating,FY2026,6,379.0,0,379.0,2026-06-10,https://townofmarblehead-ma-ob.budget.socrata.com/#!/year/2026
BUDGETED ANNUAL FUNDS,GENERAL FUND - TOWN,PLANNING BOARD,EXPENSES,CONTRACTED SERVICES,POSTAGE,operating,FY2026,6,375.0,269.14,375.0,2026-06-10,https://townofmarblehead-ma-ob.budget.socrata.com/#!/year/2026
OTHER FUNDS,JOHN G STEVENS SCHOLARSHIP,SELECT BOARD,UNDEFINED,OFU,BALANCE FORWARD,operating,FY2026,6,362.04,0,356.79,2026-06-10,https://townofmarblehead-ma-ob.budget.socrata.com/#!/year/2026
BUDGETED ANNUAL FUNDS,GENERAL FUND - TOWN,CEMETERY,EXPENSES,CONTRACTED SERVICES,INTERNET ACCESS,operating,FY2026,6,360.0,142.72,360.0,2026-06-10,https://townofmarblehead-ma-ob.budget.socrata.com/#!/year/2026
BUDGETED ANNUAL FUNDS,GENERAL FUND - TOWN,FIRE,EXPENSES,CONTRACTED SERVICES,POSTAGE,operating,FY2026,6,354.0,89.83,354.0,2026-06-10,https://townofmarblehead-ma-ob.budget.socrata.com/#!/year/2026
BUDGETED ANNUAL FUNDS,GENERAL FUND - TOWN,WASTE COLLECTION,SALARIES,PROFESSIONAL SALARY,IN-SERVICE TRAINING,operating,FY2026,6,350.0,0,350.0,2026-06-10,https://townofmarblehead-ma-ob.budget.socrata.com/#!/year/2026
BUDGETED ANNUAL FUNDS,GENERAL FUND - TOWN,VETERANS SERVICES,EXPENSES,CONTRACTED SERVICES,POSTAGE,operating,FY2026,6,350.0,0,350.0,2026-06-10,https://townofmarblehead-ma-ob.budget.socrata.com/#!/year/2026
BUDGETED ANNUAL FUNDS,GENERAL FUND - TAX ARTICLES,SELECT BOARD,SELECT BD EXP FY18,CONTRACTED SERVICES,OTHER PROF & TECHNICAL,operating,FY2026,6,336.0,336.0,336.0,2026-06-10,https://townofmarblehead-ma-ob.budget.socrata.com/#!/year/2026
BUDGETED ANNUAL FUNDS,GENERAL FUND - TOWN,POLICE,EXPENSES,OTHER EXPENSE,IN-STATE TRAVEL-TRAINING,operating,FY2026,6,325.0,170.8,325.0,2026-06-10,https://townofmarblehead-ma-ob.budget.socrata.com/#!/year/2026
BUDGETED ANNUAL FUNDS,GENERAL FUND - TOWN,POLICE,EXPENSES,SUPPLIES AND MATL,FOOD & FOOD SVC SUPPLIES,operating,FY2026,6,312.0,233.29,312.0,2026-06-10,https://townofmarblehead-ma-ob.budget.socrata.com/#!/year/2026
BUDGETED ANNUAL FUNDS,GENERAL FUND - TOWN,CEMETERY,EXPENSES,CONTRACTED SERVICES,POSTAGE,operating,FY2026,6,312.0,-158.75,312.0,2026-06-10,https://townofmarblehead-ma-ob.budget.socrata.com/#!/year/2026
BUDGETED ANNUAL FUNDS,GENERAL FUND - TOWN,TOWN CLERK,EXPENSES,CONTRACTED SERVICES,ADVERTISING,operating,FY2026,6,312.0,142.7,312.0,2026-06-10,https://townofmarblehead-ma-ob.budget.socrata.com/#!/year/2026
OTHER FUNDS,SISTER CITY DONATION,SELECT BOARD,UNDEFINED,OFU,BALANCE FORWARD,operating,FY2026,6,307.74,0,307.74,2026-06-10,https://townofmarblehead-ma-ob.budget.socrata.com/#!/year/2026
BUDGETED ANNUAL FUNDS,GENERAL FUND - TOWN,POLICE,SALARIES,PROFESSIONAL SALARY,NARCOTIC OFFICER,operating,FY2026,6,300.0,280.56,300.0,2026-06-10,https://townofmarblehead-ma-ob.budget.socrata.com/#!/year/2026
BUDGETED ANNUAL FUNDS,GENERAL FUND - TOWN,POLICE,EXPENSES,OTHER EXPENSE,IN-STATE TRAVEL,operating,FY2026,6,300.0,73.9,300.0,2026-06-10,https://townofmarblehead-ma-ob.budget.socrata.com/#!/year/2026
BUDGETED ANNUAL FUNDS,GENERAL FUND - TOWN,WASTE COLLECTION,EXPENSES,CONTRACTED SERVICES,WATER/SEWER,operating,FY2026,6,300.0,484.82,300.0,2026-06-10,https://townofmarblehead-ma-ob.budget.socrata.com/#!/year/2026
BUDGETED ANNUAL FUNDS,GENERAL FUND - TOWN,PUBLIC WORKS,EXPENSES,CONTRACTED SERVICES,R&M RADIO,operating,FY2026,6,300.0,6016.5,300.0,2026-06-10,https://townofmarblehead-ma-ob.budget.socrata.com/#!/year/2026
BUDGETED ANNUAL FUNDS,GENERAL FUND - TOWN,FINANCE,EXPENSES,SUPPLIES AND MATL,PHOTOCOPYING SUPPLIES,operating,FY2026,6,300.0,0,300.0,2026-06-10,https://townofmarblehead-ma-ob.budget.socrata.com/#!/year/2026
BUDGETED ANNUAL FUNDS,GENERAL FUND - TOWN,PARKS & RECREATION,EXPENSES,CONTRACTED SERVICES,INTERNET ACCESS,operating,FY2026,6,300.0,142.68,300.0,2026-06-10,https://townofmarblehead-ma-ob.budget.socrata.com/#!/year/2026
BUDGETED ANNUAL FUNDS,GENERAL FUND - TOWN,PARKS & RECREATION,EXPENSES,CONTRACTED SERVICES,LEGAL NOTICES,operating,FY2026,6,300.0,172.0,300.0,2026-06-10,https://townofmarblehead-ma-ob.budget.socrata.com/#!/year/2026
BUDGETED ANNUAL FUNDS,GENERAL FUND - TOWN,CEMETERY,EXPENSES,SUPPLIES AND MATL,GRASS SEED,operating,FY2026,6,300.0,139.0,300.0,2026-06-10,https://townofmarblehead-ma-ob.budget.socrata.com/#!/year/2026
BUDGETED ANNUAL FUNDS,GENERAL FUND - TOWN,CEMETERY,EXPENSES,SUPPLIES AND MATL,MISC CUSTODIAL SUPPLIES,operating,FY2026,6,300.0,195.69,300.0,2026-06-10,https://townofmarblehead-ma-ob.budget.socrata.com/#!/year/2026
BUDGETED ANNUAL FUNDS,GENERAL FUND - TOWN,CEMETERY,EXPENSES,OTHER EXPENSE,ELECTED OFFICIAL EXPENSES,operating,FY2026,6,300.0,0,300.0,2026-06-10,https://townofmarblehead-ma-ob.budget.socrata.com/#!/year/2026
BUDGETED ANNUAL FUNDS,GENERAL FUND - TOWN,ASSESSORS,EXPENSES,SUPPLIES AND MATL,DEEDS,operating,FY2026,6,300.0,0,300.0,2026-06-10,https://townofmarblehead-ma-ob.budget.socrata.com/#!/year/2026
BUDGETED ANNUAL FUNDS,GENERAL FUND - TOWN,TOWN CLERK,EXPENSES,CONTRACTED SERVICES,R&M OFFICE EQUIPMENT,operating,FY2026,6,300.0,530.07,300.0,2026-06-10,https://townofmarblehead-ma-ob.budget.socrata.com/#!/year/2026
BUDGETED ANNUAL FUNDS,GENERAL FUND - TOWN,SNOW REMOVAL,EXPENSES,OTHER EXPENSE,OTHER MISC EXPENSE,operating,FY2026,6,300.0,1000.48,300.0,2026-06-10,https://townofmarblehead-ma-ob.budget.socrata.com/#!/year/2026
BUDGETED ANNUAL FUNDS,GENERAL FUND - TOWN,FINANCE COMMITTEE,EXPENSES,OTHER EXPENSE,DUES,operating,FY2026,6,300.0,312.0,300.0,2026-06-10,https://townofmarblehead-ma-ob.budget.socrata.com/#!/year/2026
BUDGETED ANNUAL FUNDS,GENERAL FUND - TOWN,PLANNING BOARD,EXPENSES,CONTRACTED SERVICES,INTERNET ACCESS,operating,FY2026,6,300.0,87.03,300.0,2026-06-10,https://townofmarblehead-ma-ob.budget.socrata.com/#!/year/2026
BUDGETED ANNUAL FUNDS,WATER ENTERPRISE OPERATING,WATER,EXPENSES,CONTRACTED SERVICES,R&M GAS PUMPS,operating,FY2026,6,300.0,0,300.0,2026-06-10,https://townofmarblehead-ma-ob.budget.socrata.com/#!/year/2026
BUDGETED ANNUAL FUNDS,SEWER ENTERPRISE OPERATING,SEWER,EXPENSES,CONTRACTED SERVICES,R&M GAS PUMPS,operating,FY2026,6,300.0,0,300.0,2026-06-10,https://townofmarblehead-ma-ob.budget.socrata.com/#!/year/2026
BUDGETED ANNUAL FUNDS,HARBOR ENTERPRISE OPERATING,HARBOR,SALARIES,PROFESSIONAL SALARY,IN-SERVICE TRAINING,operating,FY2026,6,300.0,0,300.0,2026-06-10,https://townofmarblehead-ma-ob.budget.socrata.com/#!/year/2026
BUDGETED ANNUAL FUNDS,HARBOR ENTERPRISE OPERATING,HARBOR,EXPENSES,SUPPLIES AND MATL,BOAT SMALL EQUIPMENT,operating,FY2026,6,300.0,0,300.0,2026-06-10,https://townofmarblehead-ma-ob.budget.socrata.com/#!/year/2026
BUDGETED ANNUAL FUNDS,HARBOR ENTERPRISE OPERATING,HARBOR,EXPENSES,OTHER EXPENSE,DUES,operating,FY2026,6,300.0,0,300.0,2026-06-10,https://townofmarblehead-ma-ob.budget.socrata.com/#!/year/2026
OTHER FUNDS,SKIN CANCER DONATION FUND,HEALTH,UNDEFINED,OFU,BALANCE FORWARD,operating,FY2026,6,300.0,0,300.0,2026-06-10,https://townofmarblehead-ma-ob.budget.socrata.com/#!/year/2026
OTHER FUNDS,HOLIDAY DECORATION DONATION,SELECT BOARD,UNDEFINED,SUPPLIES AND MATL,MISC OTHER SUPPLIES,operating,FY2026,6,299.96,0,299.96,2026-06-10,https://townofmarblehead-ma-ob.budget.socrata.com/#!/year/2026
OTHER FUNDS,CAMILLE TERR DEVELOP DONATION,PLANNING BOARD,UNDEFINED,OFU,BALANCE FORWARD,operating,FY2026,6,289.36,0,289.36,2026-06-10,https://townofmarblehead-ma-ob.budget.socrata.com/#!/year/2026
BUDGETED ANNUAL FUNDS,GENERAL FUND - TOWN,BUILDING INSPECTION,EXPENSES,CONTRACTED SERVICES,MEDICAL/DOCTOR SERVICES,operating,FY2026,6,282.0,0,282.0,2026-06-10,https://townofmarblehead-ma-ob.budget.socrata.com/#!/year/2026
BUDGETED ANNUAL FUNDS,GENERAL FUND - TOWN,PUBLIC WORKS,EXPENSES,OTHER EXPENSE,IN-STATE TRAVEL,operating,FY2026,6,280.0,227.59,280.0,2026-06-10,https://townofmarblehead-ma-ob.budget.socrata.com/#!/year/2026
BUDGETED ANNUAL FUNDS,GENERAL FUND - TOWN,ASSESSORS,EXPENSES,CONTRACTED SERVICES,INTERNET ACCESS,operating,FY2026,6,275.0,142.7,275.0,2026-06-10,https://townofmarblehead-ma-ob.budget.socrata.com/#!/year/2026
OTHER FUNDS,LIBRARY EXPENDABLE INCOME,ABBOT LIBRARY,UNDEFINED,OFU,BALANCE FORWARD,operating,FY2026,6,270.15,0,262.33,2026-06-10,https://townofmarblehead-ma-ob.budget.socrata.com/#!/year/2026
BUDGETED ANNUAL FUNDS,GENERAL FUND - TOWN,SELECT BOARD,SALARIES,PROFESSIONAL SALARY,BELL RINGER STIPEND,operating,FY2026,6,270.0,0,270.0,2026-06-10,https://townofmarblehead-ma-ob.budget.socrata.com/#!/year/2026
BUDGETED ANNUAL FUNDS,GENERAL FUND - TOWN,CEMETERY,EXPENSES,OTHER EXPENSE,LICENSE/PERMITS EXPENSE,operating,FY2026,6,270.0,59.0,270.0,2026-06-10,https://townofmarblehead-ma-ob.budget.socrata.com/#!/year/2026
BUDGETED ANNUAL FUNDS,GENERAL FUND - TOWN,PUBLIC BUILDINGS,EXPENSES,CONTRACTED SERVICES,MEDICAL/DOCTOR SERVICES,operating,FY2026,6,270.0,0,270.0,2026-06-10,https://townofmarblehead-ma-ob.budget.socrata.com/#!/year/2026
BUDGETED ANNUAL FUNDS,GENERAL FUND - TOWN,BUILDING INSPECTION,EXPENSES,SUPPLIES AND MATL,MISC OTHER SUPPLIES,operating,FY2026,6,261.0,0,261.0,2026-06-10,https://townofmarblehead-ma-ob.budget.socrata.com/#!/year/2026
BUDGETED ANNUAL FUNDS,GENERAL FUND - TOWN,ABBOT LIBRARY,EXPENSES,OTHER EXPENSE,DUES,operating,FY2026,6,250.0,0,250.0,2026-06-10,https://townofmarblehead-ma-ob.budget.socrata.com/#!/year/2026
BUDGETED ANNUAL FUNDS,GENERAL FUND - TOWN,ABBOT LIBRARY,EXPENSES,OTHER EXPENSE,IN-STATE TRAVEL,operating,FY2026,6,250.0,0,250.0,2026-06-10,https://townofmarblehead-ma-ob.budget.socrata.com/#!/year/2026
BUDGETED ANNUAL FUNDS,GENERAL FUND - TOWN,BUILDING INSPECTION,EXPENSES,CONTRACTED SERVICES,INTERNET ACCESS,operating,FY2026,6,250.0,142.72,250.0,2026-06-10,https://townofmarblehead-ma-ob.budget.socrata.com/#!/year/2026
BUDGETED ANNUAL FUNDS,GENERAL FUND - TOWN,SNOW REMOVAL,EXPENSES,SUPPLIES AND MATL,LANDSCAPING SUPPLIES,operating,FY2026,6,250.0,0,250.0,2026-06-10,https://townofmarblehead-ma-ob.budget.socrata.com/#!/year/2026
BUDGETED ANNUAL FUNDS,GENERAL FUND - TOWN,ELECTION & REGISTRATION,EXPENSES,CONTRACTED SERVICES,CONSTABLE,operating,FY2026,6,250.0,1485.0,250.0,2026-06-10,https://townofmarblehead-ma-ob.budget.socrata.com/#!/year/2026
BUDGETED ANNUAL FUNDS,SEWER ENTERPRISE OPERATING,SEWER,EXPENSES,OTHER EXPENSE,DUES,operating,FY2026,6,250.0,0,250.0,2026-06-10,https://townofmarblehead-ma-ob.budget.socrata.com/#!/year/2026
OTHER FUNDS,POLICE DONATION FUND,POLICE,UNDEFINED,OFU,BALANCE FORWARD,operating,FY2026,6,229.73,0,229.73,2026-06-10,https://townofmarblehead-ma-ob.budget.socrata.com/#!/year/2026
OTHER FUNDS,ANIMAL DONATION FUND,ANIMAL CONTROL OFFICER,UNDEFINED,OFU,BALANCE FORWARD,operating,FY2026,6,222.84,0,222.84,2026-06-10,https://townofmarblehead-ma-ob.budget.socrata.com/#!/year/2026
OTHER FUNDS,TREE SURVEY,TREE,UNDEFINED,OFU,BALANCE FORWARD,operating,FY2026,6,218.16,0,218.16,2026-06-10,https://townofmarblehead-ma-ob.budget.socrata.com/#!/year/2026
BUDGETED ANNUAL FUNDS,GENERAL FUND - TOWN,BUILDING INSPECTION,EXPENSES,SUPPLIES AND MATL,SMALL EQUIPMENT,operating,FY2026,6,209.0,9.48,209.0,2026-06-10,https://townofmarblehead-ma-ob.budget.socrata.com/#!/year/2026
BUDGETED ANNUAL FUNDS,GENERAL FUND - TOWN,FIRE,EXPENSES,SUPPLIES AND MATL,EMERG MNGT SUPPLIES,operating,FY2026,6,202.0,0,202.0,2026-06-10,https://townofmarblehead-ma-ob.budget.socrata.com/#!/year/2026
BUDGETED ANNUAL FUNDS,GENERAL FUND - TOWN,FIRE,EXPENSES,OTHER EXPENSE,IN-STATE TRAVEL,operating,FY2026,6,202.0,507.7,202.0,2026-06-10,https://townofmarblehead-ma-ob.budget.socrata.com/#!/year/2026
BUDGETED ANNUAL FUNDS,GENERAL FUND - TOWN,FIRE,EXPENSES,OTHER EXPENSE,OTHER MISC EXPENSE,operating,FY2026,6,202.0,0,202.0,2026-06-10,https://townofmarblehead-ma-ob.budget.socrata.com/#!/year/2026
BUDGETED ANNUAL FUNDS,GENERAL FUND - TOWN,PUBLIC WORKS,EXPENSES,CONTRACTED SERVICES,POSTAGE,operating,FY2026,6,200.0,249.98,200.0,2026-06-10,https://townofmarblehead-ma-ob.budget.socrata.com/#!/year/2026
BUDGETED ANNUAL FUNDS,GENERAL FUND - TOWN,ABBOT LIBRARY,EXPENSES,SUPPLIES AND MATL,MISC OTHER SUPPLIES,operating,FY2026,6,200.0,45.0,200.0,2026-06-10,https://townofmarblehead-ma-ob.budget.socrata.com/#!/year/2026
BUDGETED ANNUAL FUNDS,GENERAL FUND - TOWN,PARKS & RECREATION,EXPENSES,CONTRACTED SERVICES,MEDICAL/DOCTOR SERVICES,operating,FY2026,6,200.0,234.0,200.0,2026-06-10,https://townofmarblehead-ma-ob.budget.socrata.com/#!/year/2026
BUDGETED ANNUAL FUNDS,GENERAL FUND - TOWN,PARKS & RECREATION,EXPENSES,CONTRACTED SERVICES,POSTAGE,operating,FY2026,6,200.0,0,200.0,2026-06-10,https://townofmarblehead-ma-ob.budget.socrata.com/#!/year/2026
BUDGETED ANNUAL FUNDS,GENERAL FUND - TOWN,PARKS & RECREATION,EXPENSES,CONTRACTED SERVICES,R&M GAS PUMPS,operating,FY2026,6,200.0,0,200.0,2026-06-10,https://townofmarblehead-ma-ob.budget.socrata.com/#!/year/2026
BUDGETED ANNUAL FUNDS,GENERAL FUND - TOWN,PARKS & RECREATION,EXPENSES,OTHER EXPENSE,DUES,operating,FY2026,6,200.0,0,200.0,2026-06-10,https://townofmarblehead-ma-ob.budget.socrata.com/#!/year/2026
BUDGETED ANNUAL FUNDS,GENERAL FUND - TOWN,CEMETERY,EXPENSES,CONTRACTED SERVICES,GAS USED FOR HEAT,operating,FY2026,6,200.0,125.0,200.0,2026-06-10,https://townofmarblehead-ma-ob.budget.socrata.com/#!/year/2026
BUDGETED ANNUAL FUNDS,GENERAL FUND - TOWN,COUNCIL ON AGING,EXPENSES,CONTRACTED SERVICES,MEDICAL/DOCTOR SERVICES,operating,FY2026,6,200.0,0,200.0,2026-06-10,https://townofmarblehead-ma-ob.budget.socrata.com/#!/year/2026
BUDGETED ANNUAL FUNDS,GENERAL FUND - TOWN,HEALTH,EXPENSES,CONTRACTED SERVICES,LEGAL NOTICES,operating,FY2026,6,200.0,250.0,200.0,2026-06-10,https://townofmarblehead-ma-ob.budget.socrata.com/#!/year/2026
BUDGETED ANNUAL FUNDS,GENERAL FUND - TOWN,PUBLIC BUILDINGS,EXPENSES,SUPPLIES AND MATL,FLAGS,operating,FY2026,6,200.0,200.0,200.0,2026-06-10,https://townofmarblehead-ma-ob.budget.socrata.com/#!/year/2026
BUDGETED ANNUAL FUNDS,GENERAL FUND - TOWN,TOWN CLERK,EXPENSES,CONTRACTED SERVICES,LEGAL NOTICES,operating,FY2026,6,200.0,190.0,200.0,2026-06-10,https://townofmarblehead-ma-ob.budget.socrata.com/#!/year/2026
BUDGETED ANNUAL FUNDS,GENERAL FUND - TOWN,TOWN CLERK,EXPENSES,OTHER EXPENSE,DUES,operating,FY2026,6,200.0,0,200.0,2026-06-10,https://townofmarblehead-ma-ob.budget.socrata.com/#!/year/2026
BUDGETED ANNUAL FUNDS,GENERAL FUND - TOWN,VETERANS SERVICES,EXPENSES,OTHER EXPENSE,DUES,operating,FY2026,6,200.0,0,200.0,2026-06-10,https://townofmarblehead-ma-ob.budget.socrata.com/#!/year/2026
BUDGETED ANNUAL FUNDS,GENERAL FUND - TOWN,VETERANS SERVICES,EXPENSES,SUPPLIES AND MATL,MISC OFFICE SUPPLIES,operating,FY2026,6,200.0,100.0,200.0,2026-06-10,https://townofmarblehead-ma-ob.budget.socrata.com/#!/year/2026
BUDGETED ANNUAL FUNDS,GENERAL FUND - SCHOOL,VILLAGE SCHOOL,UNDEFINED,CONTRACTED SERVICES,POSTAGE,operating,FY2026,6,200.0,0,0,2026-06-10,https://townofmarblehead-ma-ob.budget.socrata.com/#!/year/2026
BUDGETED ANNUAL FUNDS,HARBOR ENTERPRISE OPERATING,HARBOR,EXPENSES,OTHER EXPENSE,OTHER MISC EXPENSE,operating,FY2026,6,200.0,0,200.0,2026-06-10,https://townofmarblehead-ma-ob.budget.socrata.com/#!/year/2026
OTHER FUNDS,WILMONT REDD MEM DONATION,CEMETERY,UNDEFINED,OFU,BALANCE FORWARD,operating,FY2026,6,200.0,0,200.0,2026-06-10,https://townofmarblehead-ma-ob.budget.socrata.com/#!/year/2026
OTHER FUNDS,DUE TO HOUSING-PERMIT DEPOSITS,UNASSIGNED,UNDEFINED,UNDEFINED,EXPENSES,operating,FY2026,6,199.43,0,0,2026-06-10,https://townofmarblehead-ma-ob.budget.socrata.com/#!/year/2026
BUDGETED ANNUAL FUNDS,GENERAL FUND - TOWN,CEMETERY,EXPENSES,CONTRACTED SERVICES,MEDICAL/DOCTOR SERVICES,operating,FY2026,6,190.0,110.0,190.0,2026-06-10,https://townofmarblehead-ma-ob.budget.socrata.com/#!/year/2026
BUDGETED ANNUAL FUNDS,GENERAL FUND - TOWN,ASSESSORS,EXPENSES,CONTRACTED SERVICES,TELEPHONE,operating,FY2026,6,186.12,186.12,0,2026-06-10,https://townofmarblehead-ma-ob.budget.socrata.com/#!/year/2026
OTHER FUNDS,ELIZABETH HOUGHTON DONATION,ABBOT LIBRARY,UNDEFINED,OFU,BALANCE FORWARD,operating,FY2026,6,169.61,0,169.61,2026-06-10,https://townofmarblehead-ma-ob.budget.socrata.com/#!/year/2026
OTHER FUNDS,FED LAW ENFORCEMENT RECOVERIES,POLICE,UNDEFINED,OFU,BALANCE FORWARD,operating,FY2026,6,152.14,0,152.14,2026-06-10,https://townofmarblehead-ma-ob.budget.socrata.com/#!/year/2026
BUDGETED ANNUAL FUNDS,GENERAL FUND - TOWN,WASTE COLLECTION,EXPENSES,SUPPLIES AND MATL,PAPER,operating,FY2026,6,150.0,0,150.0,2026-06-10,https://townofmarblehead-ma-ob.budget.socrata.com/#!/year/2026
BUDGETED ANNUAL FUNDS,GENERAL FUND - TOWN,PARKS & RECREATION,EXPENSES,OTHER EXPENSE,IN-STATE TRAVEL,operating,FY2026,6,150.0,9.7,150.0,2026-06-10,https://townofmarblehead-ma-ob.budget.socrata.com/#!/year/2026
BUDGETED ANNUAL FUNDS,GENERAL FUND - TOWN,HEALTH,EXPENSES,CONTRACTED SERVICES,MEDICAL/DOCTOR SERVICES,operating,FY2026,6,150.0,0,150.0,2026-06-10,https://townofmarblehead-ma-ob.budget.socrata.com/#!/year/2026
BUDGETED ANNUAL FUNDS,GENERAL FUND - TOWN,HEALTH,EXPENSES,CONTRACTED SERVICES,R&M OFFICE EQUIPMENT,operating,FY2026,6,150.0,297.5,150.0,2026-06-10,https://townofmarblehead-ma-ob.budget.socrata.com/#!/year/2026
BUDGETED ANNUAL FUNDS,GENERAL FUND - TOWN,PUBLIC BUILDINGS,EXPENSES,SUPPLIES AND MATL,MISC OFFICE SUPPLIES,operating,FY2026,6,150.0,1947.75,150.0,2026-06-10,https://townofmarblehead-ma-ob.budget.socrata.com/#!/year/2026
BUDGETED ANNUAL FUNDS,GENERAL FUND - TOWN,SNOW REMOVAL,EXPENSES,SUPPLIES AND MATL,GRASS SEED,operating,FY2026,6,150.0,0,150.0,2026-06-10,https://townofmarblehead-ma-ob.budget.socrata.com/#!/year/2026
BUDGETED ANNUAL FUNDS,GENERAL FUND - TOWN,ELECTION & REGISTRATION,EXPENSES,CONTRACTED SERVICES,R&M OFFICE EQUIPMENT,operating,FY2026,6,150.0,0,150.0,2026-06-10,https://townofmarblehead-ma-ob.budget.socrata.com/#!/year/2026
BUDGETED ANNUAL FUNDS,GENERAL FUND - TAX ARTICLES,PARKS & RECREATION,ART 7 2024 LEASE PURCHASE,CAPITAL,MOTOR VEHICLE,operating,FY2026,6,144.26,0,144.26,2026-06-10,https://townofmarblehead-ma-ob.budget.socrata.com/#!/year/2026
BUDGETED ANNUAL FUNDS,GENERAL FUND - TOWN,POLICE,EXPENSES,SUPPLIES AND MATL,DOG FOOD,operating,FY2026,6,104.0,0,104.0,2026-06-10,https://townofmarblehead-ma-ob.budget.socrata.com/#!/year/2026
BUDGETED ANNUAL FUNDS,GENERAL FUND - TOWN,POLICE,EXPENSES,CONTRACTED SERVICES,R&M OFFICE EQUIPMENT,operating,FY2026,6,100.0,15.4,100.0,2026-06-10,https://townofmarblehead-ma-ob.budget.socrata.com/#!/year/2026
BUDGETED ANNUAL FUNDS,GENERAL FUND - TOWN,WASTE COLLECTION,EXPENSES,OTHER EXPENSE,LICENSE/PERMITS EXPENSE,operating,FY2026,6,100.0,1132.5,100.0,2026-06-10,https://townofmarblehead-ma-ob.budget.socrata.com/#!/year/2026
BUDGETED ANNUAL FUNDS,GENERAL FUND - TOWN,PUBLIC WORKS,EXPENSES,SUPPLIES AND MATL,MISC OFFICE SUPPLIES,operating,FY2026,6,100.0,983.55,100.0,2026-06-10,https://townofmarblehead-ma-ob.budget.socrata.com/#!/year/2026
BUDGETED ANNUAL FUNDS,GENERAL FUND - TOWN,ABBOT LIBRARY,EXPENSES,OTHER EXPENSE,IN-STATE LOCAL TRAVEL,operating,FY2026,6,100.0,0,100.0,2026-06-10,https://townofmarblehead-ma-ob.budget.socrata.com/#!/year/2026
BUDGETED ANNUAL FUNDS,GENERAL FUND - TOWN,PARKS & RECREATION,EXPENSES,OTHER EXPENSE,LICENSE/PERMITS EXPENSE,operating,FY2026,6,100.0,0,100.0,2026-06-10,https://townofmarblehead-ma-ob.budget.socrata.com/#!/year/2026
BUDGETED ANNUAL FUNDS,GENERAL FUND - TOWN,HEALTH,EXPENSES,SUPPLIES AND MATL,PAPER,operating,FY2026,6,100.0,0,100.0,2026-06-10,https://townofmarblehead-ma-ob.budget.socrata.com/#!/year/2026
BUDGETED ANNUAL FUNDS,GENERAL FUND - TOWN,PUBLIC BUILDINGS,EXPENSES,SUPPLIES AND MATL,UNIFORMS/PROTECTIVE CLOTHING,operating,FY2026,6,100.0,0,100.0,2026-06-10,https://townofmarblehead-ma-ob.budget.socrata.com/#!/year/2026
BUDGETED ANNUAL FUNDS,GENERAL FUND - TOWN,SNOW REMOVAL,EXPENSES,SUPPLIES AND MATL,SMALL TOOLS,operating,FY2026,6,100.0,42.41,100.0,2026-06-10,https://townofmarblehead-ma-ob.budget.socrata.com/#!/year/2026
BUDGETED ANNUAL FUNDS,GENERAL FUND - TOWN,SNOW REMOVAL,EXPENSES,CONTRACTED SERVICES,ELECTRICITY,operating,FY2026,6,100.0,0,100.0,2026-06-10,https://townofmarblehead-ma-ob.budget.socrata.com/#!/year/2026
BUDGETED ANNUAL FUNDS,GENERAL FUND - TOWN,SNOW REMOVAL,EXPENSES,CONTRACTED SERVICES,LEGAL NOTICES,operating,FY2026,6,100.0,0,100.0,2026-06-10,https://townofmarblehead-ma-ob.budget.socrata.com/#!/year/2026
BUDGETED ANNUAL FUNDS,GENERAL FUND - TOWN,PLANNING BOARD,EXPENSES,SUPPLIES AND MATL,MISC OFFICE SUPPLIES,operating,FY2026,6,100.0,0,100.0,2026-06-10,https://townofmarblehead-ma-ob.budget.socrata.com/#!/year/2026
BUDGETED ANNUAL FUNDS,GENERAL FUND - TOWN,MODERATOR,EXPENSES,OTHER EXPENSE,ELECTED OFFICIAL EXPENSES,operating,FY2026,6,100.0,0,100.0,2026-06-10,https://townofmarblehead-ma-ob.budget.socrata.com/#!/year/2026
BUDGETED ANNUAL FUNDS,WATER ENTERPRISE OPERATING,WATER,EXPENSES,SUPPLIES AND MATL,MISC VEHICULAR SUPPLIES,operating,FY2026,6,100.0,0,100.0,2026-06-10,https://townofmarblehead-ma-ob.budget.socrata.com/#!/year/2026
BUDGETED ANNUAL FUNDS,GENERAL FUND - TAX ARTICLES,HEALTH,A9 2022 PURCHASE OF EQUIP,CAPITAL,MOTOR VEHICLE,operating,FY2026,6,100.0,0,100.0,2026-06-10,https://townofmarblehead-ma-ob.budget.socrata.com/#!/year/2026
OTHER FUNDS,BURIAL HILL HISTORIC GRANT,SELECT BOARD,UNDEFINED,OFU,BALANCE FORWARD,operating,FY2026,6,100.0,0,100.0,2026-06-10,https://townofmarblehead-ma-ob.budget.socrata.com/#!/year/2026
OTHER FUNDS,FANNIE J APPLETON LIBRARY,ABBOT LIBRARY,UNDEFINED,OFU,BALANCE FORWARD,operating,FY2026,6,94.65,0,94.65,2026-06-10,https://townofmarblehead-ma-ob.budget.socrata.com/#!/year/2026
OTHER FUNDS,HARBOR CAPITAL ARTICLES,HARBOR,PORT SECURITY GRANT,CONTRACTED SERVICES,OTHER PROF & TECHNICAL,operating,FY2026,6,88.0,0,88.0,2026-06-10,https://townofmarblehead-ma-ob.budget.socrata.com/#!/year/2026
BUDGETED ANNUAL FUNDS,GENERAL FUND - TOWN,FINANCE COMMITTEE,EXPENSES,OTHER EXPENSE,IN-STATE TRAVEL,operating,FY2026,6,75.0,130.0,75.0,2026-06-10,https://townofmarblehead-ma-ob.budget.socrata.com/#!/year/2026
OTHER FUNDS,ROBERT HUGO MEM DONATION,EDUCATION,UNDEFINED,OFU,BALANCE FORWARD,operating,FY2026,6,70.0,0,0,2026-06-10,https://townofmarblehead-ma-ob.budget.socrata.com/#!/year/2026
OTHER FUNDS,SPIRIT OF MARBLEHEAD DONATION,SELECT BOARD,UNDEFINED,OFU,BALANCE FORWARD,operating,FY2026,6,64.64,0,64.64,2026-06-10,https://townofmarblehead-ma-ob.budget.socrata.com/#!/year/2026
OTHER FUNDS,ARTICLE - WALLS AND FENCES,SELECT BOARD,UNDEFINED,CONTRACTED SERVICES,LEGAL NOTICES,operating,FY2026,6,62.83,0,62.83,2026-06-10,https://townofmarblehead-ma-ob.budget.socrata.com/#!/year/2026
BUDGETED ANNUAL FUNDS,GENERAL FUND - TOWN,CEMETERY,EXPENSES,CONTRACTED SERVICES,R&M GAS PUMPS,operating,FY2026,6,50.0,0,50.0,2026-06-10,https://townofmarblehead-ma-ob.budget.socrata.com/#!/year/2026
BUDGETED ANNUAL FUNDS,GENERAL FUND - TOWN,PUBLIC BUILDINGS,EXPENSES,SUPPLIES AND MATL,DIESEL FUEL,operating,FY2026,6,50.0,0,50.0,2026-06-10,https://townofmarblehead-ma-ob.budget.socrata.com/#!/year/2026
BUDGETED ANNUAL FUNDS,GENERAL FUND - TOWN,PUBLIC BUILDINGS,EXPENSES,SUPPLIES AND MATL,GASOLINE UNLEADED,operating,FY2026,6,50.0,0,50.0,2026-06-10,https://townofmarblehead-ma-ob.budget.socrata.com/#!/year/2026
BUDGETED ANNUAL FUNDS,GENERAL FUND - TOWN,TOWN CLERK,EXPENSES,OTHER EXPENSE,OTHER MISC EXPENSE,operating,FY2026,6,50.0,80731.79,50.0,2026-06-10,https://townofmarblehead-ma-ob.budget.socrata.com/#!/year/2026
BUDGETED ANNUAL FUNDS,GENERAL FUND - TOWN,VETERANS SERVICES,EXPENSES,OTHER EXPENSE,SUBSCRIPTIONS,operating,FY2026,6,50.0,0,50.0,2026-06-10,https://townofmarblehead-ma-ob.budget.socrata.com/#!/year/2026
BUDGETED ANNUAL FUNDS,GENERAL FUND - TOWN,SNOW REMOVAL,EXPENSES,CONTRACTED SERVICES,R&M GAS PUMPS,operating,FY2026,6,50.0,0,50.0,2026-06-10,https://townofmarblehead-ma-ob.budget.socrata.com/#!/year/2026
OTHER FUNDS,SHARED STREETS FY21-PEDESTRI,PUBLIC WORKS,UNDEFINED,OFU,BALANCE FORWARD,operating,FY2026,6,29.71,0,29.71,2026-06-10,https://townofmarblehead-ma-ob.budget.socrata.com/#!/year/2026
OTHER FUNDS,TERCENTENARY FUND,SELECT BOARD,UNDEFINED,OFU,BALANCE FORWARD,operating,FY2026,6,22.47,0,22.47,2026-06-10,https://townofmarblehead-ma-ob.budget.socrata.com/#!/year/2026
OTHER FUNDS,SPED RESERVE FUND INVESTED,EDUCATION,UNDEFINED,OFU,BALANCE FORWARD,operating,FY2026,6,19.61,0,0,2026-06-10,https://townofmarblehead-ma-ob.budget.socrata.com/#!/year/2026
BUDGETED ANNUAL FUNDS,GENERAL FUND - TOWN,FINANCE,SALARIES,PROFESSIONAL SALARY,OUT OF RANK,operating,FY2026,6,12.39,12.39,0,2026-06-10,https://townofmarblehead-ma-ob.budget.socrata.com/#!/year/2026
OTHER FUNDS,NAUGUS AVE CONSULTANT REV,PLANNING BOARD,UNDEFINED,OFU,BALANCE FORWARD,operating,FY2026,6,5.53,0,5.53,2026-06-10,https://townofmarblehead-ma-ob.budget.socrata.com/#!/year/2026
OTHER FUNDS,CONSERVATION DONATION,SELECT BOARD,UNDEFINED,OFU,BALANCE FORWARD,operating,FY2026,6,1.1,0,1.1,2026-06-10,https://townofmarblehead-ma-ob.budget.socrata.com/#!/year/2026
OTHER FUNDS,MARCH 2018 FORT SEWALL SEAWALL,FINANCE,UNDEFINED,OFU,BALANCE FORWARD,operating,FY2026,6,0.73,0,0.73,2026-06-10,https://townofmarblehead-ma-ob.budget.socrata.com/#!/year/2026
BUDGETED ANNUAL FUNDS,GENERAL FUND - TAX ARTICLES,FINANCE,ART 10 2023 LEASE PURCHASE,CAPITAL,PUBLIC WORKS EQUIPMENT,operating,FY2026,6,0.33,0,0.33,2026-06-10,https://townofmarblehead-ma-ob.budget.socrata.com/#!/year/2026
BUDGETED ANNUAL FUNDS,GENERAL FUND - TAX ARTICLES,WASTE COLLECTION,ART 7 2024 LEASE PURCHASE,CAPITAL,MOTOR VEHICLE,operating,FY2026,6,0.09,0,0.09,2026-06-10,https://townofmarblehead-ma-ob.budget.socrata.com/#!/year/2026
OTHER FUNDS,PARK HAMOND CENTER SHORE LEA,PARKS & RECREATION,UNDEFINED,OFU,BALANCE FORWARD,operating,FY2026,6,0.08,0,0.08,2026-06-10,https://townofmarblehead-ma-ob.budget.socrata.com/#!/year/2026
OTHER FUNDS,DESTINATION DEVELOPMENT GRANT,SELECT BOARD,UNDEFINED,OFU,BALANCE FORWARD,operating,FY2026,6,-356.44,0,-356.44,2026-06-10,https://townofmarblehead-ma-ob.budget.socrata.com/#!/year/2026
OTHER FUNDS,PARK PICKLEBALL DONATION,PARKS & RECREATION,UNDEFINED,OFU,BALANCE FORWARD,operating,FY2026,6,-416.56,0,-416.56,2026-06-10,https://townofmarblehead-ma-ob.budget.socrata.com/#!/year/2026
OTHER FUNDS,ESSEX OUTREACH PROGRAM,POLICE,UNDEFINED,PROFESSIONAL SALARY,SUPERIOR OT,operating,FY2026,6,-1189.74,0,-1189.74,2026-06-10,https://townofmarblehead-ma-ob.budget.socrata.com/#!/year/2026
OTHER FUNDS,STATE STREET RESTROOMS,SELECT BOARD,UNDEFINED,OFU,BALANCE FORWARD,operating,FY2026,6,-1240.33,0,-1240.33,2026-06-10,https://townofmarblehead-ma-ob.budget.socrata.com/#!/year/2026
OTHER FUNDS,MARBLEHEAD NECK SURVEY & INV,HISTORICAL COMMISSION,UNDEFINED,OFU,BALANCE FORWARD,operating,FY2026,6,-2500.0,0,-2500.0,2026-06-10,https://townofmarblehead-ma-ob.budget.socrata.com/#!/year/2026
OTHER FUNDS,BULLET PROOF VEST GRANT (FED),POLICE,UNDEFINED,SUPPLIES AND MATL,UNIFORMS/PROTECTIVE CLOTHING,operating,FY2026,6,-4298.09,0,-4298.09,2026-06-10,https://townofmarblehead-ma-ob.budget.socrata.com/#!/year/2026
OTHER FUNDS,FIRE EQUIPMENT GRANT,FIRE,UNDEFINED,OFU,BALANCE FORWARD,operating,FY2026,6,-5665.24,0,-24629.3,2026-06-10,https://townofmarblehead-ma-ob.budget.socrata.com/#!/year/2026
OTHER FUNDS,PLANNING ASSISTANCE GRANT,SELECT BOARD,UNDEFINED,OFU,BALANCE FORWARD,operating,FY2026,6,-6734.39,0,-6734.39,2026-06-10,https://townofmarblehead-ma-ob.budget.socrata.com/#!/year/2026
OTHER FUNDS,REDDS POND STATE EARMARK,SELECT BOARD,UNDEFINED,OFU,BALANCE FORWARD,operating,FY2026,6,-9999.91,0,-9999.91,2026-06-10,https://townofmarblehead-ma-ob.budget.socrata.com/#!/year/2026
OTHER FUNDS,HARBOR PLAN GRANT,SELECT BOARD,UNDEFINED,OFU,BALANCE FORWARD,operating,FY2026,6,-10000.0,0,-10000.0,2026-06-10,https://townofmarblehead-ma-ob.budget.socrata.com/#!/year/2026
OTHER FUNDS,STRENGTHEN CYBERSECURITY (FED),POLICE,UNDEFINED,CONTRACTED SERVICES,OTHER PROF & TECHNICAL,operating,FY2026,6,-20550.0,0,-20550.0,2026-06-10,https://townofmarblehead-ma-ob.budget.socrata.com/#!/year/2026
OTHER FUNDS,JAIL DIVERSION GRANT (FED),POLICE,UNDEFINED,CONTRACTED SERVICES,OTHER PROF & TECHNICAL,operating,FY2026,6,-29916.68,24819.95,-29916.68,2026-06-10,https://townofmarblehead-ma-ob.budget.socrata.com/#!/year/2026
OTHER FUNDS,RAIL TRAIL SHOWCASE GRANT,SELECT BOARD,UNDEFINED,CONTRACTED SERVICES,OTHER PROF & TECHNICAL,operating,FY2026,6,-60000.0,0,-60000.0,2026-06-10,https://townofmarblehead-ma-ob.budget.socrata.com/#!/year/2026
BUDGETED ANNUAL FUNDS,GENERAL FUND - SCHOOL,DISTRICTWIDE,UNDEFINED,OTHER SALARIES,VACATION & RET. PAYOUT-OTHER,operating,FY2026,6,-181649.0,-36281.5,-182000.0,2026-06-10,https://townofmarblehead-ma-ob.budget.socrata.com/#!/year/2026
OTHER FUNDS,COSTAL RESILIENCE (STATE),SELECT BOARD,UNDEFINED,OFU,BALANCE FORWARD,operating,FY2026,6,-210502.0,0,-210502.0,2026-06-10,https://townofmarblehead-ma-ob.budget.socrata.com/#!/year/2026
OTHER FUNDS,WATER LEAD SERVICE GRANT,WATER,UNDEFINED,OFU,BALANCE FORWARD,operating,FY2026,6,-338832.0,0,-338832.0,2026-06-10,https://townofmarblehead-ma-ob.budget.socrata.com/#!/year/2026
OTHER FUNDS,CHAPTER 90,PUBLIC WORKS,UNDEFINED,CAPITAL,HIGHWAY IMPROVEMENTS,operating,FY2026,6,-341950.74,105304.22,-341950.74,2026-06-10,https://townofmarblehead-ma-ob.budget.socrata.com/#!/year/2026
